product_id,avg_score,interaction_count,normalized_count,popularity_score
1001588,5.0,1,0.0,3.5
1002098,3.7142857142857144,14,0.01547619047619048,2.623214285714286
1002482,5.0,1,0.0,3.5
1002524,4.476190476190476,126,0.14880952380952384,3.356547619047619
1002525,4.318181818181818,44,0.051190476190476196,3.0995129870129867
1002527,3.0,1,0.0,2.0999999999999996
1002528,4.304347826086956,23,0.026190476190476195,3.0523291925465834
1002531,4.4,10,0.010714285714285714,3.096071428571429
1002532,4.666666666666667,12,0.013095238095238097,3.286309523809524
1002535,5.0,2,0.0011904761904761906,3.5017857142857145
1002538,3.909090909090909,11,0.011904761904761908,2.754220779220779
1002540,4.464788732394366,71,0.08333333333333334,3.250352112676056
1002542,4.6,20,0.022619047619047622,3.2539285714285713
1002544,4.442764578833693,463,0.55,3.934935205183585
1002545,4.208333333333333,48,0.055952380952380955,3.029761904761904
1002546,3.5,4,0.0035714285714285718,2.455357142857143
1002547,4.340425531914893,94,0.11071428571428572,3.204369300911854
1002548,4.25,8,0.008333333333333335,2.9875
1002629,3.0,1,0.0,2.0999999999999996
1002633,3.0,2,0.0011904761904761906,2.101785714285714
1002634,3.0,2,0.0011904761904761906,2.101785714285714
1002701,3.0,1,0.0,2.0999999999999996
1002906,4.333333333333333,3,0.002380952380952381,3.0369047619047613
1002923,3.0,1,0.0,2.0999999999999996
1002987,5.0,2,0.0011904761904761906,3.5017857142857145
1002995,4.416666666666667,24,0.027380952380952384,3.1327380952380954
1003028,5.0,1,0.0,3.5
1003052,3.0,1,0.0,2.0999999999999996
1003080,3.0,2,0.0011904761904761906,2.101785714285714
1003141,4.090909090909091,11,0.011904761904761908,2.881493506493506
1003304,4.04,50,0.058333333333333334,2.9154999999999998
1003305,3.923076923076923,13,0.014285714285714287,2.767582417582417
1003306,4.4772727272727275,88,0.10357142857142859,3.2894480519480522
1003307,4.0,14,0.01547619047619048,2.8232142857142857
1003308,4.2727272727272725,11,0.011904761904761908,3.0087662337662335
1003309,4.379310344827586,29,0.03333333333333333,3.11551724137931
1003310,4.5,8,0.008333333333333335,3.1625
1003311,4.333333333333333,6,0.005952380952380953,3.0422619047619044
1003312,4.32,50,0.058333333333333334,3.1115
1003316,4.037037037037037,27,0.030952380952380957,2.872354497354497
1003317,3.0,1,0.0,2.0999999999999996
1003318,3.0,1,0.0,2.0999999999999996
1003319,4.409090909090909,44,0.051190476190476196,3.1631493506493507
1003333,4.5,24,0.027380952380952384,3.1910714285714286
1003363,3.6666666666666665,3,0.002380952380952381,2.570238095238095
1003489,4.0,6,0.005952380952380953,2.8089285714285714
1003499,4.333333333333333,3,0.002380952380952381,3.0369047619047613
1003524,3.6666666666666665,3,0.002380952380952381,2.570238095238095
1003532,5.0,1,0.0,3.5
1003705,4.333333333333333,3,0.002380952380952381,3.0369047619047613
1003706,3.6666666666666665,3,0.002380952380952381,2.570238095238095
1003707,3.0,1,0.0,2.0999999999999996
1003711,4.5,4,0.0035714285714285718,3.155357142857143
1003712,4.357142857142857,56,0.0654761904761905,3.148214285714285
1003714,4.411764705882353,17,0.01904761904761905,3.1168067226890757
1003772,5.0,1,0.0,3.5
1003800,4.5,24,0.027380952380952384,3.1910714285714286
1003801,4.142857142857143,7,0.007142857142857144,2.9107142857142856
1003828,4.0,4,0.0035714285714285718,2.805357142857143
1003830,3.0,2,0.0011904761904761906,2.101785714285714
1003869,5.0,2,0.0011904761904761906,3.5017857142857145
1003878,4.0,2,0.0011904761904761906,2.8017857142857143
1003879,4.333333333333333,3,0.002380952380952381,3.0369047619047613
1003883,4.0,2,0.0011904761904761906,2.8017857142857143
1003898,3.0,1,0.0,2.0999999999999996
1003909,3.5,12,0.013095238095238097,2.469642857142857
1003910,3.0,1,0.0,2.0999999999999996
1003911,5.0,1,0.0,3.5
1003921,4.0,4,0.0035714285714285718,2.805357142857143
1003942,4.0,4,0.0035714285714285718,2.805357142857143
1003943,3.5714285714285716,7,0.007142857142857144,2.5107142857142857
1003951,3.0,1,0.0,2.0999999999999996
1003965,4.2,5,0.004761904761904762,2.947142857142857
1003973,3.0,3,0.002380952380952381,2.103571428571428
1003991,3.1666666666666665,12,0.013095238095238097,2.2363095238095236
1004015,4.333333333333333,3,0.002380952380952381,3.0369047619047613
1004016,5.0,3,0.002380952380952381,3.5035714285714286
1004042,4.5,4,0.0035714285714285718,3.155357142857143
1004059,4.0,2,0.0011904761904761906,2.8017857142857143
1004082,5.0,4,0.0035714285714285718,3.505357142857143
1004097,3.0,1,0.0,2.0999999999999996
1004133,5.0,1,0.0,3.5
1004139,5.0,2,0.0011904761904761906,3.5017857142857145
1004147,4.0,2,0.0011904761904761906,2.8017857142857143
1004161,3.8,5,0.004761904761904762,2.667142857142857
1004174,4.2,15,0.01666666666666667,2.965
1004175,4.555555555555555,9,0.009523809523809525,3.203174603174603
1004188,3.0,1,0.0,2.0999999999999996
1004209,4.157894736842105,38,0.04404761904761905,2.976597744360902
1004210,4.4324324324324325,74,0.08690476190476192,3.2330598455598456
1004211,3.9411764705882355,17,0.01904761904761905,2.787394957983193
1004225,4.666666666666667,12,0.013095238095238097,3.286309523809524
1004226,4.404255319148936,141,0.16666666666666669,3.332978723404255
1004227,4.2926829268292686,82,0.09642857142857145,3.149520905923345
1004228,4.0,2,0.0011904761904761906,2.8017857142857143
1004229,4.647058823529412,17,0.01904761904761905,3.2815126050420167
1004230,4.25,8,0.008333333333333335,2.9875
1004231,5.0,1,0.0,3.5
1004232,5.0,2,0.0011904761904761906,3.5017857142857145
1004234,4.6,10,0.010714285714285714,3.2360714285714285
1004236,4.2,5,0.004761904761904762,2.947142857142857
1004237,4.352941176470588,34,0.039285714285714285,3.1059873949579826
1004238,4.777777777777778,9,0.009523809523809525,3.3587301587301583
1004239,4.0,6,0.005952380952380953,2.8089285714285714
1004240,4.2,20,0.022619047619047622,2.9739285714285715
1004241,5.0,4,0.0035714285714285718,3.505357142857143
1004242,3.6666666666666665,9,0.009523809523809525,2.5809523809523807
1004243,4.666666666666667,12,0.013095238095238097,3.286309523809524
1004246,4.487179487179487,39,0.04523809523809524,3.208882783882784
1004247,4.411764705882353,17,0.01904761904761905,3.1168067226890757
1004249,4.502183406113537,229,0.27142857142857146,3.5586712414223327
1004250,4.354838709677419,31,0.03571428571428571,3.1019585253456214
1004252,4.333333333333333,3,0.002380952380952381,3.0369047619047613
1004255,4.0,2,0.0011904761904761906,2.8017857142857143
1004256,4.5,4,0.0035714285714285718,3.155357142857143
1004258,4.534883720930233,43,0.05,3.249418604651163
1004259,4.25,8,0.008333333333333335,2.9875
1004266,4.0,2,0.0011904761904761906,2.8017857142857143
1004284,4.0,2,0.0011904761904761906,2.8017857142857143
1004306,3.0,1,0.0,2.0999999999999996
1004317,3.0,1,0.0,2.0999999999999996
1004321,4.333333333333333,6,0.005952380952380953,3.0422619047619044
1004322,4.2,5,0.004761904761904762,2.947142857142857
1004343,4.125,16,0.01785714285714286,2.914285714285714
1004381,4.333333333333333,3,0.002380952380952381,3.0369047619047613
1004409,3.6666666666666665,3,0.002380952380952381,2.570238095238095
1004411,5.0,2,0.0011904761904761906,3.5017857142857145
1004433,4.428571428571429,7,0.007142857142857144,3.1107142857142858
1004434,4.5,4,0.0035714285714285718,3.155357142857143
1004444,5.0,2,0.0011904761904761906,3.5017857142857145
1004446,4.25,8,0.008333333333333335,2.9875
1004449,4.2,5,0.004761904761904762,2.947142857142857
1004461,5.0,1,0.0,3.5
1004472,5.0,2,0.0011904761904761906,3.5017857142857145
1004495,4.25,16,0.01785714285714286,3.001785714285714
1004496,3.9130434782608696,46,0.053571428571428575,2.819487577639751
1004531,4.5,8,0.008333333333333335,3.1625
1004564,3.0,1,0.0,2.0999999999999996
1004565,4.253968253968254,126,0.14880952380952384,3.200992063492063
1004566,4.09433962264151,53,0.061904761904761914,2.9588948787061997
1004573,3.5,4,0.0035714285714285718,2.455357142857143
1004578,3.6666666666666665,3,0.002380952380952381,2.570238095238095
1004582,3.6666666666666665,3,0.002380952380952381,2.570238095238095
1004627,3.0,1,0.0,2.0999999999999996
1004648,3.857142857142857,7,0.007142857142857144,2.7107142857142854
1004650,4.142857142857143,14,0.01547619047619048,2.9232142857142858
1004653,4.36,25,0.028571428571428574,3.0948571428571428
1004655,3.909090909090909,11,0.011904761904761908,2.754220779220779
1004657,4.333333333333333,3,0.002380952380952381,3.0369047619047613
1004659,4.352112676056338,71,0.08333333333333334,3.1714788732394363
1004661,4.0,2,0.0011904761904761906,2.8017857142857143
1004663,5.0,1,0.0,3.5
1004665,4.555555555555555,18,0.02023809523809524,3.2192460317460316
1004672,4.090909090909091,11,0.011904761904761908,2.881493506493506
1004682,4.25,8,0.008333333333333335,2.9875
1004708,4.076923076923077,78,0.09166666666666667,2.9913461538461537
1004709,4.3076923076923075,52,0.060714285714285714,3.1064560439560434
1004720,4.339805825242719,103,0.12142857142857144,3.2200069348127602
1004723,4.30635838150289,173,0.20476190476190478,3.32159372419488
1004727,3.0,1,0.0,2.0999999999999996
1004739,3.0,2,0.0011904761904761906,2.101785714285714
1004741,4.0,2,0.0011904761904761906,2.8017857142857143
1004743,3.4444444444444446,9,0.009523809523809525,2.425396825396825
1004748,4.054545454545455,55,0.0642857142857143,2.9346103896103894
1004749,4.066666666666666,15,0.01666666666666667,2.871666666666666
1004750,3.896551724137931,29,0.03333333333333333,2.7775862068965513
1004751,3.9411764705882355,17,0.01904761904761905,2.787394957983193
1004754,4.333333333333333,3,0.002380952380952381,3.0369047619047613
1004755,3.0,1,0.0,2.0999999999999996
1004756,4.12,25,0.028571428571428574,2.9268571428571426
1004757,3.857142857142857,21,0.02380952380952381,2.7357142857142853
1004766,4.04,100,0.11785714285714287,3.004785714285714
1004767,4.221719457013575,221,0.2619047619047619,3.3480607627666448
1004768,3.9411764705882355,68,0.07976190476190477,2.8784663865546216
1004771,4.2,5,0.004761904761904762,2.947142857142857
1004774,4.0,2,0.0011904761904761906,2.8017857142857143
1004775,3.857142857142857,7,0.007142857142857144,2.7107142857142854
1004776,5.0,3,0.002380952380952381,3.5035714285714286
1004777,4.0,2,0.0011904761904761906,2.8017857142857143
1004781,4.39622641509434,53,0.061904761904761914,3.170215633423181
1004785,4.375,96,0.11309523809523811,3.232142857142857
1004794,3.8333333333333335,12,0.013095238095238097,2.7029761904761904
1004795,4.555555555555555,9,0.009523809523809525,3.203174603174603
1004802,5.0,1,0.0,3.5
1004808,3.0,1,0.0,2.0999999999999996
1004810,3.6666666666666665,3,0.002380952380952381,2.570238095238095
1004812,5.0,1,0.0,3.5
1004813,4.333333333333333,3,0.002380952380952381,3.0369047619047613
1004814,3.0,1,0.0,2.0999999999999996
1004815,5.0,1,0.0,3.5
1004822,5.0,2,0.0011904761904761906,3.5017857142857145
1004830,5.0,1,0.0,3.5
1004833,4.2,5,0.004761904761904762,2.947142857142857
1004834,4.333333333333333,15,0.01666666666666667,3.0583333333333327
1004835,4.241379310344827,116,0.13690476190476192,3.1743226600985217
1004836,4.333333333333333,456,0.5416666666666667,3.8458333333333328
1004838,4.463035019455253,257,0.3047619047619048,3.5812673707615343
1004839,4.123595505617978,89,0.10476190476190478,3.043659711075441
1004840,4.428571428571429,7,0.007142857142857144,3.1107142857142858
1004843,4.2,5,0.004761904761904762,2.947142857142857
1004845,4.333333333333333,3,0.002380952380952381,3.0369047619047613
1004848,4.166666666666667,12,0.013095238095238097,2.936309523809524
1004849,4.0,6,0.005952380952380953,2.8089285714285714
1004853,3.0,2,0.0011904761904761906,2.101785714285714
1004856,4.28686327077748,373,0.4428571428571429,3.66509000382995
1004857,4.2727272727272725,143,0.16904761904761906,3.2444805194805193
1004858,4.154285714285714,175,0.20714285714285716,3.2187142857142854
1004863,3.8421052631578947,19,0.021428571428571432,2.721616541353383
1004864,4.2,5,0.004761904761904762,2.947142857142857
1004865,5.0,1,0.0,3.5
1004866,4.555555555555555,9,0.009523809523809525,3.203174603174603
1004869,5.0,1,0.0,3.5
1004870,4.170731707317073,164,0.19404761904761908,3.21058362369338
1004871,3.6923076923076925,26,0.029761904761904764,2.629258241758242
1004872,4.142857142857143,42,0.04880952380952381,2.9732142857142856
1004873,4.4520547945205475,73,0.08571428571428573,3.2450097847358115
1004874,4.066666666666666,15,0.01666666666666667,2.871666666666666
1004875,4.25,16,0.01785714285714286,3.001785714285714
1004886,4.420289855072464,138,0.16309523809523813,3.338845755693582
1004887,4.333333333333333,51,0.05952380952380953,3.122619047619047
1004888,4.097560975609756,82,0.09642857142857145,3.0129355400696864
1004893,4.2,5,0.004761904761904762,2.947142857142857
1004901,3.4,5,0.004761904761904762,2.387142857142857
1004903,4.2272727272727275,88,0.10357142857142859,3.114448051948052
1004904,4.304347826086956,46,0.053571428571428575,3.093400621118012
1004905,4.111111111111111,36,0.041666666666666664,2.9402777777777773
1004934,3.6666666666666665,3,0.002380952380952381,2.570238095238095
1004935,3.6666666666666665,6,0.005952380952380953,2.575595238095238
1004937,4.0,4,0.0035714285714285718,2.805357142857143
1004939,4.428571428571429,14,0.01547619047619048,3.123214285714286
1004940,3.909090909090909,11,0.011904761904761908,2.754220779220779
1004944,4.666666666666667,6,0.005952380952380953,3.2755952380952382
1004945,5.0,1,0.0,3.5
1004948,5.0,1,0.0,3.5
1004957,4.45945945945946,37,0.04285714285714286,3.185907335907336
1004958,4.241379310344827,29,0.03333333333333333,3.0189655172413787
1004961,4.27536231884058,69,0.08095238095238097,3.114182194616977
1004965,3.5,4,0.0035714285714285718,2.455357142857143
1004966,4.0,2,0.0011904761904761906,2.8017857142857143
1004975,4.0,16,0.01785714285714286,2.8267857142857142
1004977,4.666666666666667,6,0.005952380952380953,3.2755952380952382
1004978,3.5,8,0.008333333333333335,2.4625
1004980,3.857142857142857,7,0.007142857142857144,2.7107142857142854
1004982,4.333333333333333,3,0.002380952380952381,3.0369047619047613
1004984,5.0,1,0.0,3.5
1004988,3.6666666666666665,3,0.002380952380952381,2.570238095238095
1004990,4.333333333333333,9,0.009523809523809525,3.047619047619047
1004991,4.0,14,0.01547619047619048,2.8232142857142857
1005000,5.0,3,0.002380952380952381,3.5035714285714286
1005001,4.142857142857143,21,0.02380952380952381,2.9357142857142855
1005002,4.2631578947368425,19,0.021428571428571432,3.0163533834586467
1005003,4.386861313868613,137,0.1619047619047619,3.313660062565172
1005004,4.161290322580645,62,0.07261904761904762,3.0218317972350226
1005006,3.8,5,0.004761904761904762,2.667142857142857
1005007,3.814814814814815,27,0.030952380952380957,2.7167989417989413
1005008,3.9545454545454546,44,0.051190476190476196,2.8449675324675323
1005009,3.8181818181818183,22,0.025000000000000005,2.710227272727273
1005011,4.5,8,0.008333333333333335,3.1625
1005014,4.364705882352941,85,0.10000000000000002,3.205294117647058
1005015,4.3061224489795915,49,0.05714285714285715,3.0999999999999996
1005016,4.333333333333333,3,0.002380952380952381,3.0369047619047613
1005017,4.254545454545455,110,0.12976190476190477,3.172824675324675
1005018,4.384615384615385,13,0.014285714285714287,3.090659340659341
1005019,4.0,8,0.008333333333333335,2.8125
1005020,4.333333333333333,6,0.005952380952380953,3.0422619047619044
1005021,4.333333333333333,3,0.002380952380952381,3.0369047619047613
1005022,3.0,2,0.0011904761904761906,2.101785714285714
1005023,4.461538461538462,26,0.029761904761904764,3.1677197802197803
1005052,3.0,2,0.0011904761904761906,2.101785714285714
1005053,4.2,5,0.004761904761904762,2.947142857142857
1005054,3.0,3,0.002380952380952381,2.103571428571428
1005062,4.0,4,0.0035714285714285718,2.805357142857143
1005065,3.0,2,0.0011904761904761906,2.101785714285714
1005067,5.0,3,0.002380952380952381,3.5035714285714286
1005068,5.0,2,0.0011904761904761906,3.5017857142857145
1005069,4.75,16,0.01785714285714286,3.351785714285714
1005070,4.333333333333333,12,0.013095238095238097,3.05297619047619
1005071,4.666666666666667,6,0.005952380952380953,3.2755952380952382
1005072,4.333333333333333,6,0.005952380952380953,3.0422619047619044
1005073,4.555555555555555,9,0.009523809523809525,3.203174603174603
1005074,4.333333333333333,3,0.002380952380952381,3.0369047619047613
1005076,4.2,5,0.004761904761904762,2.947142857142857
1005077,4.555555555555555,9,0.009523809523809525,3.203174603174603
1005078,4.6,10,0.010714285714285714,3.2360714285714285
1005079,4.333333333333333,3,0.002380952380952381,3.0369047619047613
1005080,3.0,1,0.0,2.0999999999999996
1005088,4.0,4,0.0035714285714285718,2.805357142857143
1005089,3.0,2,0.0011904761904761906,2.101785714285714
1005090,5.0,2,0.0011904761904761906,3.5017857142857145
1005091,5.0,2,0.0011904761904761906,3.5017857142857145
1005096,4.666666666666667,12,0.013095238095238097,3.286309523809524
1005097,3.75,8,0.008333333333333335,2.6375
1005098,4.3545454545454545,220,0.26071428571428573,3.4392532467532466
1005099,4.298969072164948,97,0.1142857142857143,3.1807069219440347
1005100,4.357907253269917,841,1.0,4.5505350772889415
1005102,5.0,2,0.0011904761904761906,3.5017857142857145
1005104,4.333333333333333,51,0.05952380952380953,3.122619047619047
1005105,4.289940828402367,169,0.2,3.3029585798816563
1005106,4.513513513513513,37,0.04285714285714286,3.2237451737451734
1005107,4.285714285714286,14,0.01547619047619048,3.0232142857142854
1005108,4.142857142857143,7,0.007142857142857144,2.9107142857142856
1005109,4.181818181818182,22,0.025000000000000005,2.964772727272727
1005110,3.888888888888889,9,0.009523809523809525,2.736507936507936
1005111,3.0,2,0.0011904761904761906,2.101785714285714
1005112,4.0,30,0.034523809523809526,2.851785714285714
1005113,4.538461538461538,13,0.014285714285714287,3.198351648351648
1005114,3.6666666666666665,3,0.002380952380952381,2.570238095238095
1005115,4.459595959595959,396,0.4702380952380953,3.8270743145743142
1005116,4.522935779816514,109,0.1285714285714286,3.3589121887287026
1005117,4.111111111111111,9,0.009523809523809525,2.8920634920634916
1005118,4.4015748031496065,127,0.15000000000000002,3.3061023622047245
1005119,4.290322580645161,31,0.03571428571428571,3.056797235023041
1005121,4.361111111111111,72,0.08452380952380953,3.1795634920634916
1005122,4.534883720930233,43,0.05,3.249418604651163
1005123,4.0,4,0.0035714285714285718,2.805357142857143
1005124,4.3023255813953485,43,0.05,3.086627906976744
1005125,3.5,4,0.0035714285714285718,2.455357142857143
1005126,4.363636363636363,22,0.025000000000000005,3.0920454545454543
1005127,4.0,10,0.010714285714285714,2.8160714285714286
1005128,4.5,4,0.0035714285714285718,3.155357142857143
1005129,4.25,40,0.04642857142857143,3.0446428571428568
1005130,4.333333333333333,18,0.02023809523809524,3.0636904761904757
1005131,3.0,1,0.0,2.0999999999999996
1005132,4.416666666666667,48,0.055952380952380955,3.175595238095238
1005133,4.8,10,0.010714285714285714,3.3760714285714286
1005134,5.0,1,0.0,3.5
1005135,4.3061224489795915,49,0.05714285714285715,3.0999999999999996
1005136,4.25,8,0.008333333333333335,2.9875
1005137,4.294117647058823,17,0.01904761904761905,3.0344537815126045
1005138,4.333333333333333,3,0.002380952380952381,3.0369047619047613
1005139,4.454545454545454,11,0.011904761904761908,3.1360389610389605
1005140,4.294117647058823,17,0.01904761904761905,3.0344537815126045
1005141,4.478260869565218,23,0.026190476190476195,3.174068322981366
1005142,4.0,10,0.010714285714285714,2.8160714285714286
1005143,4.2727272727272725,11,0.011904761904761908,3.0087662337662335
1005144,4.411764705882353,17,0.01904761904761905,3.1168067226890757
1005145,4.2,5,0.004761904761904762,2.947142857142857
1005146,5.0,1,0.0,3.5
1005148,5.0,2,0.0011904761904761906,3.5017857142857145
1005151,4.0,2,0.0011904761904761906,2.8017857142857143
1005155,3.0,2,0.0011904761904761906,2.101785714285714
1005157,5.0,2,0.0011904761904761906,3.5017857142857145
1005158,3.0,1,0.0,2.0999999999999996
1005159,4.148148148148148,54,0.06309523809523811,2.9983465608465605
1005160,4.204301075268817,279,0.330952380952381,3.4394393241167434
1005161,4.0,46,0.053571428571428575,2.8803571428571426
1005162,5.0,3,0.002380952380952381,3.5035714285714286
1005163,4.8,10,0.010714285714285714,3.3760714285714286
1005164,4.0,2,0.0011904761904761906,2.8017857142857143
1005165,3.0,1,0.0,2.0999999999999996
1005166,4.0,2,0.0011904761904761906,2.8017857142857143
1005168,4.425742574257426,101,0.11904761904761907,3.2765912305516265
1005169,4.427609427609427,297,0.3523809523809524,3.6278980278980275
1005171,4.468354430379747,79,0.09285714285714287,3.267133815551537
1005172,3.5,4,0.0035714285714285718,2.455357142857143
1005174,3.0,2,0.0011904761904761906,2.101785714285714
1005176,4.5,4,0.0035714285714285718,3.155357142857143
1005179,4.4,10,0.010714285714285714,3.096071428571429
1005188,4.2,5,0.004761904761904762,2.947142857142857
1005189,3.5,4,0.0035714285714285718,2.455357142857143
1005190,3.8,15,0.01666666666666667,2.6849999999999996
1005191,4.212121212121212,33,0.0380952380952381,3.005627705627705
1005192,3.857142857142857,7,0.007142857142857144,2.7107142857142854
1005193,3.0,2,0.0011904761904761906,2.101785714285714
1005194,4.333333333333333,3,0.002380952380952381,3.0369047619047613
1005195,3.909090909090909,22,0.025000000000000005,2.7738636363636364
1005197,3.0,1,0.0,2.0999999999999996
1005200,4.5,4,0.0035714285714285718,3.155357142857143
1005201,4.25,8,0.008333333333333335,2.9875
1005202,5.0,2,0.0011904761904761906,3.5017857142857145
1005203,4.180327868852459,61,0.07142857142857144,3.0333723653395785
1005204,3.96,25,0.028571428571428574,2.8148571428571425
1005205,4.375886524822695,141,0.16666666666666669,3.3131205673758863
1005206,4.0,8,0.008333333333333335,2.8125
1005210,4.333333333333333,3,0.002380952380952381,3.0369047619047613
1005211,4.325443786982248,169,0.2,3.3278106508875736
1005212,4.41248097412481,657,0.7809523809523811,4.260165253315938
1005213,5.0,1,0.0,3.5
1005215,5.0,1,0.0,3.5
1005216,5.0,1,0.0,3.5
1005217,3.7142857142857144,14,0.01547619047619048,2.623214285714286
1005218,5.0,1,0.0,3.5
1005221,4.076923076923077,13,0.014285714285714287,2.875274725274725
1005223,4.280898876404494,178,0.21071428571428574,3.3127006420545744
1005225,4.247863247863248,117,0.1380952380952381,3.1806471306471304
1005228,5.0,3,0.002380952380952381,3.5035714285714286
1005230,4.2,5,0.004761904761904762,2.947142857142857
1005232,4.0,6,0.005952380952380953,2.8089285714285714
1005233,3.5,4,0.0035714285714285718,2.455357142857143
1005235,4.571428571428571,28,0.03214285714285715,3.2482142857142855
1005236,4.164179104477612,67,0.07857142857142858,3.0327825159914714
1005238,4.286821705426356,129,0.1523809523809524,3.229346622369878
1005239,4.066666666666666,15,0.01666666666666667,2.871666666666666
1005243,5.0,4,0.0035714285714285718,3.505357142857143
1005245,4.2727272727272725,11,0.011904761904761908,3.0087662337662335
1005248,3.0,1,0.0,2.0999999999999996
1005252,4.254901960784314,51,0.05952380952380953,3.0677170868347337
1005253,3.9473684210526314,76,0.0892857142857143,2.8970864661654137
1005256,4.0,10,0.010714285714285714,2.8160714285714286
1005258,5.0,1,0.0,3.5
1005259,4.684210526315789,19,0.021428571428571432,3.3110902255639094
1005261,4.714285714285714,14,0.01547619047619048,3.3232142857142857
1005262,4.0,6,0.005952380952380953,2.8089285714285714
1005263,5.0,3,0.002380952380952381,3.5035714285714286
1005264,4.027777777777778,72,0.08452380952380953,2.9462301587301587
1005265,4.085714285714285,70,0.08214285714285716,2.9832142857142854
1005266,4.285714285714286,14,0.01547619047619048,3.0232142857142854
1005267,4.333333333333333,21,0.02380952380952381,3.0690476190476184
1005269,4.5,8,0.008333333333333335,3.1625
1005273,4.0,4,0.0035714285714285718,2.805357142857143
1005278,3.8,5,0.004761904761904762,2.667142857142857
1005284,4.0588235294117645,17,0.01904761904761905,2.8697478991596634
1005286,3.0,1,0.0,2.0999999999999996
1005287,4.2,30,0.034523809523809526,2.9917857142857143
1005288,3.75,8,0.008333333333333335,2.6375
1200519,3.0,1,0.0,2.0999999999999996
1200947,4.0,16,0.01785714285714286,2.8267857142857142
1200957,3.0,2,0.0011904761904761906,2.101785714285714
1201044,5.0,1,0.0,3.5
1201150,4.0,2,0.0011904761904761906,2.8017857142857143
1201151,5.0,2,0.0011904761904761906,3.5017857142857145
1201193,3.6666666666666665,3,0.002380952380952381,2.570238095238095
1201202,4.142857142857143,7,0.007142857142857144,2.9107142857142856
1201214,5.0,2,0.0011904761904761906,3.5017857142857145
1201231,4.238095238095238,21,0.02380952380952381,3.002380952380952
1201244,4.333333333333333,3,0.002380952380952381,3.0369047619047613
1201254,4.333333333333333,12,0.013095238095238097,3.05297619047619
1201255,3.8333333333333335,12,0.013095238095238097,2.7029761904761904
1201256,4.0,8,0.008333333333333335,2.8125
1201268,4.333333333333333,6,0.005952380952380953,3.0422619047619044
1201295,5.0,3,0.002380952380952381,3.5035714285714286
1201296,5.0,1,0.0,3.5
1201354,5.0,3,0.002380952380952381,3.5035714285714286
1201356,5.0,1,0.0,3.5
1201364,3.6666666666666665,9,0.009523809523809525,2.5809523809523807
1201367,4.666666666666667,6,0.005952380952380953,3.2755952380952382
1201368,4.333333333333333,3,0.002380952380952381,3.0369047619047613
1201371,3.0,2,0.0011904761904761906,2.101785714285714
1201373,5.0,1,0.0,3.5
1201378,3.0,1,0.0,2.0999999999999996
1201381,5.0,2,0.0011904761904761906,3.5017857142857145
1201389,4.555555555555555,9,0.009523809523809525,3.203174603174603
1201395,5.0,2,0.0011904761904761906,3.5017857142857145
1201396,5.0,1,0.0,3.5
1201407,4.083333333333333,24,0.027380952380952384,2.8994047619047616
1201408,3.5,4,0.0035714285714285718,2.455357142857143
1201409,5.0,1,0.0,3.5
1201410,4.333333333333333,12,0.013095238095238097,3.05297619047619
1201412,5.0,1,0.0,3.5
1201413,4.0,2,0.0011904761904761906,2.8017857142857143
1201414,3.0,3,0.002380952380952381,2.103571428571428
1201416,3.6666666666666665,3,0.002380952380952381,2.570238095238095
1201421,3.75,8,0.008333333333333335,2.6375
1201425,4.0,2,0.0011904761904761906,2.8017857142857143
1201426,4.0,4,0.0035714285714285718,2.805357142857143
1201429,3.0,3,0.002380952380952381,2.103571428571428
1201440,5.0,2,0.0011904761904761906,3.5017857142857145
1201446,4.0,2,0.0011904761904761906,2.8017857142857143
1201447,5.0,1,0.0,3.5
1201458,5.0,2,0.0011904761904761906,3.5017857142857145
1201459,5.0,2,0.0011904761904761906,3.5017857142857145
1201460,5.0,2,0.0011904761904761906,3.5017857142857145
1201465,4.024390243902439,41,0.04761904761904762,2.8885017421602788
1201466,4.523809523809524,21,0.02380952380952381,3.202380952380952
1201471,4.666666666666667,6,0.005952380952380953,3.2755952380952382
1201472,4.454545454545454,11,0.011904761904761908,3.1360389610389605
1201473,3.727272727272727,11,0.011904761904761908,2.6269480519480517
1201474,3.8,15,0.01666666666666667,2.6849999999999996
1201488,3.0,1,0.0,2.0999999999999996
1201490,3.6666666666666665,6,0.005952380952380953,2.575595238095238
1201491,4.142857142857143,7,0.007142857142857144,2.9107142857142856
1201492,4.0,8,0.008333333333333335,2.8125
1201495,3.0,2,0.0011904761904761906,2.101785714285714
1201497,3.0,1,0.0,2.0999999999999996
1201499,5.0,3,0.002380952380952381,3.5035714285714286
1201504,3.875,16,0.01785714285714286,2.7392857142857143
1201505,4.127272727272727,55,0.0642857142857143,2.9855194805194802
1201506,4.333333333333333,12,0.013095238095238097,3.05297619047619
1201511,5.0,1,0.0,3.5
1201512,4.6,5,0.004761904761904762,3.227142857142857
1201519,5.0,2,0.0011904761904761906,3.5017857142857145
1201523,4.0,4,0.0035714285714285718,2.805357142857143
1201524,4.333333333333333,18,0.02023809523809524,3.0636904761904757
1201525,4.333333333333333,3,0.002380952380952381,3.0369047619047613
1201526,4.2,40,0.04642857142857143,3.009642857142857
1201527,3.0,1,0.0,2.0999999999999996
1201531,4.0,2,0.0011904761904761906,2.8017857142857143
1201533,3.8,5,0.004761904761904762,2.667142857142857
1201536,3.0,2,0.0011904761904761906,2.101785714285714
1201546,3.0,1,0.0,2.0999999999999996
1201559,3.0,1,0.0,2.0999999999999996
1201561,3.6666666666666665,3,0.002380952380952381,2.570238095238095
1201564,3.962962962962963,27,0.030952380952380957,2.820502645502645
1201565,4.5,8,0.008333333333333335,3.1625
1201566,4.0,16,0.01785714285714286,2.8267857142857142
1201567,4.384615384615385,39,0.04523809523809524,3.1370879120879125
1201570,3.0,1,0.0,2.0999999999999996
1201571,3.0,1,0.0,2.0999999999999996
1201572,3.0,1,0.0,2.0999999999999996
1201573,4.25,8,0.008333333333333335,2.9875
1201575,5.0,2,0.0011904761904761906,3.5017857142857145
1201576,5.0,2,0.0011904761904761906,3.5017857142857145
1201580,3.0,4,0.0035714285714285718,2.1053571428571427
1304297,4.333333333333333,6,0.005952380952380953,3.0422619047619044
1304409,3.5,4,0.0035714285714285718,2.455357142857143
1304410,4.0,2,0.0011904761904761906,2.8017857142857143
1304700,3.0,1,0.0,2.0999999999999996
1304821,3.0,2,0.0011904761904761906,2.101785714285714
1305263,4.333333333333333,3,0.002380952380952381,3.0369047619047613
1305362,4.28,25,0.028571428571428574,3.0388571428571427
1305566,3.962962962962963,27,0.030952380952380957,2.820502645502645
1305567,4.25,8,0.008333333333333335,2.9875
1305667,4.0,2,0.0011904761904761906,2.8017857142857143
1305835,4.0,2,0.0011904761904761906,2.8017857142857143
1305841,5.0,1,0.0,3.5
1305864,5.0,2,0.0011904761904761906,3.5017857142857145
1305946,3.6666666666666665,3,0.002380952380952381,2.570238095238095
1305948,3.0,1,0.0,2.0999999999999996
1305996,4.333333333333333,15,0.01666666666666667,3.0583333333333327
1306148,5.0,1,0.0,3.5
1306169,3.6666666666666665,3,0.002380952380952381,2.570238095238095
1306183,4.0,2,0.0011904761904761906,2.8017857142857143
1306185,5.0,1,0.0,3.5
1306186,5.0,1,0.0,3.5
1306196,3.0,3,0.002380952380952381,2.103571428571428
1306207,3.6666666666666665,3,0.002380952380952381,2.570238095238095
1306256,3.5,12,0.013095238095238097,2.469642857142857
1306266,3.0,2,0.0011904761904761906,2.101785714285714
1306310,4.0,4,0.0035714285714285718,2.805357142857143
1306355,4.333333333333333,6,0.005952380952380953,3.0422619047619044
1306413,4.714285714285714,7,0.007142857142857144,3.3107142857142855
1306492,4.0,4,0.0035714285714285718,2.805357142857143
1306542,3.0,1,0.0,2.0999999999999996
1306547,5.0,1,0.0,3.5
1306608,4.0,2,0.0011904761904761906,2.8017857142857143
1306631,3.0,1,0.0,2.0999999999999996
1306648,4.2,5,0.004761904761904762,2.947142857142857
1306651,3.0,3,0.002380952380952381,2.103571428571428
1306655,3.0,1,0.0,2.0999999999999996
1306659,4.142857142857143,7,0.007142857142857144,2.9107142857142856
1306666,5.0,1,0.0,3.5
1306671,3.0,1,0.0,2.0999999999999996
1306686,4.333333333333333,24,0.027380952380952384,3.0744047619047614
1306708,4.0,2,0.0011904761904761906,2.8017857142857143
1306732,4.384615384615385,13,0.014285714285714287,3.090659340659341
1306747,5.0,2,0.0011904761904761906,3.5017857142857145
1306754,3.7142857142857144,14,0.01547619047619048,2.623214285714286
1306832,3.0,2,0.0011904761904761906,2.101785714285714
1306858,3.0,3,0.002380952380952381,2.103571428571428
1306868,5.0,1,0.0,3.5
1306891,3.727272727272727,11,0.011904761904761908,2.6269480519480517
1306893,4.066666666666666,15,0.01666666666666667,2.871666666666666
1306894,3.769230769230769,13,0.014285714285714287,2.6598901098901098
1306895,3.0,2,0.0011904761904761906,2.101785714285714
1306924,5.0,1,0.0,3.5
1306947,4.333333333333333,3,0.002380952380952381,3.0369047619047613
1306948,3.0,1,0.0,2.0999999999999996
1306949,5.0,2,0.0011904761904761906,3.5017857142857145
1306951,4.333333333333333,3,0.002380952380952381,3.0369047619047613
1306952,5.0,3,0.002380952380952381,3.5035714285714286
1306980,5.0,2,0.0011904761904761906,3.5017857142857145
1306986,3.0,1,0.0,2.0999999999999996
1306987,3.6666666666666665,3,0.002380952380952381,2.570238095238095
1307004,4.0,20,0.022619047619047622,2.8339285714285714
1307005,4.5,4,0.0035714285714285718,3.155357142857143
1307013,3.8,5,0.004761904761904762,2.667142857142857
1307023,5.0,1,0.0,3.5
1307032,5.0,5,0.004761904761904762,3.507142857142857
1307037,5.0,1,0.0,3.5
1307050,4.44,25,0.028571428571428574,3.150857142857143
1307051,5.0,4,0.0035714285714285718,3.505357142857143
1307052,4.5,4,0.0035714285714285718,3.155357142857143
1307053,3.0,1,0.0,2.0999999999999996
1307054,4.379310344827586,29,0.03333333333333333,3.11551724137931
1307056,4.666666666666667,6,0.005952380952380953,3.2755952380952382
1307057,3.0,1,0.0,2.0999999999999996
1307058,4.2,15,0.01666666666666667,2.965
1307059,5.0,3,0.002380952380952381,3.5035714285714286
1307061,4.0,4,0.0035714285714285718,2.805357142857143
1307065,4.0,10,0.010714285714285714,2.8160714285714286
1307067,4.0,22,0.025000000000000005,2.8375
1307069,4.142857142857143,7,0.007142857142857144,2.9107142857142856
1307071,4.176470588235294,17,0.01904761904761905,2.952100840336134
1307072,4.5,8,0.008333333333333335,3.1625
1307073,4.0,2,0.0011904761904761906,2.8017857142857143
1307085,5.0,1,0.0,3.5
1307096,5.0,2,0.0011904761904761906,3.5017857142857145
1307102,5.0,1,0.0,3.5
1307114,5.0,1,0.0,3.5
1307131,5.0,1,0.0,3.5
1307135,4.4,30,0.034523809523809526,3.1317857142857144
1307136,5.0,2,0.0011904761904761906,3.5017857142857145
1307137,4.0,2,0.0011904761904761906,2.8017857142857143
1307139,4.333333333333333,3,0.002380952380952381,3.0369047619047613
1307140,4.5,4,0.0035714285714285718,3.155357142857143
1307142,5.0,1,0.0,3.5
1307146,5.0,1,0.0,3.5
1307151,5.0,1,0.0,3.5
1307155,4.2,5,0.004761904761904762,2.947142857142857
1307156,5.0,3,0.002380952380952381,3.5035714285714286
1307162,3.0,2,0.0011904761904761906,2.101785714285714
1307166,3.6666666666666665,3,0.002380952380952381,2.570238095238095
1307169,5.0,1,0.0,3.5
1307170,3.6666666666666665,3,0.002380952380952381,2.570238095238095
1307177,3.0,1,0.0,2.0999999999999996
1307181,4.2,5,0.004761904761904762,2.947142857142857
1307184,5.0,1,0.0,3.5
1307186,4.5,4,0.0035714285714285718,3.155357142857143
1307187,4.428571428571429,14,0.01547619047619048,3.123214285714286
1307188,5.0,5,0.004761904761904762,3.507142857142857
1307190,3.0,2,0.0011904761904761906,2.101785714285714
1307194,3.0,1,0.0,2.0999999999999996
1307216,3.4,5,0.004761904761904762,2.387142857142857
1307226,3.6666666666666665,3,0.002380952380952381,2.570238095238095
1307229,5.0,2,0.0011904761904761906,3.5017857142857145
1307236,5.0,1,0.0,3.5
1307238,4.2,5,0.004761904761904762,2.947142857142857
1307239,5.0,2,0.0011904761904761906,3.5017857142857145
1307240,5.0,3,0.002380952380952381,3.5035714285714286
1307252,4.0,2,0.0011904761904761906,2.8017857142857143
1307253,5.0,4,0.0035714285714285718,3.505357142857143
1307257,3.8,5,0.004761904761904762,2.667142857142857
1307258,4.333333333333333,3,0.002380952380952381,3.0369047619047613
1307262,5.0,1,0.0,3.5
1307264,5.0,1,0.0,3.5
1307266,3.0,1,0.0,2.0999999999999996
1307273,3.0,1,0.0,2.0999999999999996
1307279,4.142857142857143,14,0.01547619047619048,2.9232142857142858
1307282,5.0,2,0.0011904761904761906,3.5017857142857145
1307293,3.6666666666666665,3,0.002380952380952381,2.570238095238095
1307301,4.333333333333333,3,0.002380952380952381,3.0369047619047613
1307303,3.8,5,0.004761904761904762,2.667142857142857
1307306,5.0,2,0.0011904761904761906,3.5017857142857145
1307307,3.6666666666666665,3,0.002380952380952381,2.570238095238095
1307310,4.157894736842105,19,0.021428571428571432,2.9426691729323307
1307312,3.6666666666666665,6,0.005952380952380953,2.575595238095238
1307313,3.0,1,0.0,2.0999999999999996
1307315,4.333333333333333,3,0.002380952380952381,3.0369047619047613
1307322,4.6,5,0.004761904761904762,3.227142857142857
1307325,5.0,2,0.0011904761904761906,3.5017857142857145
1307327,3.0,1,0.0,2.0999999999999996
1307330,4.0,4,0.0035714285714285718,2.805357142857143
1307331,4.4,10,0.010714285714285714,3.096071428571429
1307332,3.0,1,0.0,2.0999999999999996
1307335,5.0,1,0.0,3.5
1307337,4.0,2,0.0011904761904761906,2.8017857142857143
1307349,3.0,2,0.0011904761904761906,2.101785714285714
1307352,4.03030303030303,33,0.0380952380952381,2.8783549783549778
1307361,4.0,2,0.0011904761904761906,2.8017857142857143
1307365,4.2,5,0.004761904761904762,2.947142857142857
1307370,4.142857142857143,21,0.02380952380952381,2.9357142857142855
1307379,4.636363636363637,11,0.011904761904761908,3.2633116883116884
1307395,3.0,1,0.0,2.0999999999999996
1307397,5.0,1,0.0,3.5
1307398,5.0,1,0.0,3.5
1307401,4.066666666666666,30,0.034523809523809526,2.8984523809523806
1307403,3.8823529411764706,34,0.039285714285714285,2.7765756302521005
1307408,3.0,2,0.0011904761904761906,2.101785714285714
1307410,3.0,1,0.0,2.0999999999999996
1307417,5.0,1,0.0,3.5
1307433,4.0,6,0.005952380952380953,2.8089285714285714
1307436,4.333333333333333,6,0.005952380952380953,3.0422619047619044
1307441,4.0,2,0.0011904761904761906,2.8017857142857143
1307443,3.5714285714285716,7,0.007142857142857144,2.5107142857142857
1307444,4.090909090909091,11,0.011904761904761908,2.881493506493506
1307447,3.0,1,0.0,2.0999999999999996
1307450,4.142857142857143,7,0.007142857142857144,2.9107142857142856
1307458,4.0,4,0.0035714285714285718,2.805357142857143
1307461,3.6666666666666665,6,0.005952380952380953,2.575595238095238
1307478,3.5714285714285716,7,0.007142857142857144,2.5107142857142857
1307480,4.076923076923077,13,0.014285714285714287,2.875274725274725
1307505,5.0,1,0.0,3.5
1307509,3.0,1,0.0,2.0999999999999996
1307520,3.888888888888889,9,0.009523809523809525,2.736507936507936
1307523,3.6666666666666665,3,0.002380952380952381,2.570238095238095
1307526,4.333333333333333,3,0.002380952380952381,3.0369047619047613
1307533,4.333333333333333,3,0.002380952380952381,3.0369047619047613
1307535,4.333333333333333,6,0.005952380952380953,3.0422619047619044
1307538,5.0,1,0.0,3.5
1307542,3.6,10,0.010714285714285714,2.5360714285714288
1307543,3.0,1,0.0,2.0999999999999996
1307544,3.75,8,0.008333333333333335,2.6375
1307545,4.226666666666667,150,0.1773809523809524,3.224738095238095
1307546,3.6666666666666665,6,0.005952380952380953,2.575595238095238
1307550,5.0,1,0.0,3.5
1307552,3.8,10,0.010714285714285714,2.6760714285714284
1307554,4.333333333333333,9,0.009523809523809525,3.047619047619047
1307555,4.171171171171171,111,0.13095238095238096,3.116248391248391
1307558,3.75,8,0.008333333333333335,2.6375
1307560,4.0,2,0.0011904761904761906,2.8017857142857143
1307562,4.0,2,0.0011904761904761906,2.8017857142857143
1307564,3.6666666666666665,6,0.005952380952380953,2.575595238095238
1307565,3.0,1,0.0,2.0999999999999996
1307566,3.9285714285714284,56,0.0654761904761905,2.848214285714285
1307568,4.466666666666667,15,0.01666666666666667,3.1516666666666664
1307571,4.333333333333333,9,0.009523809523809525,3.047619047619047
1307572,4.555555555555555,9,0.009523809523809525,3.203174603174603
1307573,5.0,2,0.0011904761904761906,3.5017857142857145
1307574,4.0,22,0.025000000000000005,2.8375
1307576,3.8,5,0.004761904761904762,2.667142857142857
1307578,3.909090909090909,11,0.011904761904761908,2.754220779220779
1307580,4.0,2,0.0011904761904761906,2.8017857142857143
1307581,5.0,2,0.0011904761904761906,3.5017857142857145
1307582,4.103448275862069,29,0.03333333333333333,2.9224137931034484
1307583,4.071428571428571,28,0.03214285714285715,2.8982142857142854
1307584,4.2,30,0.034523809523809526,2.9917857142857143
1307585,4.6,5,0.004761904761904762,3.227142857142857
1307586,3.6153846153846154,13,0.014285714285714287,2.552197802197802
1307589,3.6,10,0.010714285714285714,2.5360714285714288
1307591,4.5,4,0.0035714285714285718,3.155357142857143
1307593,3.75,8,0.008333333333333335,2.6375
1307594,5.0,1,0.0,3.5
1307596,5.0,1,0.0,3.5
1307598,4.0,2,0.0011904761904761906,2.8017857142857143
1401260,5.0,1,0.0,3.5
1401528,3.0,1,0.0,2.0999999999999996
1401539,5.0,2,0.0011904761904761906,3.5017857142857145
1401557,3.6666666666666665,3,0.002380952380952381,2.570238095238095
1401562,3.0,1,0.0,2.0999999999999996
1401564,3.0,1,0.0,2.0999999999999996
1401566,4.0,2,0.0011904761904761906,2.8017857142857143
1401577,4.333333333333333,3,0.002380952380952381,3.0369047619047613
1401587,3.0,3,0.002380952380952381,2.103571428571428
1401730,5.0,1,0.0,3.5
1401872,4.333333333333333,3,0.002380952380952381,3.0369047619047613
1480000,4.0,2,0.0011904761904761906,2.8017857142857143
1480160,4.333333333333333,3,0.002380952380952381,3.0369047619047613
1480162,3.0,1,0.0,2.0999999999999996
1480171,3.4,5,0.004761904761904762,2.387142857142857
1480207,4.0,2,0.0011904761904761906,2.8017857142857143
1480252,4.0,2,0.0011904761904761906,2.8017857142857143
1480257,4.111111111111111,9,0.009523809523809525,2.8920634920634916
1480423,3.0,2,0.0011904761904761906,2.101785714285714
1480428,4.0,2,0.0011904761904761906,2.8017857142857143
1480473,3.0,1,0.0,2.0999999999999996
1480474,3.0,1,0.0,2.0999999999999996
1480475,5.0,4,0.0035714285714285718,3.505357142857143
1480479,5.0,1,0.0,3.5
1480497,3.0,2,0.0011904761904761906,2.101785714285714
1480536,4.0,2,0.0011904761904761906,2.8017857142857143
1480555,5.0,2,0.0011904761904761906,3.5017857142857145
1480556,4.0,2,0.0011904761904761906,2.8017857142857143
1480557,3.0,2,0.0011904761904761906,2.101785714285714
1480558,4.333333333333333,3,0.002380952380952381,3.0369047619047613
1480611,5.0,1,0.0,3.5
1480615,4.454545454545454,11,0.011904761904761908,3.1360389610389605
1480616,3.5,4,0.0035714285714285718,2.455357142857143
1480624,5.0,2,0.0011904761904761906,3.5017857142857145
1480647,3.923076923076923,13,0.014285714285714287,2.767582417582417
1480649,5.0,2,0.0011904761904761906,3.5017857142857145
1480652,4.0,2,0.0011904761904761906,2.8017857142857143
1480655,4.0,2,0.0011904761904761906,2.8017857142857143
1480673,5.0,1,0.0,3.5
1480682,3.0,1,0.0,2.0999999999999996
1480683,5.0,1,0.0,3.5
1480690,5.0,1,0.0,3.5
1480694,3.0,1,0.0,2.0999999999999996
1480721,3.0,2,0.0011904761904761906,2.101785714285714
1480722,5.0,1,0.0,3.5
1480755,5.0,1,0.0,3.5
1480770,4.2,5,0.004761904761904762,2.947142857142857
1480782,3.5,4,0.0035714285714285718,2.455357142857143
1480788,3.6666666666666665,3,0.002380952380952381,2.570238095238095
1480790,4.75,8,0.008333333333333335,3.3375
1500021,4.6,5,0.004761904761904762,3.227142857142857
1500075,4.0,2,0.0011904761904761906,2.8017857142857143
1500076,4.0,2,0.0011904761904761906,2.8017857142857143
1500258,5.0,3,0.002380952380952381,3.5035714285714286
1500259,5.0,1,0.0,3.5
1500297,3.0,2,0.0011904761904761906,2.101785714285714
1500345,4.333333333333333,3,0.002380952380952381,3.0369047619047613
1500364,5.0,1,0.0,3.5
1500399,5.0,3,0.002380952380952381,3.5035714285714286
1500433,3.0,1,0.0,2.0999999999999996
1500440,5.0,2,0.0011904761904761906,3.5017857142857145
1500446,4.0,6,0.005952380952380953,2.8089285714285714
1500448,4.0,2,0.0011904761904761906,2.8017857142857143
1500450,4.0,4,0.0035714285714285718,2.805357142857143
1500462,3.0,3,0.002380952380952381,2.103571428571428
1500463,3.923076923076923,13,0.014285714285714287,2.767582417582417
1500474,5.0,1,0.0,3.5
1500475,4.0,4,0.0035714285714285718,2.805357142857143
1500486,3.0,1,0.0,2.0999999999999996
1600002,5.0,4,0.0035714285714285718,3.505357142857143
1600129,5.0,1,0.0,3.5
1600282,4.6,5,0.004761904761904762,3.227142857142857
1600362,4.0,2,0.0011904761904761906,2.8017857142857143
1600366,5.0,1,0.0,3.5
1600448,3.0,1,0.0,2.0999999999999996
1600469,5.0,1,0.0,3.5
1600550,4.333333333333333,6,0.005952380952380953,3.0422619047619044
1600557,3.0,2,0.0011904761904761906,2.101785714285714
1600558,5.0,1,0.0,3.5
1600587,5.0,5,0.004761904761904762,3.507142857142857
1600593,5.0,1,0.0,3.5
1600596,5.0,2,0.0011904761904761906,3.5017857142857145
1600600,4.333333333333333,6,0.005952380952380953,3.0422619047619044
1600609,3.0,1,0.0,2.0999999999999996
1600623,4.0,2,0.0011904761904761906,2.8017857142857143
1600628,5.0,1,0.0,3.5
1700193,5.0,1,0.0,3.5
1700403,5.0,1,0.0,3.5
1700404,4.0,2,0.0011904761904761906,2.8017857142857143
1700652,4.161290322580645,31,0.03571428571428571,2.9664746543778797
1700661,3.6666666666666665,3,0.002380952380952381,2.570238095238095
1700781,5.0,1,0.0,3.5
1700808,3.6666666666666665,3,0.002380952380952381,2.570238095238095
1700845,5.0,1,0.0,3.5
1700954,4.333333333333333,12,0.013095238095238097,3.05297619047619
1700973,5.0,3,0.002380952380952381,3.5035714285714286
1701027,4.2,5,0.004761904761904762,2.947142857142857
1701108,3.0,2,0.0011904761904761906,2.101785714285714
1701142,4.0,2,0.0011904761904761906,2.8017857142857143
1701158,5.0,1,0.0,3.5
1701169,4.333333333333333,3,0.002380952380952381,3.0369047619047613
1701178,5.0,1,0.0,3.5
1701185,4.2,5,0.004761904761904762,2.947142857142857
1701215,4.0,2,0.0011904761904761906,2.8017857142857143
1701218,5.0,1,0.0,3.5
1701267,4.0,2,0.0011904761904761906,2.8017857142857143
1701272,4.0,4,0.0035714285714285718,2.805357142857143
1701278,3.0,1,0.0,2.0999999999999996
1701286,5.0,1,0.0,3.5
1701287,3.6666666666666665,3,0.002380952380952381,2.570238095238095
1701301,4.0,2,0.0011904761904761906,2.8017857142857143
1701305,5.0,1,0.0,3.5
1701326,4.5,4,0.0035714285714285718,3.155357142857143
1701343,5.0,1,0.0,3.5
1701386,3.0,2,0.0011904761904761906,2.101785714285714
1701397,3.0,1,0.0,2.0999999999999996
1701408,5.0,3,0.002380952380952381,3.5035714285714286
1701420,4.25,8,0.008333333333333335,2.9875
1701452,5.0,3,0.002380952380952381,3.5035714285714286
1701459,4.5,4,0.0035714285714285718,3.155357142857143
1701475,5.0,2,0.0011904761904761906,3.5017857142857145
1701498,5.0,1,0.0,3.5
1701499,5.0,3,0.002380952380952381,3.5035714285714286
1701515,4.333333333333333,3,0.002380952380952381,3.0369047619047613
1701548,5.0,1,0.0,3.5
1701572,4.333333333333333,3,0.002380952380952381,3.0369047619047613
1800930,4.0,6,0.005952380952380953,2.8089285714285714
1800931,4.666666666666667,12,0.013095238095238097,3.286309523809524
1801084,4.0,2,0.0011904761904761906,2.8017857142857143
1801089,4.0,6,0.005952380952380953,2.8089285714285714
1801139,5.0,4,0.0035714285714285718,3.505357142857143
1801202,4.0,2,0.0011904761904761906,2.8017857142857143
1801226,4.5,4,0.0035714285714285718,3.155357142857143
1801272,5.0,2,0.0011904761904761906,3.5017857142857145
1801363,3.0,1,0.0,2.0999999999999996
1801382,3.0,2,0.0011904761904761906,2.101785714285714
1801488,3.0,2,0.0011904761904761906,2.101785714285714
1801503,4.136363636363637,44,0.051190476190476196,2.9722402597402597
1801513,4.0,2,0.0011904761904761906,2.8017857142857143
1801514,4.333333333333333,3,0.002380952380952381,3.0369047619047613
1801516,4.0,4,0.0035714285714285718,2.805357142857143
1801519,5.0,2,0.0011904761904761906,3.5017857142857145
1801537,3.857142857142857,7,0.007142857142857144,2.7107142857142854
1801543,4.0,2,0.0011904761904761906,2.8017857142857143
1801551,3.0,1,0.0,2.0999999999999996
1801555,3.6666666666666665,6,0.005952380952380953,2.575595238095238
1801562,3.0,2,0.0011904761904761906,2.101785714285714
1801570,5.0,1,0.0,3.5
1801572,3.0,1,0.0,2.0999999999999996
1801581,4.714285714285714,7,0.007142857142857144,3.3107142857142855
1801589,4.0,4,0.0035714285714285718,2.805357142857143
1801592,3.5,12,0.013095238095238097,2.469642857142857
1801612,4.0,2,0.0011904761904761906,2.8017857142857143
1801623,3.0,1,0.0,2.0999999999999996
1801636,4.045454545454546,44,0.051190476190476196,2.9086038961038962
1801638,3.0,2,0.0011904761904761906,2.101785714285714
1801639,3.75,8,0.008333333333333335,2.6375
1801689,4.333333333333333,12,0.013095238095238097,3.05297619047619
1801690,4.2075471698113205,106,0.12500000000000003,3.132783018867924
1801691,4.2,5,0.004761904761904762,2.947142857142857
1801699,4.0,4,0.0035714285714285718,2.805357142857143
1801704,4.777777777777778,9,0.009523809523809525,3.3587301587301583
1801723,4.333333333333333,3,0.002380952380952381,3.0369047619047613
1801726,4.333333333333333,3,0.002380952380952381,3.0369047619047613
1801739,4.105263157894737,38,0.04404761904761905,2.9397556390977444
1801748,5.0,1,0.0,3.5
1801762,4.166666666666667,12,0.013095238095238097,2.936309523809524
1801766,4.133333333333334,90,0.10595238095238096,3.052261904761905
1801770,5.0,1,0.0,3.5
1801771,5.0,1,0.0,3.5
1801785,4.333333333333333,3,0.002380952380952381,3.0369047619047613
1801790,5.0,1,0.0,3.5
1801795,4.2,5,0.004761904761904762,2.947142857142857
1801805,4.2631578947368425,19,0.021428571428571432,3.0163533834586467
1801806,4.434782608695652,46,0.053571428571428575,3.184704968944099
1801807,4.333333333333333,6,0.005952380952380953,3.0422619047619044
1801815,4.333333333333333,3,0.002380952380952381,3.0369047619047613
1801837,4.0,4,0.0035714285714285718,2.805357142857143
1801848,3.0,1,0.0,2.0999999999999996
1801849,4.0344827586206895,29,0.03333333333333333,2.874137931034482
1801853,3.0,1,0.0,2.0999999999999996
1801854,4.375,16,0.01785714285714286,3.0892857142857144
1801858,5.0,2,0.0011904761904761906,3.5017857142857145
1801859,3.0,1,0.0,2.0999999999999996
1801872,5.0,1,0.0,3.5
1801881,4.389473684210526,95,0.11190476190476192,3.240488721804511
1801882,4.357142857142857,28,0.03214285714285715,3.098214285714285
1801884,5.0,1,0.0,3.5
1801896,5.0,1,0.0,3.5
1801898,4.5,4,0.0035714285714285718,3.155357142857143
1801901,4.2,5,0.004761904761904762,2.947142857142857
1801904,3.6,10,0.010714285714285714,2.5360714285714288
1801905,4.428571428571429,7,0.007142857142857144,3.1107142857142858
1801906,4.354838709677419,31,0.03571428571428571,3.1019585253456214
1801909,3.5,4,0.0035714285714285718,2.455357142857143
1801912,4.0,2,0.0011904761904761906,2.8017857142857143
1801915,3.8,5,0.004761904761904762,2.667142857142857
1801916,3.0,2,0.0011904761904761906,2.101785714285714
1801917,3.6666666666666665,3,0.002380952380952381,2.570238095238095
1801918,4.5,8,0.008333333333333335,3.1625
1801922,3.0,2,0.0011904761904761906,2.101785714285714
1801928,3.0,4,0.0035714285714285718,2.1053571428571427
1801929,3.0,3,0.002380952380952381,2.103571428571428
1801938,3.6666666666666665,3,0.002380952380952381,2.570238095238095
1801940,4.433962264150943,53,0.061904761904761914,3.1966307277628028
1801960,3.909090909090909,11,0.011904761904761908,2.754220779220779
1801961,5.0,1,0.0,3.5
1801963,4.333333333333333,3,0.002380952380952381,3.0369047619047613
1801966,3.3333333333333335,6,0.005952380952380953,2.342261904761905
1801967,4.0,4,0.0035714285714285718,2.805357142857143
1801970,5.0,1,0.0,3.5
1801971,4.375,16,0.01785714285714286,3.0892857142857144
1801972,5.0,1,0.0,3.5
1801974,4.2,5,0.004761904761904762,2.947142857142857
1801975,3.4,5,0.004761904761904762,2.387142857142857
1801976,3.0,1,0.0,2.0999999999999996
1801978,4.428571428571429,7,0.007142857142857144,3.1107142857142858
1801980,5.0,1,0.0,3.5
1801981,3.0,1,0.0,2.0999999999999996
1801985,5.0,1,0.0,3.5
1801986,4.2,5,0.004761904761904762,2.947142857142857
1801990,3.0,1,0.0,2.0999999999999996
1801991,4.25,8,0.008333333333333335,2.9875
1801995,4.28,25,0.028571428571428574,3.0388571428571427
1801998,3.0,1,0.0,2.0999999999999996
1802002,4.333333333333333,3,0.002380952380952381,3.0369047619047613
1802003,4.5,4,0.0035714285714285718,3.155357142857143
1802004,4.571428571428571,14,0.01547619047619048,3.2232142857142856
1802005,4.384615384615385,65,0.0761904761904762,3.1835164835164838
1802006,3.6666666666666665,3,0.002380952380952381,2.570238095238095
1802007,3.8,5,0.004761904761904762,2.667142857142857
1802008,4.555555555555555,18,0.02023809523809524,3.2192460317460316
1802009,4.466666666666667,15,0.01666666666666667,3.1516666666666664
1802011,4.428571428571429,7,0.007142857142857144,3.1107142857142858
1802012,4.5,8,0.008333333333333335,3.1625
1802013,4.0,2,0.0011904761904761906,2.8017857142857143
1802016,3.0,1,0.0,2.0999999999999996
1802019,4.0,6,0.005952380952380953,2.8089285714285714
1802021,3.857142857142857,7,0.007142857142857144,2.7107142857142854
1802022,4.285714285714286,14,0.01547619047619048,3.0232142857142854
1802023,4.6,5,0.004761904761904762,3.227142857142857
1802024,5.0,3,0.002380952380952381,3.5035714285714286
1802025,4.0,4,0.0035714285714285718,2.805357142857143
1802026,4.454545454545454,11,0.011904761904761908,3.1360389610389605
1802027,4.7,20,0.022619047619047622,3.3239285714285716
1802029,4.555555555555555,9,0.009523809523809525,3.203174603174603
1802033,4.0,4,0.0035714285714285718,2.805357142857143
1802034,3.3333333333333335,6,0.005952380952380953,2.342261904761905
1802037,3.903225806451613,31,0.03571428571428571,2.785829493087557
1802038,4.428571428571429,14,0.01547619047619048,3.123214285714286
1802044,4.5,4,0.0035714285714285718,3.155357142857143
1802045,3.0,1,0.0,2.0999999999999996
1802047,3.0,1,0.0,2.0999999999999996
1802052,4.0,12,0.013095238095238097,2.819642857142857
1802059,3.0,1,0.0,2.0999999999999996
1802061,4.243243243243243,37,0.04285714285714286,3.0345559845559844
1802064,4.0,6,0.005952380952380953,2.8089285714285714
1802079,5.0,4,0.0035714285714285718,3.505357142857143
1802080,4.428571428571429,7,0.007142857142857144,3.1107142857142858
1802087,5.0,2,0.0011904761904761906,3.5017857142857145
1802088,3.0,1,0.0,2.0999999999999996
1802089,3.6666666666666665,3,0.002380952380952381,2.570238095238095
1802090,3.5,4,0.0035714285714285718,2.455357142857143
1802092,4.0,2,0.0011904761904761906,2.8017857142857143
1802094,3.2857142857142856,7,0.007142857142857144,2.3107142857142855
1802095,3.0,1,0.0,2.0999999999999996
1802097,3.0,1,0.0,2.0999999999999996
1802101,4.2,15,0.01666666666666667,2.965
1802102,5.0,4,0.0035714285714285718,3.505357142857143
1802103,4.2,5,0.004761904761904762,2.947142857142857
1802104,4.25,8,0.008333333333333335,2.9875
1802105,4.2,5,0.004761904761904762,2.947142857142857
1802106,3.0,1,0.0,2.0999999999999996
1802116,3.5,4,0.0035714285714285718,2.455357142857143
1802122,3.5,4,0.0035714285714285718,2.455357142857143
1802125,4.142857142857143,7,0.007142857142857144,2.9107142857142856
1802127,4.333333333333333,3,0.002380952380952381,3.0369047619047613
1802133,3.0,1,0.0,2.0999999999999996
1802135,4.5,4,0.0035714285714285718,3.155357142857143
1802136,3.0,1,0.0,2.0999999999999996
1802137,3.5,4,0.0035714285714285718,2.455357142857143
1802138,4.333333333333333,6,0.005952380952380953,3.0422619047619044
1802147,3.0,1,0.0,2.0999999999999996
2100016,3.0,1,0.0,2.0999999999999996
2200063,5.0,1,0.0,3.5
2200486,5.0,1,0.0,3.5
2200885,4.2,5,0.004761904761904762,2.947142857142857
2200919,4.0,2,0.0011904761904761906,2.8017857142857143
2200927,5.0,1,0.0,3.5
2200984,3.0,1,0.0,2.0999999999999996
2201023,3.0,1,0.0,2.0999999999999996
2201078,3.0,1,0.0,2.0999999999999996
2240124,5.0,1,0.0,3.5
2240125,5.0,1,0.0,3.5
2300192,5.0,1,0.0,3.5
2300214,3.0,1,0.0,2.0999999999999996
2300219,5.0,1,0.0,3.5
2300222,5.0,3,0.002380952380952381,3.5035714285714286
2300234,5.0,1,0.0,3.5
2300296,4.0,2,0.0011904761904761906,2.8017857142857143
2300307,5.0,1,0.0,3.5
2300329,4.0,2,0.0011904761904761906,2.8017857142857143
2300331,5.0,1,0.0,3.5
2400216,4.0,2,0.0011904761904761906,2.8017857142857143
2400333,3.0,1,0.0,2.0999999999999996
2400648,5.0,1,0.0,3.5
2400665,5.0,1,0.0,3.5
2400666,3.0,1,0.0,2.0999999999999996
2401057,5.0,1,0.0,3.5
2401243,3.0,1,0.0,2.0999999999999996
2401325,5.0,2,0.0011904761904761906,3.5017857142857145
2401435,3.0,1,0.0,2.0999999999999996
2401438,5.0,2,0.0011904761904761906,3.5017857142857145
2401659,3.0,1,0.0,2.0999999999999996
2401763,3.0,1,0.0,2.0999999999999996
2402046,4.333333333333333,3,0.002380952380952381,3.0369047619047613
2402422,3.0,1,0.0,2.0999999999999996
2402553,3.0,1,0.0,2.0999999999999996
2402567,3.0,1,0.0,2.0999999999999996
2402570,3.0,2,0.0011904761904761906,2.101785714285714
2402853,3.0,2,0.0011904761904761906,2.101785714285714
2403055,5.0,1,0.0,3.5
2500201,5.0,1,0.0,3.5
2500226,5.0,1,0.0,3.5
2500263,4.2,5,0.004761904761904762,2.947142857142857
2500289,4.714285714285714,7,0.007142857142857144,3.3107142857142855
2500360,5.0,5,0.004761904761904762,3.507142857142857
2500513,4.5,4,0.0035714285714285718,3.155357142857143
2500566,3.8780487804878048,41,0.04761904761904762,2.786062717770035
2500577,5.0,1,0.0,3.5
2500859,3.0,1,0.0,2.0999999999999996
2500897,5.0,1,0.0,3.5
2500923,3.0,1,0.0,2.0999999999999996
2500952,5.0,3,0.002380952380952381,3.5035714285714286
2500968,5.0,2,0.0011904761904761906,3.5017857142857145
2501010,5.0,2,0.0011904761904761906,3.5017857142857145
2501012,3.0,5,0.004761904761904762,2.1071428571428568
2501075,3.25,8,0.008333333333333335,2.2875
2501142,3.4444444444444446,9,0.009523809523809525,2.425396825396825
2501143,4.0,20,0.022619047619047622,2.8339285714285714
2501195,5.0,3,0.002380952380952381,3.5035714285714286
2501196,5.0,1,0.0,3.5
2501198,3.0,1,0.0,2.0999999999999996
2501205,5.0,1,0.0,3.5
2501228,4.333333333333333,9,0.009523809523809525,3.047619047619047
2501244,3.0,2,0.0011904761904761906,2.101785714285714
2501301,5.0,2,0.0011904761904761906,3.5017857142857145
2501364,3.0,1,0.0,2.0999999999999996
2501375,5.0,2,0.0011904761904761906,3.5017857142857145
2501390,3.0,1,0.0,2.0999999999999996
2501393,3.0,1,0.0,2.0999999999999996
2501419,3.6666666666666665,3,0.002380952380952381,2.570238095238095
2501446,5.0,1,0.0,3.5
2501538,4.0,2,0.0011904761904761906,2.8017857142857143
2501557,5.0,2,0.0011904761904761906,3.5017857142857145
2501589,4.142857142857143,7,0.007142857142857144,2.9107142857142856
2501614,4.636363636363637,11,0.011904761904761908,3.2633116883116884
2501615,5.0,2,0.0011904761904761906,3.5017857142857145
2501637,4.0,2,0.0011904761904761906,2.8017857142857143
2501650,3.6666666666666665,6,0.005952380952380953,2.575595238095238
2501664,5.0,1,0.0,3.5
2501666,5.0,3,0.002380952380952381,3.5035714285714286
2501669,3.6666666666666665,3,0.002380952380952381,2.570238095238095
2501700,3.6666666666666665,3,0.002380952380952381,2.570238095238095
2501704,3.0,2,0.0011904761904761906,2.101785714285714
2501751,3.8181818181818183,22,0.025000000000000005,2.710227272727273
2501753,4.636363636363637,11,0.011904761904761908,3.2633116883116884
2501757,5.0,1,0.0,3.5
2501790,3.0,1,0.0,2.0999999999999996
2501796,5.0,2,0.0011904761904761906,3.5017857142857145
2501799,5.0,1,0.0,3.5
2501816,4.111111111111111,9,0.009523809523809525,2.8920634920634916
2501888,3.0,4,0.0035714285714285718,2.1053571428571427
2501907,5.0,2,0.0011904761904761906,3.5017857142857145
2501909,5.0,1,0.0,3.5
2501929,4.0,2,0.0011904761904761906,2.8017857142857143
2501943,4.333333333333333,6,0.005952380952380953,3.0422619047619044
2501944,5.0,1,0.0,3.5
2501953,3.857142857142857,7,0.007142857142857144,2.7107142857142854
2502011,3.5,4,0.0035714285714285718,2.455357142857143
2502012,4.333333333333333,3,0.002380952380952381,3.0369047619047613
2502051,4.333333333333333,12,0.013095238095238097,3.05297619047619
2502052,3.0,3,0.002380952380952381,2.103571428571428
2502058,4.0,4,0.0035714285714285718,2.805357142857143
2502059,4.2,5,0.004761904761904762,2.947142857142857
2502060,4.25,8,0.008333333333333335,2.9875
2502100,5.0,1,0.0,3.5
2502119,3.0,1,0.0,2.0999999999999996
2502184,5.0,2,0.0011904761904761906,3.5017857142857145
2502272,3.0,1,0.0,2.0999999999999996
2502287,3.9523809523809526,21,0.02380952380952381,2.802380952380952
2502288,5.0,2,0.0011904761904761906,3.5017857142857145
2600140,5.0,1,0.0,3.5
2600163,5.0,1,0.0,3.5
2600164,4.5,4,0.0035714285714285718,3.155357142857143
2600233,5.0,2,0.0011904761904761906,3.5017857142857145
2600283,4.2,5,0.004761904761904762,2.947142857142857
2600284,3.0,1,0.0,2.0999999999999996
2600285,4.0,2,0.0011904761904761906,2.8017857142857143
2600333,3.0,1,0.0,2.0999999999999996
2600359,5.0,1,0.0,3.5
2600385,5.0,1,0.0,3.5
2600396,3.0,1,0.0,2.0999999999999996
2600446,3.0,2,0.0011904761904761906,2.101785714285714
2600500,5.0,1,0.0,3.5
2600726,3.0,1,0.0,2.0999999999999996
2600729,4.0,2,0.0011904761904761906,2.8017857142857143
2600744,4.333333333333333,3,0.002380952380952381,3.0369047619047613
2600801,5.0,1,0.0,3.5
2600803,5.0,2,0.0011904761904761906,3.5017857142857145
2600956,5.0,1,0.0,3.5
2601094,4.0,2,0.0011904761904761906,2.8017857142857143
2601095,3.0,1,0.0,2.0999999999999996
2601236,3.6666666666666665,3,0.002380952380952381,2.570238095238095
2601260,5.0,2,0.0011904761904761906,3.5017857142857145
2601292,4.333333333333333,3,0.002380952380952381,3.0369047619047613
2601299,4.0,10,0.010714285714285714,2.8160714285714286
2601306,5.0,1,0.0,3.5
2601330,4.333333333333333,3,0.002380952380952381,3.0369047619047613
2601337,3.0,1,0.0,2.0999999999999996
2601346,5.0,1,0.0,3.5
2601393,3.0,1,0.0,2.0999999999999996
2601413,3.25,8,0.008333333333333335,2.2875
2601423,3.0,3,0.002380952380952381,2.103571428571428
2601430,3.0,1,0.0,2.0999999999999996
2601438,3.0,1,0.0,2.0999999999999996
2601441,5.0,2,0.0011904761904761906,3.5017857142857145
2601446,4.2,5,0.004761904761904762,2.947142857142857
2601459,3.0,1,0.0,2.0999999999999996
2601460,4.0,2,0.0011904761904761906,2.8017857142857143
2601485,5.0,2,0.0011904761904761906,3.5017857142857145
2601490,3.0,2,0.0011904761904761906,2.101785714285714
2601500,4.0,6,0.005952380952380953,2.8089285714285714
2601529,5.0,3,0.002380952380952381,3.5035714285714286
2601537,4.333333333333333,3,0.002380952380952381,3.0369047619047613
2601543,3.0,2,0.0011904761904761906,2.101785714285714
2601554,4.333333333333333,3,0.002380952380952381,3.0369047619047613
2601584,3.0,2,0.0011904761904761906,2.101785714285714
2601670,5.0,1,0.0,3.5
2601680,4.333333333333333,3,0.002380952380952381,3.0369047619047613
2601682,3.0,1,0.0,2.0999999999999996
2601731,3.6666666666666665,3,0.002380952380952381,2.570238095238095
2601761,4.333333333333333,3,0.002380952380952381,3.0369047619047613
2601769,5.0,1,0.0,3.5
2601779,4.0,6,0.005952380952380953,2.8089285714285714
2601789,5.0,1,0.0,3.5
2601793,3.8,5,0.004761904761904762,2.667142857142857
2601798,5.0,1,0.0,3.5
2601800,5.0,2,0.0011904761904761906,3.5017857142857145
2601807,5.0,8,0.008333333333333335,3.5125
2601810,4.066666666666666,15,0.01666666666666667,2.871666666666666
2601811,5.0,1,0.0,3.5
2601833,3.0,1,0.0,2.0999999999999996
2601837,4.0,6,0.005952380952380953,2.8089285714285714
2601853,5.0,1,0.0,3.5
2601860,4.6,5,0.004761904761904762,3.227142857142857
2601861,3.0,3,0.002380952380952381,2.103571428571428
2601878,5.0,1,0.0,3.5
2601887,3.5,4,0.0035714285714285718,2.455357142857143
2601915,4.5,8,0.008333333333333335,3.1625
2601919,5.0,1,0.0,3.5
2601920,3.0,4,0.0035714285714285718,2.1053571428571427
2601933,3.0,2,0.0011904761904761906,2.101785714285714
2601934,3.0,1,0.0,2.0999999999999996
2601936,4.0,2,0.0011904761904761906,2.8017857142857143
2601938,5.0,1,0.0,3.5
2601954,3.0,1,0.0,2.0999999999999996
2601978,5.0,1,0.0,3.5
2601987,4.142857142857143,7,0.007142857142857144,2.9107142857142856
2601989,5.0,1,0.0,3.5
2602003,3.0,1,0.0,2.0999999999999996
2602012,5.0,2,0.0011904761904761906,3.5017857142857145
2602013,4.333333333333333,3,0.002380952380952381,3.0369047619047613
2602014,5.0,2,0.0011904761904761906,3.5017857142857145
2602019,3.6666666666666665,3,0.002380952380952381,2.570238095238095
2602025,3.0,1,0.0,2.0999999999999996
2602033,5.0,1,0.0,3.5
2602037,3.0,1,0.0,2.0999999999999996
2602039,5.0,1,0.0,3.5
2602045,5.0,1,0.0,3.5
2602083,5.0,1,0.0,3.5
2602093,3.0,1,0.0,2.0999999999999996
2602094,3.0,1,0.0,2.0999999999999996
2602108,5.0,1,0.0,3.5
2602110,5.0,3,0.002380952380952381,3.5035714285714286
2602122,3.0,1,0.0,2.0999999999999996
2602129,4.0,2,0.0011904761904761906,2.8017857142857143
2602135,3.0,1,0.0,2.0999999999999996
2602154,4.5,4,0.0035714285714285718,3.155357142857143
2602155,3.0,2,0.0011904761904761906,2.101785714285714
2602167,3.0,3,0.002380952380952381,2.103571428571428
2602178,3.0,1,0.0,2.0999999999999996
2602179,3.0,1,0.0,2.0999999999999996
2602206,4.5,4,0.0035714285714285718,3.155357142857143
2602216,4.2,5,0.004761904761904762,2.947142857142857
2602224,3.0,1,0.0,2.0999999999999996
2700120,5.0,1,0.0,3.5
2700181,3.0,1,0.0,2.0999999999999996
2700187,3.0,1,0.0,2.0999999999999996
2700198,4.333333333333333,3,0.002380952380952381,3.0369047619047613
2700218,5.0,2,0.0011904761904761906,3.5017857142857145
2700274,4.0,2,0.0011904761904761906,2.8017857142857143
2700276,4.333333333333333,3,0.002380952380952381,3.0369047619047613
2700287,3.0,2,0.0011904761904761906,2.101785714285714
2700344,3.0,1,0.0,2.0999999999999996
2700426,3.0,1,0.0,2.0999999999999996
2700551,4.0,2,0.0011904761904761906,2.8017857142857143
2700588,4.333333333333333,12,0.013095238095238097,3.05297619047619
2700592,5.0,4,0.0035714285714285718,3.505357142857143
2700598,4.28,25,0.028571428571428574,3.0388571428571427
2700599,3.6666666666666665,9,0.009523809523809525,2.5809523809523807
2700600,3.0,2,0.0011904761904761906,2.101785714285714
2700609,4.066666666666666,15,0.01666666666666667,2.871666666666666
2700610,4.0,2,0.0011904761904761906,2.8017857142857143
2700611,4.714285714285714,7,0.007142857142857144,3.3107142857142855
2700612,3.5,4,0.0035714285714285718,2.455357142857143
2700613,4.333333333333333,3,0.002380952380952381,3.0369047619047613
2700614,4.333333333333333,6,0.005952380952380953,3.0422619047619044
2700615,3.5,4,0.0035714285714285718,2.455357142857143
2700616,4.6,5,0.004761904761904762,3.227142857142857
2700618,4.052631578947368,19,0.021428571428571432,2.8689849624060146
2700619,4.5,4,0.0035714285714285718,3.155357142857143
2700682,3.0,1,0.0,2.0999999999999996
2700800,4.333333333333333,6,0.005952380952380953,3.0422619047619044
2700802,4.0,2,0.0011904761904761906,2.8017857142857143
2700856,4.2727272727272725,11,0.011904761904761908,3.0087662337662335
2700859,3.0,2,0.0011904761904761906,2.101785714285714
2700911,3.0,1,0.0,2.0999999999999996
2700984,4.428571428571429,7,0.007142857142857144,3.1107142857142858
2701116,3.0,1,0.0,2.0999999999999996
2701286,4.0,2,0.0011904761904761906,2.8017857142857143
2701288,5.0,1,0.0,3.5
2701289,5.0,1,0.0,3.5
2701303,3.0,1,0.0,2.0999999999999996
2701305,4.157894736842105,19,0.021428571428571432,2.9426691729323307
2701306,4.538461538461538,13,0.014285714285714287,3.198351648351648
2701333,3.6666666666666665,3,0.002380952380952381,2.570238095238095
2701379,5.0,2,0.0011904761904761906,3.5017857142857145
2701385,3.0,2,0.0011904761904761906,2.101785714285714
2701387,3.5,4,0.0035714285714285718,2.455357142857143
2701390,3.0,1,0.0,2.0999999999999996
2701391,3.8,5,0.004761904761904762,2.667142857142857
2701398,5.0,1,0.0,3.5
2701399,5.0,1,0.0,3.5
2701408,3.0,2,0.0011904761904761906,2.101785714285714
2701415,4.5,4,0.0035714285714285718,3.155357142857143
2701416,3.8,10,0.010714285714285714,2.6760714285714284
2701419,3.6666666666666665,6,0.005952380952380953,2.575595238095238
2701422,5.0,2,0.0011904761904761906,3.5017857142857145
2701430,4.0,14,0.01547619047619048,2.8232142857142857
2701431,5.0,3,0.002380952380952381,3.5035714285714286
2701451,3.857142857142857,7,0.007142857142857144,2.7107142857142854
2701459,4.0,2,0.0011904761904761906,2.8017857142857143
2701521,4.333333333333333,3,0.002380952380952381,3.0369047619047613
2701587,4.333333333333333,3,0.002380952380952381,3.0369047619047613
2701588,4.333333333333333,3,0.002380952380952381,3.0369047619047613
2701605,5.0,2,0.0011904761904761906,3.5017857142857145
2701627,5.0,1,0.0,3.5
2701638,3.2857142857142856,7,0.007142857142857144,2.3107142857142855
2701639,3.5555555555555554,18,0.02023809523809524,2.5192460317460315
2701642,4.090909090909091,11,0.011904761904761908,2.881493506493506
2701646,5.0,2,0.0011904761904761906,3.5017857142857145
2701647,4.0,4,0.0035714285714285718,2.805357142857143
2701648,3.4444444444444446,9,0.009523809523809525,2.425396825396825
2701650,5.0,1,0.0,3.5
2701651,3.0,1,0.0,2.0999999999999996
2701652,4.2,15,0.01666666666666667,2.965
2701656,3.0,1,0.0,2.0999999999999996
2701657,4.0,12,0.013095238095238097,2.819642857142857
2701658,5.0,2,0.0011904761904761906,3.5017857142857145
2701661,3.6666666666666665,3,0.002380952380952381,2.570238095238095
2701663,3.0,1,0.0,2.0999999999999996
2701667,5.0,1,0.0,3.5
2701672,3.0,1,0.0,2.0999999999999996
2701673,4.5,4,0.0035714285714285718,3.155357142857143
2701674,3.0,1,0.0,2.0999999999999996
2701680,3.0,2,0.0011904761904761906,2.101785714285714
2701683,4.25,8,0.008333333333333335,2.9875
2701685,3.0,1,0.0,2.0999999999999996
2701698,4.0,2,0.0011904761904761906,2.8017857142857143
2701703,5.0,2,0.0011904761904761906,3.5017857142857145
2701705,4.5,4,0.0035714285714285718,3.155357142857143
2701706,4.5,8,0.008333333333333335,3.1625
2701707,3.0,1,0.0,2.0999999999999996
2701713,3.0,1,0.0,2.0999999999999996
2701727,3.0,3,0.002380952380952381,2.103571428571428
2701731,4.0,2,0.0011904761904761906,2.8017857142857143
2701754,3.857142857142857,7,0.007142857142857144,2.7107142857142854
2701773,4.0,2,0.0011904761904761906,2.8017857142857143
2701778,3.0,1,0.0,2.0999999999999996
2701782,4.090909090909091,11,0.011904761904761908,2.881493506493506
2701789,5.0,1,0.0,3.5
2701818,4.0,2,0.0011904761904761906,2.8017857142857143
2701819,3.5,4,0.0035714285714285718,2.455357142857143
2701876,5.0,1,0.0,3.5
2701879,4.555555555555555,18,0.02023809523809524,3.2192460317460316
2701880,4.666666666666667,6,0.005952380952380953,3.2755952380952382
2701882,4.111111111111111,9,0.009523809523809525,2.8920634920634916
2701884,5.0,1,0.0,3.5
2701887,3.0,1,0.0,2.0999999999999996
2701889,4.333333333333333,3,0.002380952380952381,3.0369047619047613
2701921,5.0,1,0.0,3.5
2701962,4.0,2,0.0011904761904761906,2.8017857142857143
2701968,4.0,6,0.005952380952380953,2.8089285714285714
2701970,4.0,4,0.0035714285714285718,2.805357142857143
2701971,5.0,2,0.0011904761904761906,3.5017857142857145
2701977,4.0,2,0.0011904761904761906,2.8017857142857143
2701994,3.0,1,0.0,2.0999999999999996
2701995,5.0,1,0.0,3.5
2702011,5.0,1,0.0,3.5
2702012,4.0,2,0.0011904761904761906,2.8017857142857143
2702013,3.0,1,0.0,2.0999999999999996
2702044,3.0,1,0.0,2.0999999999999996
2702050,3.857142857142857,14,0.01547619047619048,2.7232142857142856
2702053,4.333333333333333,3,0.002380952380952381,3.0369047619047613
2702063,3.0,2,0.0011904761904761906,2.101785714285714
2702095,3.0,2,0.0011904761904761906,2.101785714285714
2702097,3.0,1,0.0,2.0999999999999996
2702205,5.0,1,0.0,3.5
2702206,3.0,1,0.0,2.0999999999999996
2702211,4.0,2,0.0011904761904761906,2.8017857142857143
2702220,3.6666666666666665,3,0.002380952380952381,2.570238095238095
2702237,4.333333333333333,3,0.002380952380952381,3.0369047619047613
2702238,4.0,2,0.0011904761904761906,2.8017857142857143
2702256,3.6666666666666665,3,0.002380952380952381,2.570238095238095
2702277,4.151515151515151,66,0.0773809523809524,3.022132034632034
2702278,3.6666666666666665,3,0.002380952380952381,2.570238095238095
2702279,4.333333333333333,6,0.005952380952380953,3.0422619047619044
2702280,4.0,4,0.0035714285714285718,2.805357142857143
2702286,5.0,2,0.0011904761904761906,3.5017857142857145
2702309,3.0,3,0.002380952380952381,2.103571428571428
2702328,5.0,2,0.0011904761904761906,3.5017857142857145
2702331,4.238095238095238,21,0.02380952380952381,3.002380952380952
2702332,4.6,5,0.004761904761904762,3.227142857142857
2702339,5.0,2,0.0011904761904761906,3.5017857142857145
2702340,3.6666666666666665,3,0.002380952380952381,2.570238095238095
2702347,4.714285714285714,14,0.01547619047619048,3.3232142857142857
2702349,4.6,5,0.004761904761904762,3.227142857142857
2702350,3.0,1,0.0,2.0999999999999996
2702351,4.0,4,0.0035714285714285718,2.805357142857143
2702420,5.0,1,0.0,3.5
2702421,3.8,5,0.004761904761904762,2.667142857142857
2702469,5.0,1,0.0,3.5
2702471,5.0,1,0.0,3.5
2702472,5.0,6,0.005952380952380953,3.5089285714285716
2702474,4.0,2,0.0011904761904761906,2.8017857142857143
2702476,4.5,8,0.008333333333333335,3.1625
2702480,4.666666666666667,6,0.005952380952380953,3.2755952380952382
2702481,4.428571428571429,7,0.007142857142857144,3.1107142857142858
2702507,3.6666666666666665,3,0.002380952380952381,2.570238095238095
2702508,4.0,6,0.005952380952380953,2.8089285714285714
2702521,4.5,4,0.0035714285714285718,3.155357142857143
2702522,4.8,10,0.010714285714285714,3.3760714285714286
2702526,3.0,1,0.0,2.0999999999999996
2702534,3.0,1,0.0,2.0999999999999996
2702537,4.5,4,0.0035714285714285718,3.155357142857143
2702546,4.333333333333333,3,0.002380952380952381,3.0369047619047613
2702559,3.6666666666666665,3,0.002380952380952381,2.570238095238095
2702580,3.0,1,0.0,2.0999999999999996
2702582,5.0,2,0.0011904761904761906,3.5017857142857145
2702587,5.0,2,0.0011904761904761906,3.5017857142857145
2702590,5.0,1,0.0,3.5
2702591,4.333333333333333,3,0.002380952380952381,3.0369047619047613
2702608,3.0,1,0.0,2.0999999999999996
2702610,4.0,2,0.0011904761904761906,2.8017857142857143
2702611,3.0,3,0.002380952380952381,2.103571428571428
2702628,3.9473684210526314,19,0.021428571428571432,2.795300751879699
2702674,5.0,1,0.0,3.5
2702679,5.0,1,0.0,3.5
2800007,3.0,3,0.002380952380952381,2.103571428571428
2800051,3.0,1,0.0,2.0999999999999996
2800052,3.0,1,0.0,2.0999999999999996
2800083,3.0,2,0.0011904761904761906,2.101785714285714
2800149,3.5,4,0.0035714285714285718,2.455357142857143
2800172,3.0,8,0.008333333333333335,2.1125
2800297,4.333333333333333,3,0.002380952380952381,3.0369047619047613
2800353,3.8,5,0.004761904761904762,2.667142857142857
2800373,3.0,1,0.0,2.0999999999999996
2800395,4.0,2,0.0011904761904761906,2.8017857142857143
2800399,3.0,1,0.0,2.0999999999999996
2800409,5.0,1,0.0,3.5
2800415,5.0,1,0.0,3.5
2800426,5.0,2,0.0011904761904761906,3.5017857142857145
2800432,3.0,1,0.0,2.0999999999999996
2800433,3.0,1,0.0,2.0999999999999996
2800441,3.0,1,0.0,2.0999999999999996
2800449,3.0,1,0.0,2.0999999999999996
2800467,3.0,1,0.0,2.0999999999999996
2800474,5.0,1,0.0,3.5
2800475,3.0,1,0.0,2.0999999999999996
2800482,4.0,2,0.0011904761904761906,2.8017857142857143
2800500,3.0,1,0.0,2.0999999999999996
2800501,3.6666666666666665,3,0.002380952380952381,2.570238095238095
2800504,3.0,3,0.002380952380952381,2.103571428571428
2800505,3.0,2,0.0011904761904761906,2.101785714285714
2800546,3.0,2,0.0011904761904761906,2.101785714285714
2800585,5.0,1,0.0,3.5
2800594,3.8,5,0.004761904761904762,2.667142857142857
2800596,5.0,2,0.0011904761904761906,3.5017857142857145
2800600,3.0,2,0.0011904761904761906,2.101785714285714
2800603,4.5,4,0.0035714285714285718,3.155357142857143
2800605,3.6666666666666665,6,0.005952380952380953,2.575595238095238
2800611,3.0,3,0.002380952380952381,2.103571428571428
2800615,3.0,1,0.0,2.0999999999999996
2800616,4.333333333333333,3,0.002380952380952381,3.0369047619047613
2800617,4.0,2,0.0011904761904761906,2.8017857142857143
2800618,4.0,2,0.0011904761904761906,2.8017857142857143
2800624,3.0,1,0.0,2.0999999999999996
2800628,4.076923076923077,13,0.014285714285714287,2.875274725274725
2800630,3.909090909090909,11,0.011904761904761908,2.754220779220779
2800631,5.0,1,0.0,3.5
2800637,5.0,1,0.0,3.5
2800638,3.0,4,0.0035714285714285718,2.1053571428571427
2800647,4.0,4,0.0035714285714285718,2.805357142857143
2800649,5.0,1,0.0,3.5
2800650,3.0,3,0.002380952380952381,2.103571428571428
2800656,5.0,2,0.0011904761904761906,3.5017857142857145
2800664,3.0,1,0.0,2.0999999999999996
2800666,3.0,2,0.0011904761904761906,2.101785714285714
2800668,4.25,8,0.008333333333333335,2.9875
2800677,3.0,2,0.0011904761904761906,2.101785714285714
2800678,3.0,1,0.0,2.0999999999999996
2800688,3.4,5,0.004761904761904762,2.387142857142857
2900011,3.0,3,0.002380952380952381,2.103571428571428
2900022,4.0,10,0.010714285714285714,2.8160714285714286
2900023,5.0,1,0.0,3.5
2900090,4.2,10,0.010714285714285714,2.9560714285714287
2900200,4.166666666666667,24,0.027380952380952384,2.957738095238095
2900299,3.6666666666666665,3,0.002380952380952381,2.570238095238095
2900354,4.0,2,0.0011904761904761906,2.8017857142857143
2900418,3.0,3,0.002380952380952381,2.103571428571428
2900513,5.0,4,0.0035714285714285718,3.505357142857143
2900516,3.0,2,0.0011904761904761906,2.101785714285714
2900536,3.0,2,0.0011904761904761906,2.101785714285714
2900555,5.0,1,0.0,3.5
2900561,4.0,30,0.034523809523809526,2.851785714285714
2900563,4.666666666666667,6,0.005952380952380953,3.2755952380952382
2900565,3.857142857142857,7,0.007142857142857144,2.7107142857142854
2900569,4.25,8,0.008333333333333335,2.9875
2900583,3.0,1,0.0,2.0999999999999996
2900630,3.0,1,0.0,2.0999999999999996
2900645,5.0,2,0.0011904761904761906,3.5017857142857145
2900654,4.333333333333333,3,0.002380952380952381,3.0369047619047613
2900662,5.0,2,0.0011904761904761906,3.5017857142857145
2900766,4.333333333333333,3,0.002380952380952381,3.0369047619047613
2900802,5.0,1,0.0,3.5
2900806,3.6666666666666665,3,0.002380952380952381,2.570238095238095
2900809,4.0,2,0.0011904761904761906,2.8017857142857143
2900811,5.0,1,0.0,3.5
2900840,5.0,1,0.0,3.5
2900864,4.0,2,0.0011904761904761906,2.8017857142857143
2900918,3.0,1,0.0,2.0999999999999996
2900924,4.5,4,0.0035714285714285718,3.155357142857143
2900925,3.75,8,0.008333333333333335,2.6375
2900934,3.5,4,0.0035714285714285718,2.455357142857143
2900936,4.6,5,0.004761904761904762,3.227142857142857
2900957,3.8,5,0.004761904761904762,2.667142857142857
2900958,4.466666666666667,30,0.034523809523809526,3.178452380952381
2900982,5.0,1,0.0,3.5
2900987,3.0,1,0.0,2.0999999999999996
2900992,4.333333333333333,15,0.01666666666666667,3.0583333333333327
2900993,4.333333333333333,3,0.002380952380952381,3.0369047619047613
3000063,4.333333333333333,3,0.002380952380952381,3.0369047619047613
3000069,5.0,3,0.002380952380952381,3.5035714285714286
3000097,3.0,2,0.0011904761904761906,2.101785714285714
3000106,5.0,1,0.0,3.5
3100022,3.0,1,0.0,2.0999999999999996
3100034,4.0,30,0.034523809523809526,2.851785714285714
3100040,3.0,1,0.0,2.0999999999999996
3100073,4.5,4,0.0035714285714285718,3.155357142857143
3100074,4.625,16,0.01785714285714286,3.2642857142857142
3100087,5.0,1,0.0,3.5
3100117,3.0,2,0.0011904761904761906,2.101785714285714
3100161,3.0,1,0.0,2.0999999999999996
3100163,3.6666666666666665,3,0.002380952380952381,2.570238095238095
3100189,4.2727272727272725,11,0.011904761904761908,3.0087662337662335
3100204,3.0,1,0.0,2.0999999999999996
3100255,4.333333333333333,3,0.002380952380952381,3.0369047619047613
3100267,3.909090909090909,11,0.011904761904761908,2.754220779220779
3100268,5.0,1,0.0,3.5
3100278,3.0,1,0.0,2.0999999999999996
3100302,3.0,2,0.0011904761904761906,2.101785714285714
3100318,4.0,4,0.0035714285714285718,2.805357142857143
3100327,4.0,2,0.0011904761904761906,2.8017857142857143
3100345,3.5,4,0.0035714285714285718,2.455357142857143
3100353,4.0,2,0.0011904761904761906,2.8017857142857143
3100356,3.0,1,0.0,2.0999999999999996
3100402,3.0,2,0.0011904761904761906,2.101785714285714
3100439,4.142857142857143,7,0.007142857142857144,2.9107142857142856
3100443,3.0,1,0.0,2.0999999999999996
3100452,3.0,2,0.0011904761904761906,2.101785714285714
3100490,3.0,2,0.0011904761904761906,2.101785714285714
3100491,4.428571428571429,7,0.007142857142857144,3.1107142857142858
3100510,3.0,2,0.0011904761904761906,2.101785714285714
3100529,3.6666666666666665,3,0.002380952380952381,2.570238095238095
3100533,4.333333333333333,3,0.002380952380952381,3.0369047619047613
3100541,4.0,4,0.0035714285714285718,2.805357142857143
3100548,3.4,5,0.004761904761904762,2.387142857142857
3100559,4.0,2,0.0011904761904761906,2.8017857142857143
3100560,5.0,1,0.0,3.5
3100564,3.0,1,0.0,2.0999999999999996
3100574,3.888888888888889,9,0.009523809523809525,2.736507936507936
3100575,3.0,1,0.0,2.0999999999999996
3100583,4.333333333333333,9,0.009523809523809525,3.047619047619047
3100587,3.5,4,0.0035714285714285718,2.455357142857143
3100593,5.0,1,0.0,3.5
3100605,3.0,1,0.0,2.0999999999999996
3100623,4.0,2,0.0011904761904761906,2.8017857142857143
3100632,4.333333333333333,3,0.002380952380952381,3.0369047619047613
3100633,4.0,2,0.0011904761904761906,2.8017857142857143
3100634,4.0,2,0.0011904761904761906,2.8017857142857143
3100640,4.2631578947368425,19,0.021428571428571432,3.0163533834586467
3100644,3.6666666666666665,3,0.002380952380952381,2.570238095238095
3100645,4.0,2,0.0011904761904761906,2.8017857142857143
3100660,5.0,1,0.0,3.5
3100691,5.0,1,0.0,3.5
3100719,4.333333333333333,3,0.002380952380952381,3.0369047619047613
3100721,3.0,1,0.0,2.0999999999999996
3100722,5.0,1,0.0,3.5
3100738,3.2857142857142856,7,0.007142857142857144,2.3107142857142855
3100755,5.0,3,0.002380952380952381,3.5035714285714286
3100774,3.0,2,0.0011904761904761906,2.101785714285714
3100782,4.0,8,0.008333333333333335,2.8125
3100789,5.0,1,0.0,3.5
3100800,3.0,1,0.0,2.0999999999999996
3100802,4.0,2,0.0011904761904761906,2.8017857142857143
3100819,4.0,2,0.0011904761904761906,2.8017857142857143
3100825,5.0,1,0.0,3.5
3100826,3.0,2,0.0011904761904761906,2.101785714285714
3100828,4.2,5,0.004761904761904762,2.947142857142857
3100847,3.0,1,0.0,2.0999999999999996
3100853,3.6666666666666665,3,0.002380952380952381,2.570238095238095
3100862,3.0,2,0.0011904761904761906,2.101785714285714
3100864,4.2,5,0.004761904761904762,2.947142857142857
3100871,4.333333333333333,6,0.005952380952380953,3.0422619047619044
3100872,3.625,16,0.01785714285714286,2.564285714285714
3100883,4.333333333333333,6,0.005952380952380953,3.0422619047619044
3100884,4.4,10,0.010714285714285714,3.096071428571429
3100888,3.6666666666666665,3,0.002380952380952381,2.570238095238095
3100892,5.0,2,0.0011904761904761906,3.5017857142857145
3100893,5.0,1,0.0,3.5
3100894,4.0,2,0.0011904761904761906,2.8017857142857143
3100907,4.5,4,0.0035714285714285718,3.155357142857143
3100909,4.0,10,0.010714285714285714,2.8160714285714286
3100929,3.0,1,0.0,2.0999999999999996
3100935,5.0,1,0.0,3.5
3100941,4.333333333333333,3,0.002380952380952381,3.0369047619047613
3100967,3.6666666666666665,3,0.002380952380952381,2.570238095238095
3100970,4.142857142857143,7,0.007142857142857144,2.9107142857142856
3100972,5.0,1,0.0,3.5
3101013,3.0,1,0.0,2.0999999999999996
3101017,3.6666666666666665,3,0.002380952380952381,2.570238095238095
3101023,4.5,4,0.0035714285714285718,3.155357142857143
3101042,3.6666666666666665,3,0.002380952380952381,2.570238095238095
3101085,3.5,4,0.0035714285714285718,2.455357142857143
3200009,3.0,2,0.0011904761904761906,2.101785714285714
3200013,3.0,1,0.0,2.0999999999999996
3200111,5.0,1,0.0,3.5
3200112,3.0,1,0.0,2.0999999999999996
3200139,3.6666666666666665,3,0.002380952380952381,2.570238095238095
3200157,5.0,2,0.0011904761904761906,3.5017857142857145
3200173,4.25,8,0.008333333333333335,2.9875
3200196,3.0,1,0.0,2.0999999999999996
3200248,3.0,1,0.0,2.0999999999999996
3200310,3.0,1,0.0,2.0999999999999996
3200324,5.0,2,0.0011904761904761906,3.5017857142857145
3200342,5.0,1,0.0,3.5
3200361,4.0,2,0.0011904761904761906,2.8017857142857143
3200374,3.0,2,0.0011904761904761906,2.101785714285714
3200387,5.0,5,0.004761904761904762,3.507142857142857
3200413,5.0,1,0.0,3.5
3200422,5.0,1,0.0,3.5
3200429,5.0,1,0.0,3.5
3200430,5.0,1,0.0,3.5
3200476,5.0,1,0.0,3.5
3200478,4.333333333333333,3,0.002380952380952381,3.0369047619047613
3200480,5.0,1,0.0,3.5
3200482,4.0,2,0.0011904761904761906,2.8017857142857143
3200513,4.6,5,0.004761904761904762,3.227142857142857
3200514,3.0,1,0.0,2.0999999999999996
3200533,5.0,1,0.0,3.5
3200541,4.333333333333333,3,0.002380952380952381,3.0369047619047613
3200568,4.571428571428571,14,0.01547619047619048,3.2232142857142856
3200587,5.0,4,0.0035714285714285718,3.505357142857143
3300006,5.0,1,0.0,3.5
3300010,4.2,5,0.004761904761904762,2.947142857142857
3300087,4.4,10,0.010714285714285714,3.096071428571429
3300286,5.0,2,0.0011904761904761906,3.5017857142857145
3300313,4.6,5,0.004761904761904762,3.227142857142857
3300314,5.0,2,0.0011904761904761906,3.5017857142857145
3300315,5.0,4,0.0035714285714285718,3.505357142857143
3300318,3.6666666666666665,3,0.002380952380952381,2.570238095238095
3300329,5.0,2,0.0011904761904761906,3.5017857142857145
3300349,4.354838709677419,31,0.03571428571428571,3.1019585253456214
3300371,4.5,4,0.0035714285714285718,3.155357142857143
3300372,4.333333333333333,3,0.002380952380952381,3.0369047619047613
3300376,5.0,1,0.0,3.5
3300385,3.0,1,0.0,2.0999999999999996
3300386,4.0,2,0.0011904761904761906,2.8017857142857143
3300399,5.0,1,0.0,3.5
3300427,5.0,1,0.0,3.5
3300429,3.0,1,0.0,2.0999999999999996
3300438,3.0,1,0.0,2.0999999999999996
3300473,3.0,1,0.0,2.0999999999999996
3300478,3.0,1,0.0,2.0999999999999996
3300482,3.0,1,0.0,2.0999999999999996
3300488,4.0,2,0.0011904761904761906,2.8017857142857143
3300495,3.0,1,0.0,2.0999999999999996
3300531,5.0,1,0.0,3.5
3400002,3.0,1,0.0,2.0999999999999996
3400015,5.0,3,0.002380952380952381,3.5035714285714286
3400017,5.0,3,0.002380952380952381,3.5035714285714286
3400018,5.0,1,0.0,3.5
3400032,5.0,2,0.0011904761904761906,3.5017857142857145
3400035,3.0,2,0.0011904761904761906,2.101785714285714
3400040,4.5,4,0.0035714285714285718,3.155357142857143
3400071,5.0,3,0.002380952380952381,3.5035714285714286
3400086,5.0,1,0.0,3.5
3400090,4.0,2,0.0011904761904761906,2.8017857142857143
3400151,4.0,2,0.0011904761904761906,2.8017857142857143
3500009,4.333333333333333,3,0.002380952380952381,3.0369047619047613
3500032,4.5,4,0.0035714285714285718,3.155357142857143
3500046,3.0,1,0.0,2.0999999999999996
3500105,4.333333333333333,3,0.002380952380952381,3.0369047619047613
3500149,5.0,1,0.0,3.5
3500155,3.0,1,0.0,2.0999999999999996
3500156,4.5,4,0.0035714285714285718,3.155357142857143
3500176,5.0,1,0.0,3.5
3500179,5.0,1,0.0,3.5
3500210,4.0,2,0.0011904761904761906,2.8017857142857143
3500243,3.0,1,0.0,2.0999999999999996
3500285,5.0,2,0.0011904761904761906,3.5017857142857145
3500299,4.0,2,0.0011904761904761906,2.8017857142857143
3500302,5.0,2,0.0011904761904761906,3.5017857142857145
3500306,5.0,1,0.0,3.5
3500330,5.0,1,0.0,3.5
3600036,4.230769230769231,13,0.014285714285714287,2.9829670329670326
3600163,3.875,16,0.01785714285714286,2.7392857142857143
3600164,5.0,1,0.0,3.5
3600165,3.0,3,0.002380952380952381,2.103571428571428
3600182,3.5,16,0.01785714285714286,2.476785714285714
3600231,4.0,4,0.0035714285714285718,2.805357142857143
3600253,5.0,1,0.0,3.5
3600263,3.75,8,0.008333333333333335,2.6375
3600287,4.454545454545454,11,0.011904761904761908,3.1360389610389605
3600450,3.0,1,0.0,2.0999999999999996
3600452,4.0,2,0.0011904761904761906,2.8017857142857143
3600453,3.2857142857142856,7,0.007142857142857144,2.3107142857142855
3600545,5.0,1,0.0,3.5
3600591,3.0,2,0.0011904761904761906,2.101785714285714
3600592,3.0,1,0.0,2.0999999999999996
3600661,4.023255813953488,43,0.05,2.891279069767442
3600666,4.0,26,0.029761904761904764,2.844642857142857
3600687,5.0,1,0.0,3.5
3600775,4.333333333333333,3,0.002380952380952381,3.0369047619047613
3600860,4.333333333333333,3,0.002380952380952381,3.0369047619047613
3600890,3.6666666666666665,3,0.002380952380952381,2.570238095238095
3600895,3.0,2,0.0011904761904761906,2.101785714285714
3600909,5.0,1,0.0,3.5
3600910,3.0,2,0.0011904761904761906,2.101785714285714
3600912,5.0,1,0.0,3.5
3600913,3.0,1,0.0,2.0999999999999996
3600934,4.0,2,0.0011904761904761906,2.8017857142857143
3600937,3.857142857142857,7,0.007142857142857144,2.7107142857142854
3600951,3.4,5,0.004761904761904762,2.387142857142857
3600975,4.0,6,0.005952380952380953,2.8089285714285714
3600987,3.0,1,0.0,2.0999999999999996
3600990,3.0,1,0.0,2.0999999999999996
3600997,3.0,1,0.0,2.0999999999999996
3601005,4.333333333333333,3,0.002380952380952381,3.0369047619047613
3601020,5.0,2,0.0011904761904761906,3.5017857142857145
3601028,5.0,1,0.0,3.5
3601063,4.2,5,0.004761904761904762,2.947142857142857
3601065,3.6666666666666665,3,0.002380952380952381,2.570238095238095
3601071,5.0,1,0.0,3.5
3601074,4.454545454545454,11,0.011904761904761908,3.1360389610389605
3601089,5.0,1,0.0,3.5
3601094,5.0,1,0.0,3.5
3601103,5.0,1,0.0,3.5
3601124,3.0,1,0.0,2.0999999999999996
3601125,5.0,2,0.0011904761904761906,3.5017857142857145
3601127,3.5,4,0.0035714285714285718,2.455357142857143
3601138,4.0,4,0.0035714285714285718,2.805357142857143
3601139,4.0,2,0.0011904761904761906,2.8017857142857143
3601140,3.0,1,0.0,2.0999999999999996
3601174,3.0,1,0.0,2.0999999999999996
3601195,5.0,1,0.0,3.5
3601212,4.0,2,0.0011904761904761906,2.8017857142857143
3601240,5.0,2,0.0011904761904761906,3.5017857142857145
3601244,5.0,2,0.0011904761904761906,3.5017857142857145
3601248,3.0,2,0.0011904761904761906,2.101785714285714
3601250,4.8,10,0.010714285714285714,3.3760714285714286
3601261,4.6,5,0.004761904761904762,3.227142857142857
3601262,5.0,1,0.0,3.5
3601267,5.0,2,0.0011904761904761906,3.5017857142857145
3601283,5.0,1,0.0,3.5
3601284,3.6666666666666665,3,0.002380952380952381,2.570238095238095
3601290,3.5714285714285716,7,0.007142857142857144,2.5107142857142857
3601297,3.4,5,0.004761904761904762,2.387142857142857
3601306,3.0,3,0.002380952380952381,2.103571428571428
3601309,4.25,8,0.008333333333333335,2.9875
3601311,5.0,1,0.0,3.5
3601331,5.0,1,0.0,3.5
3601335,3.0,1,0.0,2.0999999999999996
3601339,5.0,1,0.0,3.5
3601343,4.25,8,0.008333333333333335,2.9875
3601347,4.0,6,0.005952380952380953,2.8089285714285714
3601348,4.2,5,0.004761904761904762,2.947142857142857
3601349,3.0,3,0.002380952380952381,2.103571428571428
3601355,3.0,1,0.0,2.0999999999999996
3601359,4.0,4,0.0035714285714285718,2.805357142857143
3601366,3.0,1,0.0,2.0999999999999996
3601367,5.0,2,0.0011904761904761906,3.5017857142857145
3601376,4.6,5,0.004761904761904762,3.227142857142857
3601392,5.0,2,0.0011904761904761906,3.5017857142857145
3601402,5.0,1,0.0,3.5
3601403,5.0,1,0.0,3.5
3601405,4.214285714285714,28,0.03214285714285715,2.9982142857142855
3601406,4.5,4,0.0035714285714285718,3.155357142857143
3601416,4.0,2,0.0011904761904761906,2.8017857142857143
3601422,3.0,2,0.0011904761904761906,2.101785714285714
3601423,4.666666666666667,6,0.005952380952380953,3.2755952380952382
3601424,5.0,1,0.0,3.5
3601425,3.0,4,0.0035714285714285718,2.1053571428571427
3601437,4.5,4,0.0035714285714285718,3.155357142857143
3601438,4.111111111111111,9,0.009523809523809525,2.8920634920634916
3601443,4.0,4,0.0035714285714285718,2.805357142857143
3601446,5.0,1,0.0,3.5
3601448,4.161290322580645,31,0.03571428571428571,2.9664746543778797
3601449,3.6666666666666665,6,0.005952380952380953,2.575595238095238
3601455,5.0,2,0.0011904761904761906,3.5017857142857145
3601461,3.0,1,0.0,2.0999999999999996
3601472,4.333333333333333,3,0.002380952380952381,3.0369047619047613
3601473,5.0,1,0.0,3.5
3601475,5.0,2,0.0011904761904761906,3.5017857142857145
3601479,4.333333333333333,6,0.005952380952380953,3.0422619047619044
3601486,3.0,1,0.0,2.0999999999999996
3601489,4.142857142857143,7,0.007142857142857144,2.9107142857142856
3601493,3.0,2,0.0011904761904761906,2.101785714285714
3601494,4.0,4,0.0035714285714285718,2.805357142857143
3601505,4.0,16,0.01785714285714286,2.8267857142857142
3601508,3.0,2,0.0011904761904761906,2.101785714285714
3601509,4.0,4,0.0035714285714285718,2.805357142857143
3601516,5.0,1,0.0,3.5
3601522,4.0,10,0.010714285714285714,2.8160714285714286
3601523,3.0,1,0.0,2.0999999999999996
3601524,4.0,4,0.0035714285714285718,2.805357142857143
3601526,3.0,1,0.0,2.0999999999999996
3601527,3.4,5,0.004761904761904762,2.387142857142857
3601529,4.0,2,0.0011904761904761906,2.8017857142857143
3601530,5.0,1,0.0,3.5
3601531,5.0,1,0.0,3.5
3601535,4.2,5,0.004761904761904762,2.947142857142857
3601536,3.0,2,0.0011904761904761906,2.101785714285714
3601537,4.6,5,0.004761904761904762,3.227142857142857
3601553,3.6666666666666665,3,0.002380952380952381,2.570238095238095
3601603,3.888888888888889,18,0.02023809523809524,2.752579365079365
3601605,3.5,4,0.0035714285714285718,2.455357142857143
3601628,4.0,2,0.0011904761904761906,2.8017857142857143
3601643,5.0,1,0.0,3.5
3700006,3.6666666666666665,3,0.002380952380952381,2.570238095238095
3700039,4.0,2,0.0011904761904761906,2.8017857142857143
3700094,3.0,2,0.0011904761904761906,2.101785714285714
3700127,3.0,2,0.0011904761904761906,2.101785714285714
3700130,5.0,2,0.0011904761904761906,3.5017857142857145
3700137,3.0,1,0.0,2.0999999999999996
3700167,4.0,2,0.0011904761904761906,2.8017857142857143
3700245,3.6666666666666665,3,0.002380952380952381,2.570238095238095
3700278,4.333333333333333,3,0.002380952380952381,3.0369047619047613
3700298,5.0,1,0.0,3.5
3700338,4.6,10,0.010714285714285714,3.2360714285714285
3700392,5.0,1,0.0,3.5
3700466,3.0,1,0.0,2.0999999999999996
3700536,5.0,1,0.0,3.5
3700551,4.333333333333333,3,0.002380952380952381,3.0369047619047613
3700554,5.0,1,0.0,3.5
3700559,5.0,1,0.0,3.5
3700566,3.0,1,0.0,2.0999999999999996
3700567,3.0,2,0.0011904761904761906,2.101785714285714
3700580,5.0,1,0.0,3.5
3700600,4.666666666666667,6,0.005952380952380953,3.2755952380952382
3700601,5.0,1,0.0,3.5
3700605,5.0,1,0.0,3.5
3700606,5.0,1,0.0,3.5
3700616,5.0,1,0.0,3.5
3700621,4.333333333333333,3,0.002380952380952381,3.0369047619047613
3700648,4.0,2,0.0011904761904761906,2.8017857142857143
3700666,5.0,1,0.0,3.5
3700677,5.0,2,0.0011904761904761906,3.5017857142857145
3700683,3.8,5,0.004761904761904762,2.667142857142857
3700689,5.0,1,0.0,3.5
3700691,3.0,2,0.0011904761904761906,2.101785714285714
3700704,3.6666666666666665,3,0.002380952380952381,2.570238095238095
3700705,5.0,3,0.002380952380952381,3.5035714285714286
3700707,3.0,2,0.0011904761904761906,2.101785714285714
3700708,4.0,2,0.0011904761904761906,2.8017857142857143
3700709,4.75,8,0.008333333333333335,3.3375
3700715,5.0,4,0.0035714285714285718,3.505357142857143
3700728,5.0,1,0.0,3.5
3700746,4.5,4,0.0035714285714285718,3.155357142857143
3700748,4.111111111111111,18,0.02023809523809524,2.9081349206349203
3700749,3.0,1,0.0,2.0999999999999996
3700750,3.0,3,0.002380952380952381,2.103571428571428
3700753,4.0,2,0.0011904761904761906,2.8017857142857143
3700755,4.333333333333333,6,0.005952380952380953,3.0422619047619044
3700756,5.0,2,0.0011904761904761906,3.5017857142857145
3700766,4.333333333333333,9,0.009523809523809525,3.047619047619047
3700769,4.333333333333333,3,0.002380952380952381,3.0369047619047613
3700771,4.0,4,0.0035714285714285718,2.805357142857143
3700777,4.25,8,0.008333333333333335,2.9875
3700779,4.142857142857143,7,0.007142857142857144,2.9107142857142856
3700781,4.666666666666667,12,0.013095238095238097,3.286309523809524
3700786,3.0,1,0.0,2.0999999999999996
3700787,3.0,1,0.0,2.0999999999999996
3700790,4.333333333333333,3,0.002380952380952381,3.0369047619047613
3700791,3.6666666666666665,3,0.002380952380952381,2.570238095238095
3700794,4.428571428571429,7,0.007142857142857144,3.1107142857142858
3700796,3.0,1,0.0,2.0999999999999996
3700797,3.0,2,0.0011904761904761906,2.101785714285714
3700801,4.333333333333333,3,0.002380952380952381,3.0369047619047613
3700823,4.333333333333333,6,0.005952380952380953,3.0422619047619044
3700829,3.0,1,0.0,2.0999999999999996
3700832,4.333333333333333,3,0.002380952380952381,3.0369047619047613
3700837,4.5,4,0.0035714285714285718,3.155357142857143
3700844,3.0,1,0.0,2.0999999999999996
3700848,5.0,1,0.0,3.5
3700849,3.0,1,0.0,2.0999999999999996
3700869,4.5,24,0.027380952380952384,3.1910714285714286
3700880,4.0,2,0.0011904761904761906,2.8017857142857143
3700885,3.0,1,0.0,2.0999999999999996
3700898,5.0,3,0.002380952380952381,3.5035714285714286
3700903,3.0,1,0.0,2.0999999999999996
3700907,4.6,5,0.004761904761904762,3.227142857142857
3700910,5.0,1,0.0,3.5
3700912,4.333333333333333,3,0.002380952380952381,3.0369047619047613
3700915,4.333333333333333,3,0.002380952380952381,3.0369047619047613
3700926,4.26984126984127,63,0.07380952380952382,3.0996031746031742
3700957,5.0,1,0.0,3.5
3700958,3.6666666666666665,6,0.005952380952380953,2.575595238095238
3700967,3.6666666666666665,3,0.002380952380952381,2.570238095238095
3701005,4.0,4,0.0035714285714285718,2.805357142857143
3701016,4.25,16,0.01785714285714286,3.001785714285714
3701021,5.0,2,0.0011904761904761906,3.5017857142857145
3701022,4.0,2,0.0011904761904761906,2.8017857142857143
3701025,3.0,1,0.0,2.0999999999999996
3701056,4.304347826086956,23,0.026190476190476195,3.0523291925465834
3701062,4.5,4,0.0035714285714285718,3.155357142857143
3701069,3.6666666666666665,3,0.002380952380952381,2.570238095238095
3701078,5.0,2,0.0011904761904761906,3.5017857142857145
3701088,4.714285714285714,7,0.007142857142857144,3.3107142857142855
3701097,3.0,4,0.0035714285714285718,2.1053571428571427
3701118,4.333333333333333,3,0.002380952380952381,3.0369047619047613
3701134,4.357142857142857,28,0.03214285714285715,3.098214285714285
3701135,4.333333333333333,3,0.002380952380952381,3.0369047619047613
3701141,5.0,1,0.0,3.5
3701152,3.0,1,0.0,2.0999999999999996
3701153,5.0,1,0.0,3.5
3701154,5.0,2,0.0011904761904761906,3.5017857142857145
3701162,4.0,22,0.025000000000000005,2.8375
3701164,5.0,2,0.0011904761904761906,3.5017857142857145
3701178,4.5,4,0.0035714285714285718,3.155357142857143
3701180,4.0,4,0.0035714285714285718,2.805357142857143
3701181,3.0,1,0.0,2.0999999999999996
3701187,3.0,1,0.0,2.0999999999999996
3701190,5.0,2,0.0011904761904761906,3.5017857142857145
3701202,3.0,2,0.0011904761904761906,2.101785714285714
3701218,3.0,1,0.0,2.0999999999999996
3701225,3.0,1,0.0,2.0999999999999996
3701244,5.0,2,0.0011904761904761906,3.5017857142857145
3701268,4.5,8,0.008333333333333335,3.1625
3701282,5.0,2,0.0011904761904761906,3.5017857142857145
3701311,4.0,4,0.0035714285714285718,2.805357142857143
3701321,5.0,1,0.0,3.5
3701323,3.8,5,0.004761904761904762,2.667142857142857
3701333,3.0,1,0.0,2.0999999999999996
3701338,3.0,2,0.0011904761904761906,2.101785714285714
3701348,4.6,5,0.004761904761904762,3.227142857142857
3701357,3.0,1,0.0,2.0999999999999996
3701370,5.0,1,0.0,3.5
3701378,5.0,2,0.0011904761904761906,3.5017857142857145
3701388,5.0,1,0.0,3.5
3701391,4.0,4,0.0035714285714285718,2.805357142857143
3701396,5.0,2,0.0011904761904761906,3.5017857142857145
3701397,4.0,2,0.0011904761904761906,2.8017857142857143
3701399,3.6666666666666665,3,0.002380952380952381,2.570238095238095
3701400,3.0,2,0.0011904761904761906,2.101785714285714
3701428,4.333333333333333,3,0.002380952380952381,3.0369047619047613
3701429,3.0,1,0.0,2.0999999999999996
3701439,5.0,2,0.0011904761904761906,3.5017857142857145
3701442,4.0,2,0.0011904761904761906,2.8017857142857143
3701446,4.333333333333333,3,0.002380952380952381,3.0369047619047613
3701453,5.0,1,0.0,3.5
3701479,4.333333333333333,3,0.002380952380952381,3.0369047619047613
3701487,4.0,2,0.0011904761904761906,2.8017857142857143
3701488,5.0,1,0.0,3.5
3701492,3.0,1,0.0,2.0999999999999996
3701534,3.0,1,0.0,2.0999999999999996
3701568,3.0,1,0.0,2.0999999999999996
3701580,4.0,2,0.0011904761904761906,2.8017857142857143
3701584,4.333333333333333,3,0.002380952380952381,3.0369047619047613
3701596,4.75,8,0.008333333333333335,3.3375
3800194,5.0,1,0.0,3.5
3800262,4.0,2,0.0011904761904761906,2.8017857142857143
3800310,3.0,3,0.002380952380952381,2.103571428571428
3800418,3.0,3,0.002380952380952381,2.103571428571428
3800422,4.333333333333333,3,0.002380952380952381,3.0369047619047613
3800447,5.0,2,0.0011904761904761906,3.5017857142857145
3800490,4.5,4,0.0035714285714285718,3.155357142857143
3800632,5.0,2,0.0011904761904761906,3.5017857142857145
3800741,3.0,1,0.0,2.0999999999999996
3800751,3.0,1,0.0,2.0999999999999996
3800762,3.0,1,0.0,2.0999999999999996
3800798,4.0,2,0.0011904761904761906,2.8017857142857143
3800805,5.0,1,0.0,3.5
3800808,4.333333333333333,6,0.005952380952380953,3.0422619047619044
3800816,3.0,1,0.0,2.0999999999999996
3800838,5.0,2,0.0011904761904761906,3.5017857142857145
3800860,3.0,2,0.0011904761904761906,2.101785714285714
3800894,3.0,3,0.002380952380952381,2.103571428571428
3800945,5.0,1,0.0,3.5
3800966,4.714285714285714,14,0.01547619047619048,3.3232142857142857
3800971,5.0,1,0.0,3.5
3800979,3.888888888888889,9,0.009523809523809525,2.736507936507936
3800980,3.0,1,0.0,2.0999999999999996
3800985,4.0,8,0.008333333333333335,2.8125
3801009,5.0,1,0.0,3.5
3801035,3.0,1,0.0,2.0999999999999996
3801058,5.0,1,0.0,3.5
3801061,4.333333333333333,3,0.002380952380952381,3.0369047619047613
3801063,5.0,3,0.002380952380952381,3.5035714285714286
3801081,3.5714285714285716,7,0.007142857142857144,2.5107142857142857
3801086,3.5,4,0.0035714285714285718,2.455357142857143
3801099,4.0,2,0.0011904761904761906,2.8017857142857143
3801105,3.0,1,0.0,2.0999999999999996
3801112,5.0,2,0.0011904761904761906,3.5017857142857145
3801134,4.0,24,0.027380952380952384,2.8410714285714285
3801135,4.75,8,0.008333333333333335,3.3375
3801156,5.0,1,0.0,3.5
3801160,5.0,1,0.0,3.5
3801162,4.0,2,0.0011904761904761906,2.8017857142857143
3801204,5.0,2,0.0011904761904761906,3.5017857142857145
3801211,4.25,8,0.008333333333333335,2.9875
3801234,3.0,3,0.002380952380952381,2.103571428571428
3801235,3.0,1,0.0,2.0999999999999996
3801237,3.3333333333333335,6,0.005952380952380953,2.342261904761905
3801238,4.5,4,0.0035714285714285718,3.155357142857143
3801241,5.0,1,0.0,3.5
3801272,4.2,15,0.01666666666666667,2.965
3801293,5.0,1,0.0,3.5
3801297,4.0,2,0.0011904761904761906,2.8017857142857143
3801298,5.0,1,0.0,3.5
3801304,3.0,2,0.0011904761904761906,2.101785714285714
3801360,3.0,1,0.0,2.0999999999999996
3801369,5.0,1,0.0,3.5
3801375,5.0,1,0.0,3.5
3801402,5.0,2,0.0011904761904761906,3.5017857142857145
3801416,5.0,2,0.0011904761904761906,3.5017857142857145
3900002,3.6666666666666665,6,0.005952380952380953,2.575595238095238
3900003,4.125,16,0.01785714285714286,2.914285714285714
3900217,3.0,1,0.0,2.0999999999999996
3900339,3.0,3,0.002380952380952381,2.103571428571428
3900459,3.0,1,0.0,2.0999999999999996
3900486,3.5,4,0.0035714285714285718,2.455357142857143
3900487,3.0,2,0.0011904761904761906,2.101785714285714
3900493,3.0,1,0.0,2.0999999999999996
3900535,5.0,2,0.0011904761904761906,3.5017857142857145
3900552,3.0,1,0.0,2.0999999999999996
3900590,4.0,2,0.0011904761904761906,2.8017857142857143
3900639,3.0,1,0.0,2.0999999999999996
3900647,3.0,1,0.0,2.0999999999999996
3900648,3.0,1,0.0,2.0999999999999996
3900652,4.0,2,0.0011904761904761906,2.8017857142857143
3900654,4.2,10,0.010714285714285714,2.9560714285714287
3900655,3.0,1,0.0,2.0999999999999996
3900658,3.0,2,0.0011904761904761906,2.101785714285714
3900659,3.0,1,0.0,2.0999999999999996
3900663,3.909090909090909,11,0.011904761904761908,2.754220779220779
3900685,3.0,1,0.0,2.0999999999999996
3900688,3.0,1,0.0,2.0999999999999996
3900694,3.0,1,0.0,2.0999999999999996
3900703,3.8,5,0.004761904761904762,2.667142857142857
3900713,5.0,1,0.0,3.5
3900745,5.0,1,0.0,3.5
3900748,3.0,1,0.0,2.0999999999999996
3900749,4.0,2,0.0011904761904761906,2.8017857142857143
3900754,3.6666666666666665,3,0.002380952380952381,2.570238095238095
3900755,4.2,5,0.004761904761904762,2.947142857142857
3900762,3.0,1,0.0,2.0999999999999996
3900767,3.0,1,0.0,2.0999999999999996
3900774,3.4,5,0.004761904761904762,2.387142857142857
3900775,4.0,2,0.0011904761904761906,2.8017857142857143
3900776,4.714285714285714,7,0.007142857142857144,3.3107142857142855
3900811,3.0,1,0.0,2.0999999999999996
3900815,3.3636363636363638,11,0.011904761904761908,2.3724025974025973
3900817,3.0,1,0.0,2.0999999999999996
3900821,5.0,1,0.0,3.5
3900835,3.0,1,0.0,2.0999999999999996
3900839,5.0,1,0.0,3.5
3900883,3.0,1,0.0,2.0999999999999996
3900894,5.0,1,0.0,3.5
3900895,5.0,1,0.0,3.5
3900897,3.0,1,0.0,2.0999999999999996
3900904,5.0,1,0.0,3.5
3900934,3.5,4,0.0035714285714285718,2.455357142857143
3900953,5.0,1,0.0,3.5
3900964,5.0,1,0.0,3.5
3900968,4.6,5,0.004761904761904762,3.227142857142857
3900970,3.0,1,0.0,2.0999999999999996
3900971,4.0,2,0.0011904761904761906,2.8017857142857143
3900974,4.333333333333333,3,0.002380952380952381,3.0369047619047613
3900975,3.0,1,0.0,2.0999999999999996
3900976,3.0,1,0.0,2.0999999999999996
3900977,3.0,1,0.0,2.0999999999999996
3900978,3.6666666666666665,3,0.002380952380952381,2.570238095238095
3900985,5.0,1,0.0,3.5
3900988,4.0,2,0.0011904761904761906,2.8017857142857143
3900990,3.3333333333333335,6,0.005952380952380953,2.342261904761905
3901046,5.0,1,0.0,3.5
3901078,5.0,1,0.0,3.5
3901097,3.0,1,0.0,2.0999999999999996
3901098,3.0,1,0.0,2.0999999999999996
3901107,3.0,1,0.0,2.0999999999999996
3901204,3.0,1,0.0,2.0999999999999996
4000013,5.0,2,0.0011904761904761906,3.5017857142857145
4000104,3.0,1,0.0,2.0999999999999996
4000113,4.0,2,0.0011904761904761906,2.8017857142857143
4000169,3.0,1,0.0,2.0999999999999996
4000170,5.0,1,0.0,3.5
4000174,5.0,1,0.0,3.5
4000192,3.0,1,0.0,2.0999999999999996
4000197,3.6666666666666665,3,0.002380952380952381,2.570238095238095
4000204,5.0,1,0.0,3.5
4000209,5.0,1,0.0,3.5
4000214,5.0,1,0.0,3.5
4000218,3.6666666666666665,3,0.002380952380952381,2.570238095238095
4000224,3.0,1,0.0,2.0999999999999996
4100051,4.666666666666667,6,0.005952380952380953,3.2755952380952382
4100126,4.492063492063492,63,0.07380952380952382,3.25515873015873
4100129,4.222222222222222,18,0.02023809523809524,2.9859126984126982
4100131,4.2727272727272725,11,0.011904761904761908,3.0087662337662335
4100138,3.727272727272727,11,0.011904761904761908,2.6269480519480517
4100151,3.857142857142857,7,0.007142857142857144,2.7107142857142854
4100156,5.0,3,0.002380952380952381,3.5035714285714286
4100157,4.0,6,0.005952380952380953,2.8089285714285714
4100166,5.0,1,0.0,3.5
4100170,4.333333333333333,3,0.002380952380952381,3.0369047619047613
4100189,4.333333333333333,3,0.002380952380952381,3.0369047619047613
4100195,5.0,2,0.0011904761904761906,3.5017857142857145
4100196,4.6,5,0.004761904761904762,3.227142857142857
4100198,5.0,1,0.0,3.5
4100219,4.2,5,0.004761904761904762,2.947142857142857
4100228,4.5,4,0.0035714285714285718,3.155357142857143
4100230,4.6,5,0.004761904761904762,3.227142857142857
4100236,5.0,1,0.0,3.5
4100239,4.0,6,0.005952380952380953,2.8089285714285714
4100242,5.0,3,0.002380952380952381,3.5035714285714286
4100244,5.0,4,0.0035714285714285718,3.505357142857143
4100245,4.6,5,0.004761904761904762,3.227142857142857
4100254,5.0,1,0.0,3.5
4100258,3.0,1,0.0,2.0999999999999996
4100259,3.0,1,0.0,2.0999999999999996
4100261,5.0,2,0.0011904761904761906,3.5017857142857145
4100263,5.0,1,0.0,3.5
4100276,5.0,2,0.0011904761904761906,3.5017857142857145
4100277,4.526315789473684,38,0.04404761904761905,3.234492481203007
4100286,3.6666666666666665,3,0.002380952380952381,2.570238095238095
4100289,4.2,15,0.01666666666666667,2.965
4100291,4.333333333333333,3,0.002380952380952381,3.0369047619047613
4100300,4.0,2,0.0011904761904761906,2.8017857142857143
4100302,3.0,2,0.0011904761904761906,2.101785714285714
4100303,3.0,1,0.0,2.0999999999999996
4100304,5.0,1,0.0,3.5
4100306,3.8,5,0.004761904761904762,2.667142857142857
4100309,5.0,1,0.0,3.5
4100314,3.0,1,0.0,2.0999999999999996
4100316,4.0,2,0.0011904761904761906,2.8017857142857143
4100317,4.0,2,0.0011904761904761906,2.8017857142857143
4100319,5.0,1,0.0,3.5
4100320,3.0,2,0.0011904761904761906,2.101785714285714
4100325,3.0,1,0.0,2.0999999999999996
4100332,3.0,1,0.0,2.0999999999999996
4100335,4.176470588235294,17,0.01904761904761905,2.952100840336134
4100340,5.0,1,0.0,3.5
4100341,4.0,2,0.0011904761904761906,2.8017857142857143
4100342,3.8333333333333335,12,0.013095238095238097,2.7029761904761904
4100343,5.0,3,0.002380952380952381,3.5035714285714286
4100346,4.151515151515151,33,0.0380952380952381,2.9632034632034627
4100349,5.0,1,0.0,3.5
4100354,4.0,2,0.0011904761904761906,2.8017857142857143
4100355,5.0,1,0.0,3.5
4100356,4.0,2,0.0011904761904761906,2.8017857142857143
4100357,5.0,2,0.0011904761904761906,3.5017857142857145
4100358,5.0,1,0.0,3.5
4100359,4.0,6,0.005952380952380953,2.8089285714285714
4100360,5.0,2,0.0011904761904761906,3.5017857142857145
4100361,5.0,1,0.0,3.5
4100362,5.0,4,0.0035714285714285718,3.505357142857143
4100364,5.0,1,0.0,3.5
4100366,4.6,5,0.004761904761904762,3.227142857142857
4100368,3.0,1,0.0,2.0999999999999996
4100369,3.0,4,0.0035714285714285718,2.1053571428571427
4100370,4.2,15,0.01666666666666667,2.965
4100372,4.333333333333333,3,0.002380952380952381,3.0369047619047613
4100374,4.384615384615385,13,0.014285714285714287,3.090659340659341
4100375,3.0,2,0.0011904761904761906,2.101785714285714
4100377,4.0,2,0.0011904761904761906,2.8017857142857143
4100378,3.0,1,0.0,2.0999999999999996
4200507,3.0,1,0.0,2.0999999999999996
4200542,3.0,1,0.0,2.0999999999999996
4200543,5.0,1,0.0,3.5
4200544,4.2,5,0.004761904761904762,2.947142857142857
4200706,3.0,1,0.0,2.0999999999999996
4200714,4.0,2,0.0011904761904761906,2.8017857142857143
4200757,3.0,1,0.0,2.0999999999999996
4200858,3.0,1,0.0,2.0999999999999996
4200866,5.0,3,0.002380952380952381,3.5035714285714286
4200880,4.0,2,0.0011904761904761906,2.8017857142857143
4200887,3.0,2,0.0011904761904761906,2.101785714285714
4200943,4.0,2,0.0011904761904761906,2.8017857142857143
4201024,5.0,2,0.0011904761904761906,3.5017857142857145
4201027,4.0,2,0.0011904761904761906,2.8017857142857143
4201085,3.6666666666666665,3,0.002380952380952381,2.570238095238095
4201114,3.6666666666666665,3,0.002380952380952381,2.570238095238095
4201138,3.0,1,0.0,2.0999999999999996
4201164,3.0,1,0.0,2.0999999999999996
4201166,3.0,1,0.0,2.0999999999999996
4201168,3.6666666666666665,3,0.002380952380952381,2.570238095238095
4201228,3.6666666666666665,3,0.002380952380952381,2.570238095238095
4201284,3.0,1,0.0,2.0999999999999996
4201361,3.0,1,0.0,2.0999999999999996
4201373,5.0,1,0.0,3.5
4201374,4.0,2,0.0011904761904761906,2.8017857142857143
4201403,3.0,1,0.0,2.0999999999999996
4201416,3.0,1,0.0,2.0999999999999996
4201419,3.0,1,0.0,2.0999999999999996
4201423,3.0,1,0.0,2.0999999999999996
4201428,5.0,3,0.002380952380952381,3.5035714285714286
4201455,3.0,1,0.0,2.0999999999999996
4201456,5.0,1,0.0,3.5
4201502,3.0,1,0.0,2.0999999999999996
4300072,5.0,1,0.0,3.5
4300077,4.0,2,0.0011904761904761906,2.8017857142857143
4300160,5.0,1,0.0,3.5
4300225,5.0,1,0.0,3.5
4300246,3.0,1,0.0,2.0999999999999996
4300247,3.0,1,0.0,2.0999999999999996
4300250,4.0,2,0.0011904761904761906,2.8017857142857143
4300263,4.0,2,0.0011904761904761906,2.8017857142857143
4300266,3.8,5,0.004761904761904762,2.667142857142857
4300270,4.0,2,0.0011904761904761906,2.8017857142857143
4300280,3.0,1,0.0,2.0999999999999996
4300327,5.0,1,0.0,3.5
4300343,4.0,2,0.0011904761904761906,2.8017857142857143
4300365,3.0,1,0.0,2.0999999999999996
4300374,5.0,1,0.0,3.5
4300375,4.5,12,0.013095238095238097,3.169642857142857
4300376,3.0,4,0.0035714285714285718,2.1053571428571427
4300378,4.5,4,0.0035714285714285718,3.155357142857143
4300379,3.0,1,0.0,2.0999999999999996
4300385,3.0,1,0.0,2.0999999999999996
4300392,4.333333333333333,3,0.002380952380952381,3.0369047619047613
4300404,3.857142857142857,7,0.007142857142857144,2.7107142857142854
4300409,4.5,4,0.0035714285714285718,3.155357142857143
4300415,3.0,1,0.0,2.0999999999999996
4300419,4.2,5,0.004761904761904762,2.947142857142857
4300423,5.0,1,0.0,3.5
4300430,3.6666666666666665,3,0.002380952380952381,2.570238095238095
4300443,3.0,1,0.0,2.0999999999999996
4300444,5.0,5,0.004761904761904762,3.507142857142857
4300457,4.555555555555555,9,0.009523809523809525,3.203174603174603
4300489,3.0,1,0.0,2.0999999999999996
4400000,4.0,2,0.0011904761904761906,2.8017857142857143
4400034,3.0,1,0.0,2.0999999999999996
4400038,5.0,1,0.0,3.5
4400063,5.0,1,0.0,3.5
4400163,5.0,1,0.0,3.5
4400165,5.0,1,0.0,3.5
4400166,5.0,1,0.0,3.5
4400189,5.0,5,0.004761904761904762,3.507142857142857
4400226,3.0,1,0.0,2.0999999999999996
4400234,5.0,1,0.0,3.5
4400250,3.6666666666666665,3,0.002380952380952381,2.570238095238095
4400312,3.0,1,0.0,2.0999999999999996
4400322,5.0,2,0.0011904761904761906,3.5017857142857145
4400468,3.0,1,0.0,2.0999999999999996
4400478,4.0,4,0.0035714285714285718,2.805357142857143
4400519,5.0,1,0.0,3.5
4400520,3.0,1,0.0,2.0999999999999996
4400559,5.0,1,0.0,3.5
4400565,4.0,2,0.0011904761904761906,2.8017857142857143
4500225,3.0,1,0.0,2.0999999999999996
4500288,3.6666666666666665,3,0.002380952380952381,2.570238095238095
4500301,3.0,1,0.0,2.0999999999999996
4501008,5.0,1,0.0,3.5
4501015,5.0,3,0.002380952380952381,3.5035714285714286
4501179,5.0,1,0.0,3.5
4501190,3.6666666666666665,3,0.002380952380952381,2.570238095238095
4501321,4.333333333333333,3,0.002380952380952381,3.0369047619047613
4501324,5.0,1,0.0,3.5
4501506,5.0,1,0.0,3.5
4501523,4.0,2,0.0011904761904761906,2.8017857142857143
4501525,5.0,1,0.0,3.5
4501539,5.0,3,0.002380952380952381,3.5035714285714286
4501540,5.0,3,0.002380952380952381,3.5035714285714286
4501569,5.0,4,0.0035714285714285718,3.505357142857143
4501575,5.0,1,0.0,3.5
4501733,3.0,1,0.0,2.0999999999999996
4501774,5.0,1,0.0,3.5
4501781,4.25,8,0.008333333333333335,2.9875
4502473,4.0,2,0.0011904761904761906,2.8017857142857143
4502489,3.0,1,0.0,2.0999999999999996
4502741,5.0,1,0.0,3.5
4600007,5.0,1,0.0,3.5
4600129,3.0,1,0.0,2.0999999999999996
4600245,3.0,1,0.0,2.0999999999999996
4600299,5.0,2,0.0011904761904761906,3.5017857142857145
4600355,5.0,1,0.0,3.5
4600466,4.0,2,0.0011904761904761906,2.8017857142857143
4600498,4.333333333333333,3,0.002380952380952381,3.0369047619047613
4600535,4.0,4,0.0035714285714285718,2.805357142857143
4600541,4.0,2,0.0011904761904761906,2.8017857142857143
4600551,5.0,1,0.0,3.5
4600613,3.0,1,0.0,2.0999999999999996
4600667,5.0,1,0.0,3.5
4700383,5.0,1,0.0,3.5
4700388,5.0,1,0.0,3.5
4700478,4.0,2,0.0011904761904761906,2.8017857142857143
4700542,5.0,1,0.0,3.5
4700630,4.0,4,0.0035714285714285718,2.805357142857143
4700636,5.0,2,0.0011904761904761906,3.5017857142857145
4700651,5.0,1,0.0,3.5
4700680,5.0,1,0.0,3.5
4700694,3.0,2,0.0011904761904761906,2.101785714285714
4700713,3.0,1,0.0,2.0999999999999996
4700738,4.25,8,0.008333333333333335,2.9875
4700741,5.0,2,0.0011904761904761906,3.5017857142857145
4800224,5.0,1,0.0,3.5
4800236,4.0,2,0.0011904761904761906,2.8017857142857143
4800325,5.0,1,0.0,3.5
4800335,5.0,3,0.002380952380952381,3.5035714285714286
4800358,3.0,1,0.0,2.0999999999999996
4800424,3.0,2,0.0011904761904761906,2.101785714285714
4800437,5.0,1,0.0,3.5
4800453,3.6666666666666665,3,0.002380952380952381,2.570238095238095
4800584,3.0,1,0.0,2.0999999999999996
4800667,3.6666666666666665,3,0.002380952380952381,2.570238095238095
4800669,3.0,1,0.0,2.0999999999999996
4800670,3.6666666666666665,6,0.005952380952380953,2.575595238095238
4800675,5.0,1,0.0,3.5
4800678,4.0,4,0.0035714285714285718,2.805357142857143
4800710,5.0,1,0.0,3.5
4800725,5.0,2,0.0011904761904761906,3.5017857142857145
4800727,3.5,4,0.0035714285714285718,2.455357142857143
4800730,4.428571428571429,7,0.007142857142857144,3.1107142857142858
4800732,3.0,2,0.0011904761904761906,2.101785714285714
4800756,3.0,2,0.0011904761904761906,2.101785714285714
4800773,5.0,1,0.0,3.5
4800775,4.333333333333333,3,0.002380952380952381,3.0369047619047613
4800776,3.6666666666666665,3,0.002380952380952381,2.570238095238095
4800797,3.6666666666666665,6,0.005952380952380953,2.575595238095238
4800799,3.0,1,0.0,2.0999999999999996
4800817,3.0,1,0.0,2.0999999999999996
4800848,3.0,2,0.0011904761904761906,2.101785714285714
4800898,3.0,1,0.0,2.0999999999999996
4800985,3.6666666666666665,3,0.002380952380952381,2.570238095238095
4800998,3.0,1,0.0,2.0999999999999996
4801033,5.0,1,0.0,3.5
4801094,4.5,4,0.0035714285714285718,3.155357142857143
4801187,5.0,2,0.0011904761904761906,3.5017857142857145
4801190,3.0,1,0.0,2.0999999999999996
4801258,3.6666666666666665,3,0.002380952380952381,2.570238095238095
4801382,5.0,1,0.0,3.5
4801428,5.0,2,0.0011904761904761906,3.5017857142857145
4801451,5.0,1,0.0,3.5
4801487,4.333333333333333,3,0.002380952380952381,3.0369047619047613
4801583,5.0,2,0.0011904761904761906,3.5017857142857145
4801628,4.157894736842105,19,0.021428571428571432,2.9426691729323307
4801629,3.0,2,0.0011904761904761906,2.101785714285714
4801766,3.0,1,0.0,2.0999999999999996
4801791,3.0,3,0.002380952380952381,2.103571428571428
4801838,4.2,5,0.004761904761904762,2.947142857142857
4801840,5.0,2,0.0011904761904761906,3.5017857142857145
4801876,4.166666666666667,12,0.013095238095238097,2.936309523809524
4801965,3.75,8,0.008333333333333335,2.6375
4802021,3.0,2,0.0011904761904761906,2.101785714285714
4802035,4.333333333333333,3,0.002380952380952381,3.0369047619047613
4802036,3.0,3,0.002380952380952381,2.103571428571428
4802078,4.0,8,0.008333333333333335,2.8125
4802139,5.0,1,0.0,3.5
4802157,3.0,1,0.0,2.0999999999999996
4802159,4.0256410256410255,39,0.04523809523809524,2.8858058608058608
4802160,4.0,2,0.0011904761904761906,2.8017857142857143
4802161,5.0,2,0.0011904761904761906,3.5017857142857145
4802164,3.0,2,0.0011904761904761906,2.101785714285714
4802233,5.0,1,0.0,3.5
4802234,4.6,5,0.004761904761904762,3.227142857142857
4802237,4.0,2,0.0011904761904761906,2.8017857142857143
4802268,3.0,1,0.0,2.0999999999999996
4802271,5.0,2,0.0011904761904761906,3.5017857142857145
4802272,4.230769230769231,13,0.014285714285714287,2.9829670329670326
4802273,4.166666666666667,12,0.013095238095238097,2.936309523809524
4802274,3.0,1,0.0,2.0999999999999996
4802297,4.5,4,0.0035714285714285718,3.155357142857143
4802351,4.0,2,0.0011904761904761906,2.8017857142857143
4802362,4.0,2,0.0011904761904761906,2.8017857142857143
4802379,3.909090909090909,11,0.011904761904761908,2.754220779220779
4802400,4.2,5,0.004761904761904762,2.947142857142857
4802401,3.8,10,0.010714285714285714,2.6760714285714284
4802419,3.8,5,0.004761904761904762,2.667142857142857
4802429,3.0,2,0.0011904761904761906,2.101785714285714
4802438,5.0,1,0.0,3.5
4802448,3.0,1,0.0,2.0999999999999996
4802473,4.0,6,0.005952380952380953,2.8089285714285714
4802606,5.0,2,0.0011904761904761906,3.5017857142857145
4802682,4.0,8,0.008333333333333335,2.8125
4802759,4.2,5,0.004761904761904762,2.947142857142857
4802837,5.0,1,0.0,3.5
4802846,5.0,1,0.0,3.5
4802878,4.111111111111111,9,0.009523809523809525,2.8920634920634916
4802888,4.6,5,0.004761904761904762,3.227142857142857
4802893,3.0,1,0.0,2.0999999999999996
4802899,5.0,1,0.0,3.5
4802927,3.6666666666666665,3,0.002380952380952381,2.570238095238095
4802929,4.0,2,0.0011904761904761906,2.8017857142857143
4802955,4.5,4,0.0035714285714285718,3.155357142857143
4802960,3.6666666666666665,3,0.002380952380952381,2.570238095238095
4802961,4.0,2,0.0011904761904761906,2.8017857142857143
4802963,3.5454545454545454,11,0.011904761904761908,2.4996753246753243
4802965,3.8,5,0.004761904761904762,2.667142857142857
4802974,4.066666666666666,15,0.01666666666666667,2.871666666666666
4803005,4.333333333333333,6,0.005952380952380953,3.0422619047619044
4803108,3.6666666666666665,3,0.002380952380952381,2.570238095238095
4803121,3.0,1,0.0,2.0999999999999996
4803128,4.0,2,0.0011904761904761906,2.8017857142857143
4803139,4.333333333333333,3,0.002380952380952381,3.0369047619047613
4803158,3.6666666666666665,3,0.002380952380952381,2.570238095238095
4803159,3.0,2,0.0011904761904761906,2.101785714285714
4803160,3.0,1,0.0,2.0999999999999996
4803174,4.0,2,0.0011904761904761906,2.8017857142857143
4803175,3.8,5,0.004761904761904762,2.667142857142857
4803186,4.2,5,0.004761904761904762,2.947142857142857
4803189,5.0,1,0.0,3.5
4803191,5.0,1,0.0,3.5
4803192,3.0,1,0.0,2.0999999999999996
4803213,5.0,1,0.0,3.5
4803388,5.0,1,0.0,3.5
4803395,3.0,2,0.0011904761904761906,2.101785714285714
4803397,3.0,2,0.0011904761904761906,2.101785714285714
4803399,3.4615384615384617,13,0.014285714285714287,2.4445054945054943
4803427,5.0,1,0.0,3.5
4803439,4.333333333333333,3,0.002380952380952381,3.0369047619047613
4803441,3.0,1,0.0,2.0999999999999996
4803459,4.0,2,0.0011904761904761906,2.8017857142857143
4803531,5.0,1,0.0,3.5
4803533,5.0,2,0.0011904761904761906,3.5017857142857145
4803534,4.0,2,0.0011904761904761906,2.8017857142857143
4803535,4.5,4,0.0035714285714285718,3.155357142857143
4803536,4.333333333333333,3,0.002380952380952381,3.0369047619047613
4803551,3.0,1,0.0,2.0999999999999996
4803552,5.0,2,0.0011904761904761906,3.5017857142857145
4803553,5.0,1,0.0,3.5
4803557,5.0,2,0.0011904761904761906,3.5017857142857145
4803585,5.0,1,0.0,3.5
4803603,3.0,1,0.0,2.0999999999999996
4803614,5.0,1,0.0,3.5
4803637,4.2,10,0.010714285714285714,2.9560714285714287
4803639,3.0,1,0.0,2.0999999999999996
4803640,3.8,5,0.004761904761904762,2.667142857142857
4803653,5.0,3,0.002380952380952381,3.5035714285714286
4803686,3.0,3,0.002380952380952381,2.103571428571428
4803695,3.0,1,0.0,2.0999999999999996
4803745,5.0,1,0.0,3.5
4803750,5.0,1,0.0,3.5
4803763,5.0,1,0.0,3.5
4803771,5.0,1,0.0,3.5
4803773,3.0,1,0.0,2.0999999999999996
4803774,5.0,1,0.0,3.5
4803776,4.428571428571429,7,0.007142857142857144,3.1107142857142858
4803778,5.0,1,0.0,3.5
4803780,3.0,2,0.0011904761904761906,2.101785714285714
4803794,3.0,1,0.0,2.0999999999999996
4803795,3.0,1,0.0,2.0999999999999996
4803797,4.0,2,0.0011904761904761906,2.8017857142857143
4803853,3.6666666666666665,3,0.002380952380952381,2.570238095238095
4803866,4.333333333333333,3,0.002380952380952381,3.0369047619047613
4803870,4.0,4,0.0035714285714285718,2.805357142857143
4803878,4.6,5,0.004761904761904762,3.227142857142857
4803879,4.111111111111111,9,0.009523809523809525,2.8920634920634916
4803894,4.444444444444445,18,0.02023809523809524,3.141468253968254
4803896,5.0,2,0.0011904761904761906,3.5017857142857145
4803897,3.0,1,0.0,2.0999999999999996
4803943,4.714285714285714,7,0.007142857142857144,3.3107142857142855
4803945,4.0,2,0.0011904761904761906,2.8017857142857143
4803948,4.5,4,0.0035714285714285718,3.155357142857143
4803956,3.3636363636363638,11,0.011904761904761908,2.3724025974025973
4803958,4.333333333333333,3,0.002380952380952381,3.0369047619047613
4803959,5.0,1,0.0,3.5
4803969,3.0,1,0.0,2.0999999999999996
4803976,4.6,10,0.010714285714285714,3.2360714285714285
4803977,4.5,56,0.0654761904761905,3.2482142857142855
4803979,5.0,1,0.0,3.5
4803981,5.0,3,0.002380952380952381,3.5035714285714286
4803982,5.0,1,0.0,3.5
4803983,3.0,1,0.0,2.0999999999999996
4803984,3.0,2,0.0011904761904761906,2.101785714285714
4803986,5.0,1,0.0,3.5
4803987,3.0,1,0.0,2.0999999999999996
4803990,5.0,1,0.0,3.5
4804005,5.0,1,0.0,3.5
4804055,4.157894736842105,76,0.0892857142857143,3.0444548872180452
4804056,4.497907949790795,239,0.2833333333333334,3.5735355648535565
4804063,5.0,1,0.0,3.5
4804099,4.125,16,0.01785714285714286,2.914285714285714
4804102,3.6666666666666665,3,0.002380952380952381,2.570238095238095
4804109,3.0,1,0.0,2.0999999999999996
4804128,3.8,5,0.004761904761904762,2.667142857142857
4804130,4.142857142857143,7,0.007142857142857144,2.9107142857142856
4804132,3.75,8,0.008333333333333335,2.6375
4804137,4.0,2,0.0011904761904761906,2.8017857142857143
4804139,5.0,1,0.0,3.5
4804144,3.6666666666666665,3,0.002380952380952381,2.570238095238095
4804153,4.6,5,0.004761904761904762,3.227142857142857
4804162,4.0,2,0.0011904761904761906,2.8017857142857143
4804166,5.0,2,0.0011904761904761906,3.5017857142857145
4804167,3.0,1,0.0,2.0999999999999996
4804169,5.0,1,0.0,3.5
4804177,3.0,4,0.0035714285714285718,2.1053571428571427
4804216,4.5,4,0.0035714285714285718,3.155357142857143
4804220,5.0,1,0.0,3.5
4804241,3.0,1,0.0,2.0999999999999996
4804243,3.0,1,0.0,2.0999999999999996
4804250,3.0,1,0.0,2.0999999999999996
4804252,4.0,2,0.0011904761904761906,2.8017857142857143
4804254,4.0,2,0.0011904761904761906,2.8017857142857143
4804295,4.154929577464789,71,0.08333333333333334,3.033450704225352
4804301,5.0,1,0.0,3.5
4804309,5.0,1,0.0,3.5
4804336,3.5,8,0.008333333333333335,2.4625
4804409,3.5,8,0.008333333333333335,2.4625
4804418,5.0,1,0.0,3.5
4804421,3.0,1,0.0,2.0999999999999996
4804424,3.6666666666666665,6,0.005952380952380953,2.575595238095238
4804428,3.0,1,0.0,2.0999999999999996
4804434,3.0,1,0.0,2.0999999999999996
4804480,4.0,2,0.0011904761904761906,2.8017857142857143
4804497,4.2,5,0.004761904761904762,2.947142857142857
4804536,3.5,4,0.0035714285714285718,2.455357142857143
4804539,3.5,4,0.0035714285714285718,2.455357142857143
4804577,4.0,2,0.0011904761904761906,2.8017857142857143
4804581,4.555555555555555,9,0.009523809523809525,3.203174603174603
4804606,4.0,2,0.0011904761904761906,2.8017857142857143
4804625,3.0,1,0.0,2.0999999999999996
4804660,4.384615384615385,117,0.1380952380952381,3.2763736263736267
4804674,5.0,1,0.0,3.5
4804675,3.0,1,0.0,2.0999999999999996
4804688,5.0,1,0.0,3.5
4804690,5.0,2,0.0011904761904761906,3.5017857142857145
4804718,4.341772151898734,79,0.09285714285714287,3.178526220614828
4804719,3.2857142857142856,7,0.007142857142857144,2.3107142857142855
4804729,5.0,1,0.0,3.5
4804730,4.0,6,0.005952380952380953,2.8089285714285714
4804731,4.0,2,0.0011904761904761906,2.8017857142857143
4900000,3.0,1,0.0,2.0999999999999996
4900003,3.0,2,0.0011904761904761906,2.101785714285714
4900011,4.0,2,0.0011904761904761906,2.8017857142857143
4900015,5.0,1,0.0,3.5
4900033,3.0,1,0.0,2.0999999999999996
4900087,4.0,2,0.0011904761904761906,2.8017857142857143
4900088,3.0,1,0.0,2.0999999999999996
4900181,3.0,1,0.0,2.0999999999999996
4900234,5.0,2,0.0011904761904761906,3.5017857142857145
4900296,5.0,1,0.0,3.5
4900320,5.0,1,0.0,3.5
4900330,4.5,4,0.0035714285714285718,3.155357142857143
4900346,3.0,1,0.0,2.0999999999999996
4900380,3.0,1,0.0,2.0999999999999996
4900382,3.5,4,0.0035714285714285718,2.455357142857143
4900386,5.0,2,0.0011904761904761906,3.5017857142857145
4900387,4.0,2,0.0011904761904761906,2.8017857142857143
4900395,3.0,1,0.0,2.0999999999999996
4900398,5.0,1,0.0,3.5
4900407,3.0,2,0.0011904761904761906,2.101785714285714
4900412,5.0,1,0.0,3.5
5000005,5.0,3,0.002380952380952381,3.5035714285714286
5000010,3.0,1,0.0,2.0999999999999996
5000012,3.0,1,0.0,2.0999999999999996
5000015,4.2,5,0.004761904761904762,2.947142857142857
5000016,5.0,1,0.0,3.5
5000024,4.0,8,0.008333333333333335,2.8125
5000027,5.0,1,0.0,3.5
5000030,3.0,1,0.0,2.0999999999999996
5000033,3.0,1,0.0,2.0999999999999996
5000042,3.0,2,0.0011904761904761906,2.101785714285714
5000049,5.0,1,0.0,3.5
5000054,4.0,4,0.0035714285714285718,2.805357142857143
5000062,4.0,6,0.005952380952380953,2.8089285714285714
5000065,5.0,1,0.0,3.5
5000076,5.0,1,0.0,3.5
5000077,4.142857142857143,7,0.007142857142857144,2.9107142857142856
5000084,3.0,1,0.0,2.0999999999999996
5000090,5.0,2,0.0011904761904761906,3.5017857142857145
5000107,3.5,4,0.0035714285714285718,2.455357142857143
5000108,4.2,5,0.004761904761904762,2.947142857142857
5000110,4.0,6,0.005952380952380953,2.8089285714285714
5000118,4.0,2,0.0011904761904761906,2.8017857142857143
5000121,5.0,1,0.0,3.5
5000184,4.333333333333333,3,0.002380952380952381,3.0369047619047613
5000214,5.0,1,0.0,3.5
5000215,4.333333333333333,6,0.005952380952380953,3.0422619047619044
5000220,3.8,5,0.004761904761904762,2.667142857142857
5000223,4.142857142857143,7,0.007142857142857144,2.9107142857142856
5000224,4.0,4,0.0035714285714285718,2.805357142857143
5000245,3.0,3,0.002380952380952381,2.103571428571428
5000259,5.0,1,0.0,3.5
5000318,5.0,2,0.0011904761904761906,3.5017857142857145
5000323,5.0,2,0.0011904761904761906,3.5017857142857145
5000324,5.0,3,0.002380952380952381,3.5035714285714286
5000339,3.5714285714285716,7,0.007142857142857144,2.5107142857142857
5000341,5.0,1,0.0,3.5
5000343,5.0,2,0.0011904761904761906,3.5017857142857145
5000344,4.0,2,0.0011904761904761906,2.8017857142857143
5000346,4.428571428571429,7,0.007142857142857144,3.1107142857142858
5000347,4.0,2,0.0011904761904761906,2.8017857142857143
5000356,4.142857142857143,7,0.007142857142857144,2.9107142857142856
5000402,4.333333333333333,3,0.002380952380952381,3.0369047619047613
5000421,3.0,1,0.0,2.0999999999999996
5000465,3.0,1,0.0,2.0999999999999996
5000470,4.5,4,0.0035714285714285718,3.155357142857143
5000475,4.333333333333333,15,0.01666666666666667,3.0583333333333327
5000477,3.0,2,0.0011904761904761906,2.101785714285714
5000493,4.0,2,0.0011904761904761906,2.8017857142857143
5000498,5.0,1,0.0,3.5
5000504,3.0,3,0.002380952380952381,2.103571428571428
5000505,5.0,1,0.0,3.5
5000511,5.0,1,0.0,3.5
5000530,3.0,2,0.0011904761904761906,2.101785714285714
5000540,3.0,2,0.0011904761904761906,2.101785714285714
5000548,3.6666666666666665,3,0.002380952380952381,2.570238095238095
5000549,3.5,4,0.0035714285714285718,2.455357142857143
5000552,3.8,5,0.004761904761904762,2.667142857142857
5000556,3.0,1,0.0,2.0999999999999996
5000565,4.2631578947368425,19,0.021428571428571432,3.0163533834586467
5000568,5.0,2,0.0011904761904761906,3.5017857142857145
5000575,5.0,2,0.0011904761904761906,3.5017857142857145
5000578,3.0,1,0.0,2.0999999999999996
5000619,3.0,1,0.0,2.0999999999999996
5000630,3.0,1,0.0,2.0999999999999996
5000634,5.0,4,0.0035714285714285718,3.505357142857143
5000637,5.0,1,0.0,3.5
5000690,5.0,7,0.007142857142857144,3.5107142857142857
5000700,5.0,1,0.0,3.5
5000701,3.6666666666666665,3,0.002380952380952381,2.570238095238095
5000768,5.0,1,0.0,3.5
5000810,4.0,2,0.0011904761904761906,2.8017857142857143
5000824,3.6666666666666665,3,0.002380952380952381,2.570238095238095
5100229,3.0,1,0.0,2.0999999999999996
5100285,4.0,2,0.0011904761904761906,2.8017857142857143
5100328,5.0,5,0.004761904761904762,3.507142857142857
5100329,3.0,1,0.0,2.0999999999999996
5100337,4.8125,32,0.036904761904761905,3.424107142857143
5100343,4.714285714285714,7,0.007142857142857144,3.3107142857142855
5100346,5.0,1,0.0,3.5
5100347,4.428571428571429,7,0.007142857142857144,3.1107142857142858
5100351,5.0,3,0.002380952380952381,3.5035714285714286
5100375,5.0,2,0.0011904761904761906,3.5017857142857145
5100376,4.5,12,0.013095238095238097,3.169642857142857
5100378,4.0,4,0.0035714285714285718,2.805357142857143
5100405,3.0,1,0.0,2.0999999999999996
5100466,3.0,2,0.0011904761904761906,2.101785714285714
5100468,4.0,2,0.0011904761904761906,2.8017857142857143
5100503,4.294117647058823,17,0.01904761904761905,3.0344537815126045
5100505,4.333333333333333,3,0.002380952380952381,3.0369047619047613
5100533,3.0,1,0.0,2.0999999999999996
5100539,3.0,2,0.0011904761904761906,2.101785714285714
5100551,3.0,1,0.0,2.0999999999999996
5100562,4.5,32,0.036904761904761905,3.205357142857143
5100563,5.0,2,0.0011904761904761906,3.5017857142857145
5100564,4.6,5,0.004761904761904762,3.227142857142857
5100566,3.6666666666666665,3,0.002380952380952381,2.570238095238095
5100567,3.8,5,0.004761904761904762,2.667142857142857
5100571,3.0,1,0.0,2.0999999999999996
5100572,3.0,1,0.0,2.0999999999999996
5100573,3.0,1,0.0,2.0999999999999996
5100574,5.0,2,0.0011904761904761906,3.5017857142857145
5100576,3.0,1,0.0,2.0999999999999996
5100577,4.076923076923077,13,0.014285714285714287,2.875274725274725
5100601,5.0,5,0.004761904761904762,3.507142857142857
5100604,5.0,12,0.013095238095238097,3.5196428571428573
5100610,4.0,4,0.0035714285714285718,2.805357142857143
5100647,5.0,2,0.0011904761904761906,3.5017857142857145
5100654,3.0,1,0.0,2.0999999999999996
5100674,3.0,1,0.0,2.0999999999999996
5100689,4.555555555555555,18,0.02023809523809524,3.2192460317460316
5100694,3.0,2,0.0011904761904761906,2.101785714285714
5100696,5.0,1,0.0,3.5
5100700,5.0,3,0.002380952380952381,3.5035714285714286
5100712,5.0,1,0.0,3.5
5100715,5.0,1,0.0,3.5
5100718,4.5,8,0.008333333333333335,3.1625
5100719,4.294117647058823,17,0.01904761904761905,3.0344537815126045
5100721,5.0,1,0.0,3.5
5100722,5.0,2,0.0011904761904761906,3.5017857142857145
5100746,3.0,1,0.0,2.0999999999999996
5100748,3.0,1,0.0,2.0999999999999996
5100763,4.2,5,0.004761904761904762,2.947142857142857
5100764,3.0,1,0.0,2.0999999999999996
5100767,4.555555555555555,9,0.009523809523809525,3.203174603174603
5100768,3.6666666666666665,3,0.002380952380952381,2.570238095238095
5100770,5.0,2,0.0011904761904761906,3.5017857142857145
5100776,3.0,1,0.0,2.0999999999999996
5100783,3.0,1,0.0,2.0999999999999996
5100794,5.0,1,0.0,3.5
5100797,3.0,1,0.0,2.0999999999999996
5100802,5.0,2,0.0011904761904761906,3.5017857142857145
5100816,4.362637362637362,91,0.10714285714285715,3.214560439560439
5100817,3.0,4,0.0035714285714285718,2.1053571428571427
5100818,3.0,1,0.0,2.0999999999999996
5100826,4.333333333333333,3,0.002380952380952381,3.0369047619047613
5100833,5.0,1,0.0,3.5
5100835,4.0,4,0.0035714285714285718,2.805357142857143
5100843,5.0,1,0.0,3.5
5100846,3.6666666666666665,3,0.002380952380952381,2.570238095238095
5100851,3.6666666666666665,3,0.002380952380952381,2.570238095238095
5100852,4.5,16,0.01785714285714286,3.1767857142857143
5100853,4.333333333333333,12,0.013095238095238097,3.05297619047619
5100854,4.5,8,0.008333333333333335,3.1625
5100855,4.0,24,0.027380952380952384,2.8410714285714285
5100856,3.0,1,0.0,2.0999999999999996
5100857,5.0,3,0.002380952380952381,3.5035714285714286
5100860,5.0,2,0.0011904761904761906,3.5017857142857145
5100861,4.0,2,0.0011904761904761906,2.8017857142857143
5100862,4.0,2,0.0011904761904761906,2.8017857142857143
5100874,4.333333333333333,3,0.002380952380952381,3.0369047619047613
5100876,3.0,1,0.0,2.0999999999999996
5100887,5.0,3,0.002380952380952381,3.5035714285714286
5100888,5.0,1,0.0,3.5
5100895,4.5,4,0.0035714285714285718,3.155357142857143
5100897,3.0,1,0.0,2.0999999999999996
5100898,4.0,2,0.0011904761904761906,2.8017857142857143
5100899,5.0,1,0.0,3.5
5100901,4.333333333333333,3,0.002380952380952381,3.0369047619047613
5200096,3.0,1,0.0,2.0999999999999996
5200102,3.6666666666666665,3,0.002380952380952381,2.570238095238095
5200130,4.333333333333333,3,0.002380952380952381,3.0369047619047613
5200131,4.0,2,0.0011904761904761906,2.8017857142857143
5200133,5.0,1,0.0,3.5
5200134,4.5,4,0.0035714285714285718,3.155357142857143
5200135,5.0,1,0.0,3.5
5200136,3.6666666666666665,3,0.002380952380952381,2.570238095238095
5200148,3.0,1,0.0,2.0999999999999996
5300030,4.0,2,0.0011904761904761906,2.8017857142857143
5300032,5.0,5,0.004761904761904762,3.507142857142857
5300059,4.0,2,0.0011904761904761906,2.8017857142857143
5300092,4.0,2,0.0011904761904761906,2.8017857142857143
5300096,4.0,4,0.0035714285714285718,2.805357142857143
5300125,4.5,4,0.0035714285714285718,3.155357142857143
5300147,5.0,2,0.0011904761904761906,3.5017857142857145
5300157,4.454545454545454,11,0.011904761904761908,3.1360389610389605
5300162,4.0,4,0.0035714285714285718,2.805357142857143
5300163,4.0,2,0.0011904761904761906,2.8017857142857143
5300172,5.0,1,0.0,3.5
5300185,4.333333333333333,3,0.002380952380952381,3.0369047619047613
5300213,4.0,4,0.0035714285714285718,2.805357142857143
5300245,4.0,4,0.0035714285714285718,2.805357142857143
5300253,5.0,1,0.0,3.5
5300308,5.0,1,0.0,3.5
5300334,5.0,1,0.0,3.5
5300343,5.0,1,0.0,3.5
5300405,4.333333333333333,3,0.002380952380952381,3.0369047619047613
5300420,3.0,1,0.0,2.0999999999999996
5300440,4.333333333333333,3,0.002380952380952381,3.0369047619047613
5300453,5.0,7,0.007142857142857144,3.5107142857142857
5300455,3.0,1,0.0,2.0999999999999996
5300464,3.0,1,0.0,2.0999999999999996
5300481,4.5,4,0.0035714285714285718,3.155357142857143
5300494,3.0,1,0.0,2.0999999999999996
5300495,3.0,2,0.0011904761904761906,2.101785714285714
5300496,5.0,2,0.0011904761904761906,3.5017857142857145
5300510,3.0,1,0.0,2.0999999999999996
5300589,4.0,4,0.0035714285714285718,2.805357142857143
5300639,4.333333333333333,3,0.002380952380952381,3.0369047619047613
5300702,4.0,2,0.0011904761904761906,2.8017857142857143
5300763,4.368421052631579,19,0.021428571428571432,3.090037593984962
5300767,5.0,1,0.0,3.5
5300773,5.0,1,0.0,3.5
5300864,3.0,1,0.0,2.0999999999999996
5300914,5.0,1,0.0,3.5
5300915,3.0,1,0.0,2.0999999999999996
5300977,3.5,4,0.0035714285714285718,2.455357142857143
5301028,4.0,2,0.0011904761904761906,2.8017857142857143
5301041,5.0,1,0.0,3.5
5301045,3.0,1,0.0,2.0999999999999996
5301054,3.0,1,0.0,2.0999999999999996
5301061,4.0,6,0.005952380952380953,2.8089285714285714
5301125,5.0,1,0.0,3.5
5301165,3.6666666666666665,3,0.002380952380952381,2.570238095238095
5301168,3.0,2,0.0011904761904761906,2.101785714285714
5301260,3.6666666666666665,3,0.002380952380952381,2.570238095238095
5301295,4.142857142857143,7,0.007142857142857144,2.9107142857142856
5301296,5.0,2,0.0011904761904761906,3.5017857142857145
5301297,3.0,1,0.0,2.0999999999999996
5301315,3.0,1,0.0,2.0999999999999996
5301317,3.0,1,0.0,2.0999999999999996
5301321,5.0,1,0.0,3.5
5301338,5.0,1,0.0,3.5
5301375,3.0,3,0.002380952380952381,2.103571428571428
5301376,3.0,2,0.0011904761904761906,2.101785714285714
5301380,3.0,1,0.0,2.0999999999999996
5301402,3.0,1,0.0,2.0999999999999996
5301431,4.0,2,0.0011904761904761906,2.8017857142857143
5301436,5.0,3,0.002380952380952381,3.5035714285714286
5301437,5.0,1,0.0,3.5
5301466,3.0,1,0.0,2.0999999999999996
5301580,4.0,2,0.0011904761904761906,2.8017857142857143
5301582,3.0,1,0.0,2.0999999999999996
5301585,5.0,1,0.0,3.5
5301615,4.0,2,0.0011904761904761906,2.8017857142857143
5301618,3.0,1,0.0,2.0999999999999996
5301626,5.0,2,0.0011904761904761906,3.5017857142857145
5301629,5.0,1,0.0,3.5
5301634,3.0,1,0.0,2.0999999999999996
5301640,3.0,1,0.0,2.0999999999999996
5301663,3.6666666666666665,3,0.002380952380952381,2.570238095238095
5301665,3.0,1,0.0,2.0999999999999996
5301667,3.0,1,0.0,2.0999999999999996
5301720,5.0,1,0.0,3.5
5301764,4.2,15,0.01666666666666667,2.965
5301766,5.0,1,0.0,3.5
5301810,3.0,1,0.0,2.0999999999999996
5400104,4.555555555555555,9,0.009523809523809525,3.203174603174603
5400170,3.0,1,0.0,2.0999999999999996
5400265,5.0,1,0.0,3.5
5400505,4.0,2,0.0011904761904761906,2.8017857142857143
5400660,4.0,2,0.0011904761904761906,2.8017857142857143
5400726,3.0,1,0.0,2.0999999999999996
5500111,5.0,1,0.0,3.5
5500155,5.0,1,0.0,3.5
5500161,5.0,4,0.0035714285714285718,3.505357142857143
5500192,4.0,4,0.0035714285714285718,2.805357142857143
5500207,4.5,4,0.0035714285714285718,3.155357142857143
5500219,5.0,1,0.0,3.5
5500220,3.0,1,0.0,2.0999999999999996
5500304,3.0,1,0.0,2.0999999999999996
5500323,5.0,2,0.0011904761904761906,3.5017857142857145
5500332,3.0,1,0.0,2.0999999999999996
5600002,4.0,2,0.0011904761904761906,2.8017857142857143
5600100,5.0,1,0.0,3.5
5600288,3.0,1,0.0,2.0999999999999996
5600305,5.0,1,0.0,3.5
5600343,5.0,1,0.0,3.5
5600347,5.0,1,0.0,3.5
5600351,3.0,1,0.0,2.0999999999999996
5600363,3.0,1,0.0,2.0999999999999996
5600364,5.0,1,0.0,3.5
5600375,4.0,2,0.0011904761904761906,2.8017857142857143
5600380,5.0,1,0.0,3.5
5600385,5.0,1,0.0,3.5
5600393,4.666666666666667,6,0.005952380952380953,3.2755952380952382
5600394,5.0,1,0.0,3.5
5600400,4.0,2,0.0011904761904761906,2.8017857142857143
5600402,4.0,2,0.0011904761904761906,2.8017857142857143
5700187,4.0,4,0.0035714285714285718,2.805357142857143
5700282,5.0,1,0.0,3.5
5700368,5.0,2,0.0011904761904761906,3.5017857142857145
5700408,5.0,2,0.0011904761904761906,3.5017857142857145
5700608,5.0,1,0.0,3.5
5700610,5.0,1,0.0,3.5
5700619,4.157894736842105,19,0.021428571428571432,2.9426691729323307
5700630,3.6666666666666665,3,0.002380952380952381,2.570238095238095
5700753,3.0,1,0.0,2.0999999999999996
5700765,5.0,1,0.0,3.5
5700774,5.0,1,0.0,3.5
5700791,3.0,3,0.002380952380952381,2.103571428571428
5700842,4.3,20,0.022619047619047622,3.0439285714285713
5700850,4.2,5,0.004761904761904762,2.947142857142857
5700945,4.2,5,0.004761904761904762,2.947142857142857
5700980,3.0,1,0.0,2.0999999999999996
5701020,4.0,2,0.0011904761904761906,2.8017857142857143
5701024,3.0,1,0.0,2.0999999999999996
5701037,5.0,1,0.0,3.5
5701044,3.6666666666666665,3,0.002380952380952381,2.570238095238095
5701050,3.0,1,0.0,2.0999999999999996
5701058,5.0,2,0.0011904761904761906,3.5017857142857145
5701063,3.0,1,0.0,2.0999999999999996
5701078,3.857142857142857,7,0.007142857142857144,2.7107142857142854
5701090,4.0,2,0.0011904761904761906,2.8017857142857143
5701094,3.0,1,0.0,2.0999999999999996
5701096,3.0,1,0.0,2.0999999999999996
5701097,4.0,2,0.0011904761904761906,2.8017857142857143
5701099,5.0,2,0.0011904761904761906,3.5017857142857145
5701107,5.0,1,0.0,3.5
5701117,5.0,2,0.0011904761904761906,3.5017857142857145
5701118,4.0,4,0.0035714285714285718,2.805357142857143
5701122,4.0,6,0.005952380952380953,2.8089285714285714
5701123,5.0,2,0.0011904761904761906,3.5017857142857145
5701127,3.0,2,0.0011904761904761906,2.101785714285714
5701130,5.0,3,0.002380952380952381,3.5035714285714286
5701137,4.333333333333333,3,0.002380952380952381,3.0369047619047613
5701244,5.0,3,0.002380952380952381,3.5035714285714286
5701245,4.2,5,0.004761904761904762,2.947142857142857
5701246,4.285714285714286,14,0.01547619047619048,3.0232142857142854
5701268,3.0,1,0.0,2.0999999999999996
5701298,5.0,1,0.0,3.5
5701372,5.0,1,0.0,3.5
5701373,3.0,1,0.0,2.0999999999999996
5701397,4.333333333333333,9,0.009523809523809525,3.047619047619047
5701403,5.0,1,0.0,3.5
5701406,4.333333333333333,9,0.009523809523809525,3.047619047619047
5701408,3.5,4,0.0035714285714285718,2.455357142857143
5800013,3.4,5,0.004761904761904762,2.387142857142857
5800049,5.0,2,0.0011904761904761906,3.5017857142857145
5800090,3.857142857142857,7,0.007142857142857144,2.7107142857142854
5800108,3.6666666666666665,3,0.002380952380952381,2.570238095238095
5800109,5.0,1,0.0,3.5
5800128,5.0,1,0.0,3.5
5800160,4.0,4,0.0035714285714285718,2.805357142857143
5800208,3.6666666666666665,3,0.002380952380952381,2.570238095238095
5800281,3.0,2,0.0011904761904761906,2.101785714285714
5800282,3.0,1,0.0,2.0999999999999996
5800291,4.333333333333333,3,0.002380952380952381,3.0369047619047613
5800299,4.5,4,0.0035714285714285718,3.155357142857143
5800423,5.0,1,0.0,3.5
5800470,4.0,2,0.0011904761904761906,2.8017857142857143
5800514,3.0,1,0.0,2.0999999999999996
5800560,5.0,1,0.0,3.5
5800616,3.727272727272727,11,0.011904761904761908,2.6269480519480517
5800617,4.0,4,0.0035714285714285718,2.805357142857143
5800618,3.5,4,0.0035714285714285718,2.455357142857143
5800669,3.0,2,0.0011904761904761906,2.101785714285714
5800674,4.0,2,0.0011904761904761906,2.8017857142857143
5800726,5.0,1,0.0,3.5
5800727,5.0,1,0.0,3.5
5800728,4.0,2,0.0011904761904761906,2.8017857142857143
5800729,3.0,4,0.0035714285714285718,2.1053571428571427
5800730,4.333333333333333,3,0.002380952380952381,3.0369047619047613
5800771,3.0,1,0.0,2.0999999999999996
5800773,5.0,2,0.0011904761904761906,3.5017857142857145
5800787,5.0,1,0.0,3.5
5800792,4.8,10,0.010714285714285714,3.3760714285714286
5800793,3.0,1,0.0,2.0999999999999996
5800833,5.0,1,0.0,3.5
5800842,5.0,1,0.0,3.5
5800844,5.0,1,0.0,3.5
5800851,3.6666666666666665,3,0.002380952380952381,2.570238095238095
5800852,3.0,1,0.0,2.0999999999999996
5800860,5.0,2,0.0011904761904761906,3.5017857142857145
5800861,3.4,5,0.004761904761904762,2.387142857142857
5800880,3.0,1,0.0,2.0999999999999996
5800887,3.0,1,0.0,2.0999999999999996
5800903,3.3333333333333335,6,0.005952380952380953,2.342261904761905
5800926,4.142857142857143,7,0.007142857142857144,2.9107142857142856
5800930,3.0,1,0.0,2.0999999999999996
5800937,3.0,1,0.0,2.0999999999999996
5800956,4.333333333333333,3,0.002380952380952381,3.0369047619047613
5800957,3.0,2,0.0011904761904761906,2.101785714285714
5800963,5.0,1,0.0,3.5
5800968,3.0,1,0.0,2.0999999999999996
5801188,3.0,1,0.0,2.0999999999999996
5801199,3.6666666666666665,3,0.002380952380952381,2.570238095238095
5801200,4.0,2,0.0011904761904761906,2.8017857142857143
5801214,4.25,8,0.008333333333333335,2.9875
5801218,3.4,5,0.004761904761904762,2.387142857142857
5801219,4.0,2,0.0011904761904761906,2.8017857142857143
5801230,3.0,1,0.0,2.0999999999999996
5801387,3.8,5,0.004761904761904762,2.667142857142857
5801388,3.8,5,0.004761904761904762,2.667142857142857
5801413,5.0,1,0.0,3.5
5801457,3.0,1,0.0,2.0999999999999996
5801469,4.333333333333333,6,0.005952380952380953,3.0422619047619044
5801482,3.736842105263158,19,0.021428571428571432,2.6479323308270675
5801483,4.333333333333333,3,0.002380952380952381,3.0369047619047613
5801492,3.0,2,0.0011904761904761906,2.101785714285714
5801494,3.0,1,0.0,2.0999999999999996
5801506,4.0,2,0.0011904761904761906,2.8017857142857143
5801509,3.6666666666666665,6,0.005952380952380953,2.575595238095238
5801510,5.0,1,0.0,3.5
5801511,3.8,5,0.004761904761904762,2.667142857142857
5801532,3.0,2,0.0011904761904761906,2.101785714285714
5801552,3.0,1,0.0,2.0999999999999996
5801553,3.6666666666666665,3,0.002380952380952381,2.570238095238095
5801561,3.6666666666666665,3,0.002380952380952381,2.570238095238095
5801564,3.0,1,0.0,2.0999999999999996
5801632,3.0,3,0.002380952380952381,2.103571428571428
5801653,5.0,4,0.0035714285714285718,3.505357142857143
5801655,4.6,15,0.01666666666666667,3.2449999999999997
5801656,4.0476190476190474,21,0.02380952380952381,2.8690476190476186
5801690,3.0,1,0.0,2.0999999999999996
5801698,3.0,3,0.002380952380952381,2.103571428571428
5801707,5.0,1,0.0,3.5
5801719,5.0,1,0.0,3.5
5900087,5.0,1,0.0,3.5
6000004,5.0,2,0.0011904761904761906,3.5017857142857145
6000032,4.6,5,0.004761904761904762,3.227142857142857
6000094,4.714285714285714,7,0.007142857142857144,3.3107142857142855
6000115,5.0,2,0.0011904761904761906,3.5017857142857145
6000157,4.6,5,0.004761904761904762,3.227142857142857
6000167,4.0,4,0.0035714285714285718,2.805357142857143
6000227,4.5,4,0.0035714285714285718,3.155357142857143
6000229,5.0,1,0.0,3.5
6000272,4.0,2,0.0011904761904761906,2.8017857142857143
6100017,3.0,1,0.0,2.0999999999999996
6100130,5.0,1,0.0,3.5
6100198,3.0,1,0.0,2.0999999999999996
6200035,3.6666666666666665,3,0.002380952380952381,2.570238095238095
6200159,4.5,4,0.0035714285714285718,3.155357142857143
6200160,3.0,5,0.004761904761904762,2.1071428571428568
6200242,5.0,1,0.0,3.5
6200260,3.0,1,0.0,2.0999999999999996
6200375,3.0,2,0.0011904761904761906,2.101785714285714
6200514,5.0,1,0.0,3.5
6200685,4.0,2,0.0011904761904761906,2.8017857142857143
6200687,3.0,1,0.0,2.0999999999999996
6200690,3.0,3,0.002380952380952381,2.103571428571428
6200691,3.0,1,0.0,2.0999999999999996
6200702,4.0,2,0.0011904761904761906,2.8017857142857143
6200704,3.0,1,0.0,2.0999999999999996
6200705,3.0,2,0.0011904761904761906,2.101785714285714
6200711,4.666666666666667,6,0.005952380952380953,3.2755952380952382
6200736,3.0,1,0.0,2.0999999999999996
6200737,3.0,1,0.0,2.0999999999999996
6200883,3.0,1,0.0,2.0999999999999996
6200914,5.0,1,0.0,3.5
6200949,3.0,2,0.0011904761904761906,2.101785714285714
6200965,5.0,2,0.0011904761904761906,3.5017857142857145
6200971,4.0,2,0.0011904761904761906,2.8017857142857143
6200979,5.0,1,0.0,3.5
6200983,3.0,2,0.0011904761904761906,2.101785714285714
6200999,4.0,2,0.0011904761904761906,2.8017857142857143
6201011,4.0,2,0.0011904761904761906,2.8017857142857143
6201023,5.0,1,0.0,3.5
6201053,4.0,2,0.0011904761904761906,2.8017857142857143
6201197,3.0,1,0.0,2.0999999999999996
6300085,4.0,2,0.0011904761904761906,2.8017857142857143
6300183,5.0,2,0.0011904761904761906,3.5017857142857145
6300198,3.0,1,0.0,2.0999999999999996
6300254,5.0,1,0.0,3.5
6300275,3.0,1,0.0,2.0999999999999996
6300325,5.0,1,0.0,3.5
6300360,3.0,2,0.0011904761904761906,2.101785714285714
6300465,5.0,1,0.0,3.5
6300676,3.0,1,0.0,2.0999999999999996
6300680,4.185185185185185,27,0.030952380952380957,2.976058201058201
6300685,4.142857142857143,7,0.007142857142857144,2.9107142857142856
6300687,3.0,1,0.0,2.0999999999999996
6300731,4.0,2,0.0011904761904761906,2.8017857142857143
6300739,3.6666666666666665,3,0.002380952380952381,2.570238095238095
6300759,3.0,3,0.002380952380952381,2.103571428571428
6300784,4.0,4,0.0035714285714285718,2.805357142857143
6300971,5.0,2,0.0011904761904761906,3.5017857142857145
6300972,5.0,1,0.0,3.5
6300976,3.0,4,0.0035714285714285718,2.1053571428571427
6300984,4.333333333333333,3,0.002380952380952381,3.0369047619047613
6300985,3.0,2,0.0011904761904761906,2.101785714285714
6301052,3.0,1,0.0,2.0999999999999996
6301054,3.0,1,0.0,2.0999999999999996
6301081,5.0,2,0.0011904761904761906,3.5017857142857145
6301123,3.0,2,0.0011904761904761906,2.101785714285714
6301191,3.5,4,0.0035714285714285718,2.455357142857143
6301258,4.0,4,0.0035714285714285718,2.805357142857143
6301328,3.0,1,0.0,2.0999999999999996
6301340,5.0,1,0.0,3.5
6301342,3.6666666666666665,3,0.002380952380952381,2.570238095238095
6301381,4.0,6,0.005952380952380953,2.8089285714285714
6301402,3.6666666666666665,3,0.002380952380952381,2.570238095238095
6301417,5.0,4,0.0035714285714285718,3.505357142857143
6301418,4.0,2,0.0011904761904761906,2.8017857142857143
6301419,5.0,1,0.0,3.5
6301447,3.0,1,0.0,2.0999999999999996
6301453,3.0,2,0.0011904761904761906,2.101785714285714
6301457,5.0,1,0.0,3.5
6301460,5.0,1,0.0,3.5
6301464,5.0,3,0.002380952380952381,3.5035714285714286
6301465,3.0,1,0.0,2.0999999999999996
6301466,3.0,1,0.0,2.0999999999999996
6301501,3.0,2,0.0011904761904761906,2.101785714285714
6301515,3.0,1,0.0,2.0999999999999996
6301518,3.0,1,0.0,2.0999999999999996
6301541,3.5,4,0.0035714285714285718,2.455357142857143
6301592,3.0,2,0.0011904761904761906,2.101785714285714
6301612,3.0,1,0.0,2.0999999999999996
6301657,4.333333333333333,3,0.002380952380952381,3.0369047619047613
6301703,3.0,1,0.0,2.0999999999999996
6301719,5.0,2,0.0011904761904761906,3.5017857142857145
6301731,3.0,1,0.0,2.0999999999999996
6301803,4.333333333333333,3,0.002380952380952381,3.0369047619047613
6301820,5.0,1,0.0,3.5
6301869,3.5,4,0.0035714285714285718,2.455357142857143
6301871,3.0,2,0.0011904761904761906,2.101785714285714
6301899,3.0,1,0.0,2.0999999999999996
6301924,4.0,2,0.0011904761904761906,2.8017857142857143
6301925,5.0,1,0.0,3.5
6301926,5.0,1,0.0,3.5
6301982,3.0,1,0.0,2.0999999999999996
6301984,4.333333333333333,3,0.002380952380952381,3.0369047619047613
6301992,5.0,1,0.0,3.5
6302000,5.0,1,0.0,3.5
6302002,5.0,1,0.0,3.5
6302022,3.0,1,0.0,2.0999999999999996
6302037,5.0,1,0.0,3.5
6302112,3.0,1,0.0,2.0999999999999996
6302117,4.0,4,0.0035714285714285718,2.805357142857143
6302184,3.5714285714285716,7,0.007142857142857144,2.5107142857142857
6302204,4.5,4,0.0035714285714285718,3.155357142857143
6302233,5.0,1,0.0,3.5
6302295,5.0,1,0.0,3.5
6302300,5.0,1,0.0,3.5
6302301,4.0,2,0.0011904761904761906,2.8017857142857143
6400210,5.0,2,0.0011904761904761906,3.5017857142857145
6400222,4.333333333333333,3,0.002380952380952381,3.0369047619047613
6400240,4.0,6,0.005952380952380953,2.8089285714285714
6400242,4.0,2,0.0011904761904761906,2.8017857142857143
6400282,4.5,4,0.0035714285714285718,3.155357142857143
6400290,4.0,2,0.0011904761904761906,2.8017857142857143
6400294,5.0,2,0.0011904761904761906,3.5017857142857145
6400296,5.0,1,0.0,3.5
6400301,4.333333333333333,3,0.002380952380952381,3.0369047619047613
6400313,4.714285714285714,7,0.007142857142857144,3.3107142857142855
6400328,4.6,5,0.004761904761904762,3.227142857142857
6400330,5.0,2,0.0011904761904761906,3.5017857142857145
6400331,4.0,4,0.0035714285714285718,2.805357142857143
6400332,4.0,2,0.0011904761904761906,2.8017857142857143
6400333,4.538461538461538,13,0.014285714285714287,3.198351648351648
6400339,3.6666666666666665,3,0.002380952380952381,2.570238095238095
6400361,5.0,1,0.0,3.5
6400363,5.0,3,0.002380952380952381,3.5035714285714286
6500562,3.0,1,0.0,2.0999999999999996
6500617,4.333333333333333,3,0.002380952380952381,3.0369047619047613
6500754,3.0,1,0.0,2.0999999999999996
6500786,5.0,1,0.0,3.5
6500862,5.0,5,0.004761904761904762,3.507142857142857
6500877,3.0,1,0.0,2.0999999999999996
6500890,5.0,2,0.0011904761904761906,3.5017857142857145
6500891,4.0,2,0.0011904761904761906,2.8017857142857143
6500894,5.0,1,0.0,3.5
6500904,4.0,4,0.0035714285714285718,2.805357142857143
6500908,5.0,1,0.0,3.5
6500919,5.0,1,0.0,3.5
6500936,3.0,1,0.0,2.0999999999999996
6500955,5.0,3,0.002380952380952381,3.5035714285714286
6500963,5.0,1,0.0,3.5
6500965,5.0,1,0.0,3.5
6501001,4.0,2,0.0011904761904761906,2.8017857142857143
6501007,4.333333333333333,3,0.002380952380952381,3.0369047619047613
6501014,5.0,1,0.0,3.5
6600003,3.0,1,0.0,2.0999999999999996
6600103,3.0,1,0.0,2.0999999999999996
6600340,4.142857142857143,7,0.007142857142857144,2.9107142857142856
6600456,4.333333333333333,6,0.005952380952380953,3.0422619047619044
6600474,4.2,5,0.004761904761904762,2.947142857142857
6600563,3.0,2,0.0011904761904761906,2.101785714285714
6600569,4.0,2,0.0011904761904761906,2.8017857142857143
6600613,5.0,3,0.002380952380952381,3.5035714285714286
6600702,3.0,3,0.002380952380952381,2.103571428571428
6600725,3.0,3,0.002380952380952381,2.103571428571428
6600833,3.0,1,0.0,2.0999999999999996
6600843,5.0,1,0.0,3.5
6600870,3.0,1,0.0,2.0999999999999996
6600917,5.0,1,0.0,3.5
6600948,5.0,1,0.0,3.5
6601001,4.0,2,0.0011904761904761906,2.8017857142857143
6601031,4.2,5,0.004761904761904762,2.947142857142857
6601035,3.0,1,0.0,2.0999999999999996
6601125,4.5,8,0.008333333333333335,3.1625
6601126,5.0,2,0.0011904761904761906,3.5017857142857145
6601127,5.0,2,0.0011904761904761906,3.5017857142857145
6700454,4.0,2,0.0011904761904761906,2.8017857142857143
6700457,4.5,8,0.008333333333333335,3.1625
6700458,4.0,2,0.0011904761904761906,2.8017857142857143
6700485,5.0,5,0.004761904761904762,3.507142857142857
6700502,5.0,1,0.0,3.5
6700581,3.0,2,0.0011904761904761906,2.101785714285714
6700582,4.333333333333333,3,0.002380952380952381,3.0369047619047613
6700727,5.0,1,0.0,3.5
6700762,5.0,1,0.0,3.5
6700781,3.8,5,0.004761904761904762,2.667142857142857
6700808,5.0,1,0.0,3.5
6700819,4.333333333333333,3,0.002380952380952381,3.0369047619047613
6700985,4.333333333333333,3,0.002380952380952381,3.0369047619047613
6700995,3.0,2,0.0011904761904761906,2.101785714285714
6701005,4.0,2,0.0011904761904761906,2.8017857142857143
6701011,5.0,2,0.0011904761904761906,3.5017857142857145
6701018,3.6666666666666665,3,0.002380952380952381,2.570238095238095
6701039,3.6666666666666665,3,0.002380952380952381,2.570238095238095
6701042,3.5,4,0.0035714285714285718,2.455357142857143
6701046,5.0,1,0.0,3.5
6701055,5.0,2,0.0011904761904761906,3.5017857142857145
6701094,5.0,2,0.0011904761904761906,3.5017857142857145
6701118,5.0,1,0.0,3.5
6701143,3.0,2,0.0011904761904761906,2.101785714285714
6701171,5.0,1,0.0,3.5
6701173,3.0,1,0.0,2.0999999999999996
6701179,5.0,1,0.0,3.5
6701183,5.0,2,0.0011904761904761906,3.5017857142857145
6701189,3.6666666666666665,3,0.002380952380952381,2.570238095238095
6701190,3.0,1,0.0,2.0999999999999996
6701193,5.0,1,0.0,3.5
6701194,4.0,2,0.0011904761904761906,2.8017857142857143
6701205,4.333333333333333,3,0.002380952380952381,3.0369047619047613
6701243,3.0,1,0.0,2.0999999999999996
6701268,3.0,1,0.0,2.0999999999999996
6701271,5.0,1,0.0,3.5
6701279,3.0,1,0.0,2.0999999999999996
6800068,5.0,1,0.0,3.5
6800072,5.0,2,0.0011904761904761906,3.5017857142857145
6800139,5.0,3,0.002380952380952381,3.5035714285714286
6800220,4.0,2,0.0011904761904761906,2.8017857142857143
6800223,4.333333333333333,3,0.002380952380952381,3.0369047619047613
6800225,3.0,2,0.0011904761904761906,2.101785714285714
6800226,3.0,1,0.0,2.0999999999999996
6800318,4.333333333333333,3,0.002380952380952381,3.0369047619047613
6800322,5.0,2,0.0011904761904761906,3.5017857142857145
6800526,4.0,2,0.0011904761904761906,2.8017857142857143
6800653,4.333333333333333,9,0.009523809523809525,3.047619047619047
6800658,4.2,15,0.01666666666666667,2.965
6800659,4.5,4,0.0035714285714285718,3.155357142857143
6800681,5.0,1,0.0,3.5
6800719,5.0,1,0.0,3.5
6800843,3.0,2,0.0011904761904761906,2.101785714285714
6800852,3.0,1,0.0,2.0999999999999996
6800858,3.0,1,0.0,2.0999999999999996
6800865,3.0,1,0.0,2.0999999999999996
6800901,5.0,1,0.0,3.5
6800904,4.333333333333333,3,0.002380952380952381,3.0369047619047613
6800933,4.0,2,0.0011904761904761906,2.8017857142857143
6801033,5.0,1,0.0,3.5
6801036,5.0,3,0.002380952380952381,3.5035714285714286
6801059,5.0,1,0.0,3.5
6801081,5.0,2,0.0011904761904761906,3.5017857142857145
6801085,5.0,1,0.0,3.5
6801161,4.0,2,0.0011904761904761906,2.8017857142857143
6801162,3.0,1,0.0,2.0999999999999996
6801163,5.0,1,0.0,3.5
6801166,5.0,1,0.0,3.5
6801195,4.333333333333333,3,0.002380952380952381,3.0369047619047613
6801203,3.0,1,0.0,2.0999999999999996
6801220,5.0,2,0.0011904761904761906,3.5017857142857145
6801308,5.0,1,0.0,3.5
6801363,4.333333333333333,3,0.002380952380952381,3.0369047619047613
6801398,3.0,1,0.0,2.0999999999999996
6901535,5.0,2,0.0011904761904761906,3.5017857142857145
6902388,5.0,2,0.0011904761904761906,3.5017857142857145
6902395,5.0,1,0.0,3.5
7001003,5.0,1,0.0,3.5
7002804,4.0,2,0.0011904761904761906,2.8017857142857143
7003435,3.0,1,0.0,2.0999999999999996
7003556,5.0,2,0.0011904761904761906,3.5017857142857145
7004001,5.0,2,0.0011904761904761906,3.5017857142857145
7004004,5.0,2,0.0011904761904761906,3.5017857142857145
7004115,3.0,1,0.0,2.0999999999999996
7004116,3.0,1,0.0,2.0999999999999996
7004322,3.6,10,0.010714285714285714,2.5360714285714288
7004517,3.0,1,0.0,2.0999999999999996
7004520,5.0,1,0.0,3.5
7004541,3.0,2,0.0011904761904761906,2.101785714285714
7004551,3.0,2,0.0011904761904761906,2.101785714285714
7004618,3.0,1,0.0,2.0999999999999996
7004663,5.0,1,0.0,3.5
7004722,3.0,1,0.0,2.0999999999999996
7005036,4.0,2,0.0011904761904761906,2.8017857142857143
7005059,4.0,2,0.0011904761904761906,2.8017857142857143
7005064,3.6666666666666665,3,0.002380952380952381,2.570238095238095
7005192,5.0,1,0.0,3.5
7005234,3.0,1,0.0,2.0999999999999996
7005508,4.333333333333333,3,0.002380952380952381,3.0369047619047613
7005510,3.0,1,0.0,2.0999999999999996
7005511,4.0,2,0.0011904761904761906,2.8017857142857143
7005626,4.0,2,0.0011904761904761906,2.8017857142857143
7005750,4.0,2,0.0011904761904761906,2.8017857142857143
7005805,4.333333333333333,6,0.005952380952380953,3.0422619047619044
7006000,3.0,1,0.0,2.0999999999999996
7006015,3.0,1,0.0,2.0999999999999996
7006067,5.0,2,0.0011904761904761906,3.5017857142857145
7006226,4.0,2,0.0011904761904761906,2.8017857142857143
7006287,3.0,1,0.0,2.0999999999999996
7006288,3.5,4,0.0035714285714285718,2.455357142857143
7006404,3.0,1,0.0,2.0999999999999996
7006482,3.0,1,0.0,2.0999999999999996
7006567,3.0,1,0.0,2.0999999999999996
7006568,3.8,5,0.004761904761904762,2.667142857142857
7006586,5.0,1,0.0,3.5
7006594,5.0,1,0.0,3.5
7100133,3.4,5,0.004761904761904762,2.387142857142857
7100134,5.0,1,0.0,3.5
7100182,4.0,2,0.0011904761904761906,2.8017857142857143
7100183,3.6666666666666665,3,0.002380952380952381,2.570238095238095
7100709,5.0,1,0.0,3.5
7100820,5.0,1,0.0,3.5
7100887,3.0,1,0.0,2.0999999999999996
7100963,5.0,1,0.0,3.5
7101172,3.6666666666666665,3,0.002380952380952381,2.570238095238095
7101297,3.0,2,0.0011904761904761906,2.101785714285714
7101508,5.0,1,0.0,3.5
7101680,5.0,1,0.0,3.5
7101699,3.0,1,0.0,2.0999999999999996
7101751,4.333333333333333,3,0.002380952380952381,3.0369047619047613
7101752,4.333333333333333,3,0.002380952380952381,3.0369047619047613
7101762,3.0,1,0.0,2.0999999999999996
7101895,3.0,1,0.0,2.0999999999999996
7101913,3.0,1,0.0,2.0999999999999996
7102045,5.0,1,0.0,3.5
7201137,3.0,1,0.0,2.0999999999999996
7201139,3.0,1,0.0,2.0999999999999996
7201289,5.0,1,0.0,3.5
7201908,4.0,2,0.0011904761904761906,2.8017857142857143
7202724,5.0,1,0.0,3.5
7202731,3.0,1,0.0,2.0999999999999996
7202986,5.0,1,0.0,3.5
7202989,4.0,4,0.0035714285714285718,2.805357142857143
7202996,4.0,2,0.0011904761904761906,2.8017857142857143
7203067,5.0,1,0.0,3.5
7203201,5.0,1,0.0,3.5
7203208,5.0,1,0.0,3.5
7203226,5.0,1,0.0,3.5
7203227,3.0,2,0.0011904761904761906,2.101785714285714
7203280,3.0,1,0.0,2.0999999999999996
7203401,3.0,1,0.0,2.0999999999999996
7203418,3.6666666666666665,3,0.002380952380952381,2.570238095238095
7203948,3.0,1,0.0,2.0999999999999996
7203982,5.0,1,0.0,3.5
7300020,5.0,1,0.0,3.5
7300021,5.0,1,0.0,3.5
7300038,4.0,2,0.0011904761904761906,2.8017857142857143
7300039,3.0,1,0.0,2.0999999999999996
7300115,3.0,2,0.0011904761904761906,2.101785714285714
7300141,3.0,1,0.0,2.0999999999999996
7300194,4.0,2,0.0011904761904761906,2.8017857142857143
7300212,5.0,1,0.0,3.5
7300401,3.6666666666666665,3,0.002380952380952381,2.570238095238095
7300437,3.0,1,0.0,2.0999999999999996
7300440,3.0,1,0.0,2.0999999999999996
7300444,3.0,1,0.0,2.0999999999999996
7300476,3.0,2,0.0011904761904761906,2.101785714285714
7300482,4.0,2,0.0011904761904761906,2.8017857142857143
7600004,3.3333333333333335,6,0.005952380952380953,2.342261904761905
7600007,3.4,5,0.004761904761904762,2.387142857142857
7600012,3.8,5,0.004761904761904762,2.667142857142857
7600028,5.0,5,0.004761904761904762,3.507142857142857
7600029,4.0,10,0.010714285714285714,2.8160714285714286
7600035,3.0,4,0.0035714285714285718,2.1053571428571427
7600048,3.8,5,0.004761904761904762,2.667142857142857
7600052,4.333333333333333,3,0.002380952380952381,3.0369047619047613
7600053,4.0,4,0.0035714285714285718,2.805357142857143
7600064,4.2,5,0.004761904761904762,2.947142857142857
7600065,3.0,1,0.0,2.0999999999999996
7600072,3.6666666666666665,3,0.002380952380952381,2.570238095238095
7600081,5.0,1,0.0,3.5
7600088,3.0,1,0.0,2.0999999999999996
7600102,3.0,1,0.0,2.0999999999999996
7600108,3.0,2,0.0011904761904761906,2.101785714285714
7600128,4.0,2,0.0011904761904761906,2.8017857142857143
7600129,4.0,2,0.0011904761904761906,2.8017857142857143
7600132,3.9,40,0.04642857142857143,2.799642857142857
7600138,3.0,1,0.0,2.0999999999999996
7600140,3.8,5,0.004761904761904762,2.667142857142857
7600151,3.0,1,0.0,2.0999999999999996
7600161,3.6666666666666665,3,0.002380952380952381,2.570238095238095
7600174,3.4,5,0.004761904761904762,2.387142857142857
7600189,5.0,1,0.0,3.5
7600206,3.0,1,0.0,2.0999999999999996
7600251,3.0,2,0.0011904761904761906,2.101785714285714
7600252,3.0,1,0.0,2.0999999999999996
7600303,3.923076923076923,13,0.014285714285714287,2.767582417582417
7600317,3.0,1,0.0,2.0999999999999996
7600321,3.0,3,0.002380952380952381,2.103571428571428
7600323,3.0,1,0.0,2.0999999999999996
7600324,3.0,1,0.0,2.0999999999999996
7600336,4.230769230769231,13,0.014285714285714287,2.9829670329670326
7600340,5.0,2,0.0011904761904761906,3.5017857142857145
7600347,4.0,2,0.0011904761904761906,2.8017857142857143
7600355,3.0,2,0.0011904761904761906,2.101785714285714
7600358,3.0,2,0.0011904761904761906,2.101785714285714
7600364,5.0,1,0.0,3.5
7600370,5.0,1,0.0,3.5
7600371,3.0,4,0.0035714285714285718,2.1053571428571427
7600373,3.5,8,0.008333333333333335,2.4625
7600374,5.0,1,0.0,3.5
7600375,3.4,5,0.004761904761904762,2.387142857142857
7600379,3.0,1,0.0,2.0999999999999996
7600381,3.0,2,0.0011904761904761906,2.101785714285714
7600384,5.0,1,0.0,3.5
7600385,4.0,2,0.0011904761904761906,2.8017857142857143
7600400,4.0,2,0.0011904761904761906,2.8017857142857143
7600454,3.0,2,0.0011904761904761906,2.101785714285714
7600461,3.0,4,0.0035714285714285718,2.1053571428571427
7600479,3.0,4,0.0035714285714285718,2.1053571428571427
7600480,4.6,10,0.010714285714285714,3.2360714285714285
7600486,4.0,2,0.0011904761904761906,2.8017857142857143
7600491,4.333333333333333,3,0.002380952380952381,3.0369047619047613
7600497,4.0,2,0.0011904761904761906,2.8017857142857143
7600500,4.0,4,0.0035714285714285718,2.805357142857143
7600527,3.0,1,0.0,2.0999999999999996
7600529,5.0,2,0.0011904761904761906,3.5017857142857145
7600562,3.857142857142857,7,0.007142857142857144,2.7107142857142854
7600566,3.0,1,0.0,2.0999999999999996
7600573,5.0,2,0.0011904761904761906,3.5017857142857145
7700006,3.0,1,0.0,2.0999999999999996
7700060,3.0,1,0.0,2.0999999999999996
7800023,5.0,1,0.0,3.5
7800040,5.0,1,0.0,3.5
7900062,3.0,1,0.0,2.0999999999999996
7900173,5.0,1,0.0,3.5
7900245,5.0,5,0.004761904761904762,3.507142857142857
7900420,5.0,2,0.0011904761904761906,3.5017857142857145
7900523,3.0,1,0.0,2.0999999999999996
7900702,5.0,2,0.0011904761904761906,3.5017857142857145
7900854,4.333333333333333,3,0.002380952380952381,3.0369047619047613
7900858,3.0,1,0.0,2.0999999999999996
7900872,5.0,2,0.0011904761904761906,3.5017857142857145
7900882,5.0,1,0.0,3.5
7900912,3.0,1,0.0,2.0999999999999996
7900923,5.0,1,0.0,3.5
7901054,3.6666666666666665,3,0.002380952380952381,2.570238095238095
7901058,5.0,1,0.0,3.5
7901061,3.0,1,0.0,2.0999999999999996
7901062,3.0,1,0.0,2.0999999999999996
7901064,4.333333333333333,3,0.002380952380952381,3.0369047619047613
7901065,5.0,2,0.0011904761904761906,3.5017857142857145
7901066,4.0,2,0.0011904761904761906,2.8017857142857143
7901121,5.0,1,0.0,3.5
8000277,5.0,1,0.0,3.5
8000308,4.333333333333333,3,0.002380952380952381,3.0369047619047613
8000311,5.0,1,0.0,3.5
8000318,5.0,1,0.0,3.5
8000319,4.333333333333333,3,0.002380952380952381,3.0369047619047613
8000320,4.333333333333333,3,0.002380952380952381,3.0369047619047613
8000328,4.2,5,0.004761904761904762,2.947142857142857
8000340,5.0,2,0.0011904761904761906,3.5017857142857145
8000348,5.0,1,0.0,3.5
8000358,3.0,1,0.0,2.0999999999999996
8000359,5.0,1,0.0,3.5
8000360,5.0,2,0.0011904761904761906,3.5017857142857145
8000362,5.0,1,0.0,3.5
8200214,5.0,1,0.0,3.5
8300108,3.0,1,0.0,2.0999999999999996
8300296,3.0,1,0.0,2.0999999999999996
8300360,5.0,1,0.0,3.5
8300370,5.0,1,0.0,3.5
8300374,4.0,2,0.0011904761904761906,2.8017857142857143
8300376,5.0,2,0.0011904761904761906,3.5017857142857145
8500131,5.0,1,0.0,3.5
8500139,5.0,1,0.0,3.5
8500140,4.0,2,0.0011904761904761906,2.8017857142857143
8500279,4.0,2,0.0011904761904761906,2.8017857142857143
8500501,5.0,1,0.0,3.5
8500534,5.0,1,0.0,3.5
8600043,4.0,2,0.0011904761904761906,2.8017857142857143
8600067,5.0,1,0.0,3.5
8600076,5.0,3,0.002380952380952381,3.5035714285714286
8600094,3.0,1,0.0,2.0999999999999996
8600174,3.0,1,0.0,2.0999999999999996
8600175,5.0,1,0.0,3.5
8600188,3.0,1,0.0,2.0999999999999996
8600232,3.0,1,0.0,2.0999999999999996
8600233,5.0,1,0.0,3.5
8700016,5.0,1,0.0,3.5
8700024,3.0,1,0.0,2.0999999999999996
8700025,4.142857142857143,7,0.007142857142857144,2.9107142857142856
8700028,3.0,5,0.004761904761904762,2.1071428571428568
8700031,4.0,2,0.0011904761904761906,2.8017857142857143
8700033,3.0,1,0.0,2.0999999999999996
8700036,3.0,1,0.0,2.0999999999999996
8700060,3.6666666666666665,3,0.002380952380952381,2.570238095238095
8700062,4.076923076923077,13,0.014285714285714287,2.875274725274725
8700064,4.2,20,0.022619047619047622,2.9739285714285715
8700085,3.6666666666666665,15,0.01666666666666667,2.5916666666666663
8700090,5.0,1,0.0,3.5
8700109,3.0,1,0.0,2.0999999999999996
8700121,3.0,1,0.0,2.0999999999999996
8700124,4.333333333333333,9,0.009523809523809525,3.047619047619047
8700147,3.8,5,0.004761904761904762,2.667142857142857
8700153,3.782608695652174,23,0.026190476190476195,2.6871118012422355
8700154,4.0,22,0.025000000000000005,2.8375
8700161,5.0,1,0.0,3.5
8700162,4.0,2,0.0011904761904761906,2.8017857142857143
8700168,4.0,2,0.0011904761904761906,2.8017857142857143
8700212,4.0,4,0.0035714285714285718,2.805357142857143
8700217,3.6666666666666665,3,0.002380952380952381,2.570238095238095
8700218,3.0,3,0.002380952380952381,2.103571428571428
8700219,5.0,2,0.0011904761904761906,3.5017857142857145
8700225,3.4,5,0.004761904761904762,2.387142857142857
8700231,3.0,1,0.0,2.0999999999999996
8700232,3.7142857142857144,14,0.01547619047619048,2.623214285714286
8700233,4.428571428571429,7,0.007142857142857144,3.1107142857142858
8700237,5.0,1,0.0,3.5
8700248,3.5,12,0.013095238095238097,2.469642857142857
8700249,3.0,2,0.0011904761904761906,2.101785714285714
8700256,3.0,1,0.0,2.0999999999999996
8700259,5.0,1,0.0,3.5
8700269,3.0,5,0.004761904761904762,2.1071428571428568
8700270,3.5,4,0.0035714285714285718,2.455357142857143
8700279,3.6666666666666665,3,0.002380952380952381,2.570238095238095
8700282,3.4,5,0.004761904761904762,2.387142857142857
8700288,5.0,2,0.0011904761904761906,3.5017857142857145
8700291,5.0,2,0.0011904761904761906,3.5017857142857145
8700293,5.0,2,0.0011904761904761906,3.5017857142857145
8700298,3.8,5,0.004761904761904762,2.667142857142857
8700303,4.333333333333333,3,0.002380952380952381,3.0369047619047613
8700306,3.0,2,0.0011904761904761906,2.101785714285714
8700307,3.0,1,0.0,2.0999999999999996
8700312,3.0,1,0.0,2.0999999999999996
8700313,4.0,4,0.0035714285714285718,2.805357142857143
8700315,4.0,6,0.005952380952380953,2.8089285714285714
8700317,3.0,1,0.0,2.0999999999999996
8700320,5.0,5,0.004761904761904762,3.507142857142857
8700327,3.909090909090909,11,0.011904761904761908,2.754220779220779
8700331,4.125,16,0.01785714285714286,2.914285714285714
8700332,4.0,10,0.010714285714285714,2.8160714285714286
8700338,3.0,1,0.0,2.0999999999999996
8700349,3.6666666666666665,3,0.002380952380952381,2.570238095238095
8700352,4.5,4,0.0035714285714285718,3.155357142857143
8700365,3.0,1,0.0,2.0999999999999996
8700370,5.0,1,0.0,3.5
8700375,3.6666666666666665,9,0.009523809523809525,2.5809523809523807
8700379,3.0,1,0.0,2.0999999999999996
8700380,5.0,1,0.0,3.5
8700381,4.333333333333333,3,0.002380952380952381,3.0369047619047613
8700383,3.0,1,0.0,2.0999999999999996
8700398,3.7777777777777777,18,0.02023809523809524,2.6748015873015873
8700399,3.727272727272727,11,0.011904761904761908,2.6269480519480517
8700406,4.333333333333333,3,0.002380952380952381,3.0369047619047613
8700409,3.0,1,0.0,2.0999999999999996
8700414,4.0,2,0.0011904761904761906,2.8017857142857143
8700422,5.0,1,0.0,3.5
8700430,3.5,4,0.0035714285714285718,2.455357142857143
8700440,3.0,1,0.0,2.0999999999999996
8700445,3.0,2,0.0011904761904761906,2.101785714285714
8700449,3.6666666666666665,12,0.013095238095238097,2.5863095238095237
8700454,4.0,2,0.0011904761904761906,2.8017857142857143
8700457,5.0,1,0.0,3.5
8700519,4.333333333333333,3,0.002380952380952381,3.0369047619047613
8700563,3.0,2,0.0011904761904761906,2.101785714285714
8700564,3.0,2,0.0011904761904761906,2.101785714285714
8700572,5.0,1,0.0,3.5
8700582,3.0,1,0.0,2.0999999999999996
8700583,3.857142857142857,7,0.007142857142857144,2.7107142857142854
8700584,3.0,4,0.0035714285714285718,2.1053571428571427
8700589,3.0,1,0.0,2.0999999999999996
8700590,5.0,1,0.0,3.5
8700612,5.0,1,0.0,3.5
8800028,4.0,2,0.0011904761904761906,2.8017857142857143
8800045,3.0,1,0.0,2.0999999999999996
8800093,4.285714285714286,14,0.01547619047619048,3.0232142857142854
8800259,3.0,1,0.0,2.0999999999999996
8800283,3.0,2,0.0011904761904761906,2.101785714285714
8800284,4.0,2,0.0011904761904761906,2.8017857142857143
8800313,4.142857142857143,14,0.01547619047619048,2.9232142857142858
8800365,3.0,2,0.0011904761904761906,2.101785714285714
8800390,5.0,1,0.0,3.5
8800399,3.0,4,0.0035714285714285718,2.1053571428571427
8800401,4.0,2,0.0011904761904761906,2.8017857142857143
8800402,3.0,1,0.0,2.0999999999999996
8800447,5.0,3,0.002380952380952381,3.5035714285714286
8800464,4.0,2,0.0011904761904761906,2.8017857142857143
8800470,5.0,1,0.0,3.5
8800481,3.0,2,0.0011904761904761906,2.101785714285714
8800491,3.0,4,0.0035714285714285718,2.1053571428571427
8800492,3.0,2,0.0011904761904761906,2.101785714285714
8800516,5.0,2,0.0011904761904761906,3.5017857142857145
8800528,5.0,2,0.0011904761904761906,3.5017857142857145
8800533,3.0,1,0.0,2.0999999999999996
8800546,3.0,1,0.0,2.0999999999999996
8800599,3.0,1,0.0,2.0999999999999996
8800628,3.4,5,0.004761904761904762,2.387142857142857
8800664,4.142857142857143,7,0.007142857142857144,2.9107142857142856
8800685,3.8,5,0.004761904761904762,2.667142857142857
8800699,3.6666666666666665,3,0.002380952380952381,2.570238095238095
8800713,3.5714285714285716,7,0.007142857142857144,2.5107142857142857
8800721,5.0,1,0.0,3.5
8800748,4.0,2,0.0011904761904761906,2.8017857142857143
8800773,4.0,16,0.01785714285714286,2.8267857142857142
8800805,3.6666666666666665,3,0.002380952380952381,2.570238095238095
8800811,4.0,2,0.0011904761904761906,2.8017857142857143
8800847,3.5,4,0.0035714285714285718,2.455357142857143
8800850,4.0,2,0.0011904761904761906,2.8017857142857143
8800854,3.0,1,0.0,2.0999999999999996
8800869,5.0,2,0.0011904761904761906,3.5017857142857145
8800888,4.333333333333333,3,0.002380952380952381,3.0369047619047613
8800908,4.333333333333333,3,0.002380952380952381,3.0369047619047613
8800911,4.0,6,0.005952380952380953,2.8089285714285714
8800925,3.4,5,0.004761904761904762,2.387142857142857
8800931,5.0,1,0.0,3.5
8800942,4.0,2,0.0011904761904761906,2.8017857142857143
8800944,4.0,2,0.0011904761904761906,2.8017857142857143
8800947,4.333333333333333,3,0.002380952380952381,3.0369047619047613
8800948,3.0,2,0.0011904761904761906,2.101785714285714
8800963,3.0,1,0.0,2.0999999999999996
8800971,4.333333333333333,3,0.002380952380952381,3.0369047619047613
8800972,5.0,3,0.002380952380952381,3.5035714285714286
8800976,4.333333333333333,3,0.002380952380952381,3.0369047619047613
8800987,3.4,5,0.004761904761904762,2.387142857142857
8801002,3.0,1,0.0,2.0999999999999996
8801027,5.0,2,0.0011904761904761906,3.5017857142857145
8801033,3.0,1,0.0,2.0999999999999996
8801039,5.0,2,0.0011904761904761906,3.5017857142857145
8801040,4.0,4,0.0035714285714285718,2.805357142857143
8801047,5.0,1,0.0,3.5
8801049,3.0,1,0.0,2.0999999999999996
8801051,5.0,1,0.0,3.5
8801054,3.0,2,0.0011904761904761906,2.101785714285714
8801060,3.0,1,0.0,2.0999999999999996
8801061,4.0,2,0.0011904761904761906,2.8017857142857143
8801066,5.0,3,0.002380952380952381,3.5035714285714286
8801073,4.0,2,0.0011904761904761906,2.8017857142857143
8801085,4.052631578947368,19,0.021428571428571432,2.8689849624060146
8801086,4.428571428571429,7,0.007142857142857144,3.1107142857142858
8801091,4.0,2,0.0011904761904761906,2.8017857142857143
8801094,5.0,1,0.0,3.5
8801100,4.25,8,0.008333333333333335,2.9875
8801103,3.0,1,0.0,2.0999999999999996
8801106,4.0,4,0.0035714285714285718,2.805357142857143
8900287,4.0,2,0.0011904761904761906,2.8017857142857143
8900364,4.333333333333333,3,0.002380952380952381,3.0369047619047613
8900374,3.0,1,0.0,2.0999999999999996
8901019,5.0,1,0.0,3.5
8901476,3.6666666666666665,3,0.002380952380952381,2.570238095238095
8901575,5.0,2,0.0011904761904761906,3.5017857142857145
8901603,5.0,1,0.0,3.5
8901658,5.0,1,0.0,3.5
8901833,3.0,1,0.0,2.0999999999999996
8901851,4.333333333333333,3,0.002380952380952381,3.0369047619047613
8901852,3.0,2,0.0011904761904761906,2.101785714285714
8902068,3.5,4,0.0035714285714285718,2.455357142857143
8902216,5.0,1,0.0,3.5
8902247,4.333333333333333,3,0.002380952380952381,3.0369047619047613
8902487,3.0,2,0.0011904761904761906,2.101785714285714
8902631,3.0,1,0.0,2.0999999999999996
8902634,4.428571428571429,7,0.007142857142857144,3.1107142857142858
8902753,4.5,4,0.0035714285714285718,3.155357142857143
9000115,4.111111111111111,9,0.009523809523809525,2.8920634920634916
9000116,3.6666666666666665,3,0.002380952380952381,2.570238095238095
9000118,4.428571428571429,7,0.007142857142857144,3.1107142857142858
9000119,4.0,2,0.0011904761904761906,2.8017857142857143
9000121,5.0,1,0.0,3.5
9000138,3.4444444444444446,9,0.009523809523809525,2.425396825396825
9000151,5.0,1,0.0,3.5
9000187,4.2,5,0.004761904761904762,2.947142857142857
9000200,4.0,2,0.0011904761904761906,2.8017857142857143
9000215,4.0,2,0.0011904761904761906,2.8017857142857143
9000216,3.0,1,0.0,2.0999999999999996
9000219,4.333333333333333,3,0.002380952380952381,3.0369047619047613
9000227,4.0,2,0.0011904761904761906,2.8017857142857143
9000237,3.0,2,0.0011904761904761906,2.101785714285714
9000244,3.0,1,0.0,2.0999999999999996
9000247,3.0,1,0.0,2.0999999999999996
9001201,5.0,1,0.0,3.5
9002786,4.714285714285714,7,0.007142857142857144,3.3107142857142855
9002787,4.0,4,0.0035714285714285718,2.805357142857143
9100013,4.333333333333333,3,0.002380952380952381,3.0369047619047613
9100019,4.2,10,0.010714285714285714,2.9560714285714287
9100033,4.529411764705882,17,0.01904761904761905,3.199159663865546
9100068,4.0,2,0.0011904761904761906,2.8017857142857143
9100070,5.0,3,0.002380952380952381,3.5035714285714286
9100124,3.0,1,0.0,2.0999999999999996
9100130,3.0,2,0.0011904761904761906,2.101785714285714
9100176,3.8,5,0.004761904761904762,2.667142857142857
9100180,4.333333333333333,6,0.005952380952380953,3.0422619047619044
9100186,3.0,1,0.0,2.0999999999999996
9100187,5.0,2,0.0011904761904761906,3.5017857142857145
9100190,4.0,2,0.0011904761904761906,2.8017857142857143
9100196,4.3076923076923075,26,0.029761904761904764,3.060027472527472
9100229,3.0,2,0.0011904761904761906,2.101785714285714
9100231,4.0,2,0.0011904761904761906,2.8017857142857143
9100262,4.333333333333333,3,0.002380952380952381,3.0369047619047613
9100333,3.0,2,0.0011904761904761906,2.101785714285714
9100406,4.0,4,0.0035714285714285718,2.805357142857143
9100424,3.6666666666666665,3,0.002380952380952381,2.570238095238095
9100430,3.0,1,0.0,2.0999999999999996
9100458,4.714285714285714,7,0.007142857142857144,3.3107142857142855
9100459,4.2,5,0.004761904761904762,2.947142857142857
9100460,4.5,4,0.0035714285714285718,3.155357142857143
9100479,3.0,1,0.0,2.0999999999999996
9100480,3.0,1,0.0,2.0999999999999996
9100492,3.4,5,0.004761904761904762,2.387142857142857
9100493,4.0,2,0.0011904761904761906,2.8017857142857143
9100494,3.0,1,0.0,2.0999999999999996
9100527,3.0,1,0.0,2.0999999999999996
9100576,3.0,1,0.0,2.0999999999999996
9100590,4.333333333333333,12,0.013095238095238097,3.05297619047619
9100607,3.0,2,0.0011904761904761906,2.101785714285714
9100620,3.0,1,0.0,2.0999999999999996
9100636,4.12,25,0.028571428571428574,2.9268571428571426
9100689,5.0,2,0.0011904761904761906,3.5017857142857145
9100693,4.666666666666667,6,0.005952380952380953,3.2755952380952382
9100697,3.0,1,0.0,2.0999999999999996
9100698,5.0,1,0.0,3.5
9100702,5.0,1,0.0,3.5
9100708,5.0,1,0.0,3.5
9100735,3.0,1,0.0,2.0999999999999996
9100736,3.0,2,0.0011904761904761906,2.101785714285714
9100757,3.6666666666666665,6,0.005952380952380953,2.575595238095238
9100760,4.0,2,0.0011904761904761906,2.8017857142857143
9100762,3.0,2,0.0011904761904761906,2.101785714285714
9100766,3.0,1,0.0,2.0999999999999996
9100772,3.0,1,0.0,2.0999999999999996
9100874,3.5,4,0.0035714285714285718,2.455357142857143
9100888,3.8,5,0.004761904761904762,2.667142857142857
9100902,3.0,1,0.0,2.0999999999999996
9100904,4.0,2,0.0011904761904761906,2.8017857142857143
9100909,3.0,1,0.0,2.0999999999999996
9100928,5.0,2,0.0011904761904761906,3.5017857142857145
9100952,3.6666666666666665,3,0.002380952380952381,2.570238095238095
9100953,3.0,1,0.0,2.0999999999999996
9100965,5.0,4,0.0035714285714285718,3.505357142857143
9100966,3.0,1,0.0,2.0999999999999996
9100970,3.6666666666666665,3,0.002380952380952381,2.570238095238095
9100987,3.0,1,0.0,2.0999999999999996
9100998,3.0,2,0.0011904761904761906,2.101785714285714
9101013,3.0,1,0.0,2.0999999999999996
9101017,4.333333333333333,3,0.002380952380952381,3.0369047619047613
9101022,3.0,1,0.0,2.0999999999999996
9101037,3.0,2,0.0011904761904761906,2.101785714285714
9101042,3.0,4,0.0035714285714285718,2.1053571428571427
9101046,5.0,2,0.0011904761904761906,3.5017857142857145
9101052,3.6666666666666665,3,0.002380952380952381,2.570238095238095
9101053,5.0,5,0.004761904761904762,3.507142857142857
9101054,5.0,3,0.002380952380952381,3.5035714285714286
9101061,5.0,2,0.0011904761904761906,3.5017857142857145
9101062,4.5,4,0.0035714285714285718,3.155357142857143
9101063,3.0,3,0.002380952380952381,2.103571428571428
9101069,3.0,1,0.0,2.0999999999999996
9101092,4.0,4,0.0035714285714285718,2.805357142857143
9101099,5.0,1,0.0,3.5
9101104,4.0,2,0.0011904761904761906,2.8017857142857143
9101107,3.0,4,0.0035714285714285718,2.1053571428571427
9101109,4.2,5,0.004761904761904762,2.947142857142857
9101125,3.0,1,0.0,2.0999999999999996
9101145,5.0,1,0.0,3.5
9101150,5.0,1,0.0,3.5
9101154,3.0,1,0.0,2.0999999999999996
9101156,4.111111111111111,9,0.009523809523809525,2.8920634920634916
9101164,5.0,4,0.0035714285714285718,3.505357142857143
9101173,4.2,5,0.004761904761904762,2.947142857142857
9101193,3.0,1,0.0,2.0999999999999996
9101232,3.0,2,0.0011904761904761906,2.101785714285714
9101262,5.0,1,0.0,3.5
9101275,3.0,2,0.0011904761904761906,2.101785714285714
9101282,5.0,2,0.0011904761904761906,3.5017857142857145
9101299,3.6666666666666665,3,0.002380952380952381,2.570238095238095
9101313,4.5,8,0.008333333333333335,3.1625
9101317,4.0,4,0.0035714285714285718,2.805357142857143
9101319,4.0,2,0.0011904761904761906,2.8017857142857143
9101322,4.333333333333333,15,0.01666666666666667,3.0583333333333327
9101329,4.0,2,0.0011904761904761906,2.8017857142857143
9101332,5.0,2,0.0011904761904761906,3.5017857142857145
9101349,4.0,2,0.0011904761904761906,2.8017857142857143
9101352,4.0,2,0.0011904761904761906,2.8017857142857143
9101354,3.0,2,0.0011904761904761906,2.101785714285714
9101355,3.0,1,0.0,2.0999999999999996
9101359,3.0,1,0.0,2.0999999999999996
9101360,3.8,5,0.004761904761904762,2.667142857142857
9101362,4.0,2,0.0011904761904761906,2.8017857142857143
9101363,5.0,1,0.0,3.5
9101366,4.0,2,0.0011904761904761906,2.8017857142857143
9101395,3.6666666666666665,3,0.002380952380952381,2.570238095238095
9101432,4.0,2,0.0011904761904761906,2.8017857142857143
9101450,3.0,1,0.0,2.0999999999999996
9101453,3.0,4,0.0035714285714285718,2.1053571428571427
9101458,3.0,1,0.0,2.0999999999999996
9101468,5.0,1,0.0,3.5
9101505,4.0,2,0.0011904761904761906,2.8017857142857143
9101508,4.0,2,0.0011904761904761906,2.8017857142857143
9101530,5.0,2,0.0011904761904761906,3.5017857142857145
9101535,5.0,2,0.0011904761904761906,3.5017857142857145
9101586,5.0,2,0.0011904761904761906,3.5017857142857145
9101593,3.0,1,0.0,2.0999999999999996
9101616,3.0,2,0.0011904761904761906,2.101785714285714
9101621,3.0,1,0.0,2.0999999999999996
9101645,3.8,10,0.010714285714285714,2.6760714285714284
9101660,3.0,1,0.0,2.0999999999999996
9101661,3.5,4,0.0035714285714285718,2.455357142857143
9101663,3.5,4,0.0035714285714285718,2.455357142857143
9200003,5.0,1,0.0,3.5
9200019,5.0,1,0.0,3.5
9200024,3.0,2,0.0011904761904761906,2.101785714285714
9200036,3.6666666666666665,3,0.002380952380952381,2.570238095238095
9200055,3.5,4,0.0035714285714285718,2.455357142857143
9200075,3.0,1,0.0,2.0999999999999996
9200076,4.0,2,0.0011904761904761906,2.8017857142857143
9200108,3.8,5,0.004761904761904762,2.667142857142857
9200162,5.0,2,0.0011904761904761906,3.5017857142857145
9200190,5.0,1,0.0,3.5
9200192,3.0,2,0.0011904761904761906,2.101785714285714
9200195,5.0,3,0.002380952380952381,3.5035714285714286
9200216,4.777777777777778,9,0.009523809523809525,3.3587301587301583
9200239,5.0,2,0.0011904761904761906,3.5017857142857145
9200294,3.0,4,0.0035714285714285718,2.1053571428571427
9200309,3.0,2,0.0011904761904761906,2.101785714285714
9200311,5.0,3,0.002380952380952381,3.5035714285714286
9200337,4.0,2,0.0011904761904761906,2.8017857142857143
9200360,5.0,1,0.0,3.5
9200378,3.6666666666666665,3,0.002380952380952381,2.570238095238095
9200380,4.0,2,0.0011904761904761906,2.8017857142857143
9200403,4.666666666666667,6,0.005952380952380953,3.2755952380952382
9200407,3.5,4,0.0035714285714285718,2.455357142857143
9200409,4.666666666666667,6,0.005952380952380953,3.2755952380952382
9200424,3.0,1,0.0,2.0999999999999996
9200428,3.857142857142857,7,0.007142857142857144,2.7107142857142854
9200438,3.0,1,0.0,2.0999999999999996
9200439,3.0,4,0.0035714285714285718,2.1053571428571427
9200441,3.0,1,0.0,2.0999999999999996
9200452,4.0,2,0.0011904761904761906,2.8017857142857143
9200473,3.0,1,0.0,2.0999999999999996
9200488,5.0,1,0.0,3.5
9200499,4.0,2,0.0011904761904761906,2.8017857142857143
9200500,5.0,1,0.0,3.5
9200533,3.0,1,0.0,2.0999999999999996
9200545,5.0,1,0.0,3.5
9200547,4.0,6,0.005952380952380953,2.8089285714285714
9200550,5.0,1,0.0,3.5
9200554,3.5,4,0.0035714285714285718,2.455357142857143
9200568,5.0,3,0.002380952380952381,3.5035714285714286
9200578,3.6666666666666665,3,0.002380952380952381,2.570238095238095
9200581,5.0,1,0.0,3.5
9200582,5.0,1,0.0,3.5
9200589,5.0,1,0.0,3.5
9200594,4.5,4,0.0035714285714285718,3.155357142857143
9200597,5.0,2,0.0011904761904761906,3.5017857142857145
9200598,5.0,2,0.0011904761904761906,3.5017857142857145
9200601,3.8333333333333335,12,0.013095238095238097,2.7029761904761904
9200608,4.0,2,0.0011904761904761906,2.8017857142857143
9200622,3.0,1,0.0,2.0999999999999996
9200639,4.0,2,0.0011904761904761906,2.8017857142857143
9200640,3.8333333333333335,12,0.013095238095238097,2.7029761904761904
9200642,4.0,2,0.0011904761904761906,2.8017857142857143
9200645,5.0,1,0.0,3.5
9200646,3.0,1,0.0,2.0999999999999996
9200647,3.0,2,0.0011904761904761906,2.101785714285714
9200657,4.333333333333333,3,0.002380952380952381,3.0369047619047613
9200660,4.2,5,0.004761904761904762,2.947142857142857
9200672,5.0,1,0.0,3.5
9200726,3.8,5,0.004761904761904762,2.667142857142857
9300000,4.25,8,0.008333333333333335,2.9875
9300004,3.0,1,0.0,2.0999999999999996
9300012,5.0,3,0.002380952380952381,3.5035714285714286
9300025,4.5,4,0.0035714285714285718,3.155357142857143
9300034,5.0,4,0.0035714285714285718,3.505357142857143
9300035,4.0,4,0.0035714285714285718,2.805357142857143
9300037,4.6,10,0.010714285714285714,3.2360714285714285
9300045,3.0,1,0.0,2.0999999999999996
9300054,5.0,1,0.0,3.5
9300056,5.0,1,0.0,3.5
9300062,3.6666666666666665,3,0.002380952380952381,2.570238095238095
9300067,4.538461538461538,13,0.014285714285714287,3.198351648351648
9300077,5.0,1,0.0,3.5
9300078,3.857142857142857,7,0.007142857142857144,2.7107142857142854
9300079,5.0,1,0.0,3.5
9300087,3.857142857142857,7,0.007142857142857144,2.7107142857142854
9300089,3.0,1,0.0,2.0999999999999996
9300098,5.0,1,0.0,3.5
9300099,5.0,2,0.0011904761904761906,3.5017857142857145
9300100,4.333333333333333,3,0.002380952380952381,3.0369047619047613
9300103,5.0,1,0.0,3.5
9300112,5.0,3,0.002380952380952381,3.5035714285714286
9300114,5.0,1,0.0,3.5
9400066,3.0,1,0.0,2.0999999999999996
9500007,5.0,1,0.0,3.5
9500031,3.0,1,0.0,2.0999999999999996
9500035,4.0,4,0.0035714285714285718,2.805357142857143
9500040,5.0,2,0.0011904761904761906,3.5017857142857145
9500041,4.0,2,0.0011904761904761906,2.8017857142857143
9500042,4.333333333333333,3,0.002380952380952381,3.0369047619047613
9500109,3.8,10,0.010714285714285714,2.6760714285714284
9500119,3.6666666666666665,3,0.002380952380952381,2.570238095238095
9500129,3.0,2,0.0011904761904761906,2.101785714285714
9500142,3.0,1,0.0,2.0999999999999996
9600095,3.0,1,0.0,2.0999999999999996
9600103,5.0,1,0.0,3.5
9600124,3.0,2,0.0011904761904761906,2.101785714285714
9600125,5.0,1,0.0,3.5
9600151,5.0,2,0.0011904761904761906,3.5017857142857145
9600155,5.0,2,0.0011904761904761906,3.5017857142857145
9600157,5.0,1,0.0,3.5
9700019,3.0,1,0.0,2.0999999999999996
9700059,4.0,2,0.0011904761904761906,2.8017857142857143
9700060,5.0,1,0.0,3.5
9700099,5.0,2,0.0011904761904761906,3.5017857142857145
9700102,5.0,1,0.0,3.5
9700140,4.0,4,0.0035714285714285718,2.805357142857143
9700204,3.0,1,0.0,2.0999999999999996
9700205,4.0,4,0.0035714285714285718,2.805357142857143
9700225,3.8,5,0.004761904761904762,2.667142857142857
9700226,4.0,2,0.0011904761904761906,2.8017857142857143
9700228,3.6666666666666665,6,0.005952380952380953,2.575595238095238
9700230,4.5,4,0.0035714285714285718,3.155357142857143
9700231,3.5,4,0.0035714285714285718,2.455357142857143
9700232,3.0,1,0.0,2.0999999999999996
9700355,4.333333333333333,3,0.002380952380952381,3.0369047619047613
9700357,3.0,1,0.0,2.0999999999999996
9700359,5.0,2,0.0011904761904761906,3.5017857142857145
9800240,4.0,4,0.0035714285714285718,2.805357142857143
9800273,4.2,5,0.004761904761904762,2.947142857142857
9800314,5.0,2,0.0011904761904761906,3.5017857142857145
9800379,4.0,4,0.0035714285714285718,2.805357142857143
9800446,5.0,1,0.0,3.5
9800480,4.428571428571429,7,0.007142857142857144,3.1107142857142858
9800542,5.0,2,0.0011904761904761906,3.5017857142857145
9800598,4.333333333333333,3,0.002380952380952381,3.0369047619047613
9900139,5.0,1,0.0,3.5
9900249,3.0,1,0.0,2.0999999999999996
10100050,4.2,5,0.004761904761904762,2.947142857142857
10100051,3.0,2,0.0011904761904761906,2.101785714285714
10100073,5.0,1,0.0,3.5
10100202,4.0,4,0.0035714285714285718,2.805357142857143
10100282,5.0,1,0.0,3.5
10100404,5.0,1,0.0,3.5
10100410,4.0,2,0.0011904761904761906,2.8017857142857143
10100736,5.0,1,0.0,3.5
10100767,4.333333333333333,3,0.002380952380952381,3.0369047619047613
10100825,4.0,2,0.0011904761904761906,2.8017857142857143
10100850,4.0,2,0.0011904761904761906,2.8017857142857143
10100927,5.0,1,0.0,3.5
10100945,5.0,1,0.0,3.5
10100978,3.0,1,0.0,2.0999999999999996
10101352,5.0,2,0.0011904761904761906,3.5017857142857145
10200838,3.0,1,0.0,2.0999999999999996
10201242,5.0,1,0.0,3.5
10201366,3.0,1,0.0,2.0999999999999996
10201517,5.0,1,0.0,3.5
10201522,5.0,2,0.0011904761904761906,3.5017857142857145
10201611,3.0,1,0.0,2.0999999999999996
10201644,3.6666666666666665,3,0.002380952380952381,2.570238095238095
10201657,3.0,1,0.0,2.0999999999999996
10201795,3.0,1,0.0,2.0999999999999996
10300003,4.0,2,0.0011904761904761906,2.8017857142857143
10300454,5.0,1,0.0,3.5
10300458,3.0,1,0.0,2.0999999999999996
10300464,3.0,1,0.0,2.0999999999999996
10300650,5.0,1,0.0,3.5
10301051,5.0,3,0.002380952380952381,3.5035714285714286
10301601,3.6666666666666665,3,0.002380952380952381,2.570238095238095
10400460,3.0,2,0.0011904761904761906,2.101785714285714
10400470,5.0,1,0.0,3.5
10400473,3.0,1,0.0,2.0999999999999996
10400608,3.0,3,0.002380952380952381,2.103571428571428
10400632,3.0,1,0.0,2.0999999999999996
10400640,3.0,1,0.0,2.0999999999999996
10400642,5.0,1,0.0,3.5
10400657,5.0,1,0.0,3.5
10500704,5.0,1,0.0,3.5
10501286,5.0,1,0.0,3.5
10501318,4.5,4,0.0035714285714285718,3.155357142857143
10501366,3.8,5,0.004761904761904762,2.667142857142857
10501842,5.0,1,0.0,3.5
10502168,3.0,1,0.0,2.0999999999999996
10502345,4.428571428571429,7,0.007142857142857144,3.1107142857142858
10502346,5.0,1,0.0,3.5
10502375,5.0,2,0.0011904761904761906,3.5017857142857145
10502409,3.0,1,0.0,2.0999999999999996
10502565,5.0,1,0.0,3.5
10502879,3.0,1,0.0,2.0999999999999996
10503930,3.0,3,0.002380952380952381,2.103571428571428
10504071,4.0,2,0.0011904761904761906,2.8017857142857143
10504425,4.428571428571429,7,0.007142857142857144,3.1107142857142858
10504483,3.0,2,0.0011904761904761906,2.101785714285714
10700012,5.0,1,0.0,3.5
10700022,5.0,1,0.0,3.5
10700055,4.0,2,0.0011904761904761906,2.8017857142857143
10700067,5.0,1,0.0,3.5
10700070,3.6666666666666665,3,0.002380952380952381,2.570238095238095
10700137,5.0,2,0.0011904761904761906,3.5017857142857145
10700138,5.0,1,0.0,3.5
10700158,4.0,2,0.0011904761904761906,2.8017857142857143
10700289,5.0,1,0.0,3.5
10700664,3.0,1,0.0,2.0999999999999996
10700745,5.0,1,0.0,3.5
10700748,5.0,3,0.002380952380952381,3.5035714285714286
10700774,5.0,1,0.0,3.5
10700783,5.0,2,0.0011904761904761906,3.5017857142857145
10700812,4.076923076923077,13,0.014285714285714287,2.875274725274725
10700816,3.0,1,0.0,2.0999999999999996
10700837,4.2,5,0.004761904761904762,2.947142857142857
10700879,3.0,1,0.0,2.0999999999999996
10700882,5.0,2,0.0011904761904761906,3.5017857142857145
10700955,4.142857142857143,7,0.007142857142857144,2.9107142857142856
10701009,3.0,1,0.0,2.0999999999999996
10701017,4.0,2,0.0011904761904761906,2.8017857142857143
10701043,5.0,1,0.0,3.5
10701052,4.636363636363637,11,0.011904761904761908,3.2633116883116884
10701061,4.0,2,0.0011904761904761906,2.8017857142857143
10701090,3.0,1,0.0,2.0999999999999996
10701101,4.444444444444445,18,0.02023809523809524,3.141468253968254
10701106,4.0,2,0.0011904761904761906,2.8017857142857143
10701127,5.0,1,0.0,3.5
10701166,4.333333333333333,3,0.002380952380952381,3.0369047619047613
10701176,4.714285714285714,7,0.007142857142857144,3.3107142857142855
10800002,4.0,2,0.0011904761904761906,2.8017857142857143
10800004,3.0,4,0.0035714285714285718,2.1053571428571427
10800025,4.157894736842105,19,0.021428571428571432,2.9426691729323307
10800048,4.2,5,0.004761904761904762,2.947142857142857
10800068,4.6,5,0.004761904761904762,3.227142857142857
10800074,4.666666666666667,6,0.005952380952380953,3.2755952380952382
10800076,3.0,1,0.0,2.0999999999999996
10800079,4.0,2,0.0011904761904761906,2.8017857142857143
10800099,4.4,10,0.010714285714285714,3.096071428571429
10800112,3.0,2,0.0011904761904761906,2.101785714285714
10800117,3.0,1,0.0,2.0999999999999996
10800126,3.5,4,0.0035714285714285718,2.455357142857143
10800129,3.0,2,0.0011904761904761906,2.101785714285714
10800132,4.333333333333333,6,0.005952380952380953,3.0422619047619044
10800145,5.0,2,0.0011904761904761906,3.5017857142857145
10800164,4.0,2,0.0011904761904761906,2.8017857142857143
10800168,5.0,2,0.0011904761904761906,3.5017857142857145
10800170,3.6666666666666665,3,0.002380952380952381,2.570238095238095
10800172,3.0,1,0.0,2.0999999999999996
10800177,3.0,2,0.0011904761904761906,2.101785714285714
10800180,3.0,1,0.0,2.0999999999999996
10800183,4.0,2,0.0011904761904761906,2.8017857142857143
10800193,5.0,1,0.0,3.5
10800194,3.0,1,0.0,2.0999999999999996
10800196,3.0,1,0.0,2.0999999999999996
10800198,5.0,1,0.0,3.5
10800207,5.0,3,0.002380952380952381,3.5035714285714286
10800217,5.0,3,0.002380952380952381,3.5035714285714286
10800220,5.0,1,0.0,3.5
10800224,5.0,2,0.0011904761904761906,3.5017857142857145
10800226,3.0,1,0.0,2.0999999999999996
10900003,4.333333333333333,6,0.005952380952380953,3.0422619047619044
10900005,4.333333333333333,3,0.002380952380952381,3.0369047619047613
10900007,3.6666666666666665,6,0.005952380952380953,2.575595238095238
10900012,4.0,2,0.0011904761904761906,2.8017857142857143
10900015,5.0,1,0.0,3.5
10900026,4.5,4,0.0035714285714285718,3.155357142857143
10900029,4.142857142857143,7,0.007142857142857144,2.9107142857142856
10900030,5.0,1,0.0,3.5
10900043,3.3333333333333335,6,0.005952380952380953,2.342261904761905
10900062,4.0,2,0.0011904761904761906,2.8017857142857143
10900095,3.0,1,0.0,2.0999999999999996
10900096,4.2,5,0.004761904761904762,2.947142857142857
10900113,4.333333333333333,3,0.002380952380952381,3.0369047619047613
10900115,3.8,5,0.004761904761904762,2.667142857142857
10900137,3.0,1,0.0,2.0999999999999996
10900153,4.333333333333333,3,0.002380952380952381,3.0369047619047613
10900154,3.0,3,0.002380952380952381,2.103571428571428
10900162,3.6666666666666665,3,0.002380952380952381,2.570238095238095
10900168,3.8,5,0.004761904761904762,2.667142857142857
10900210,3.0,1,0.0,2.0999999999999996
10900250,3.6666666666666665,3,0.002380952380952381,2.570238095238095
10900253,3.0,2,0.0011904761904761906,2.101785714285714
10900264,4.2,10,0.010714285714285714,2.9560714285714287
10900268,3.5,4,0.0035714285714285718,2.455357142857143
10900277,4.0,6,0.005952380952380953,2.8089285714285714
10900292,4.333333333333333,3,0.002380952380952381,3.0369047619047613
10900298,4.0,4,0.0035714285714285718,2.805357142857143
10900300,5.0,1,0.0,3.5
10900301,3.0,2,0.0011904761904761906,2.101785714285714
10900310,4.0,2,0.0011904761904761906,2.8017857142857143
10900317,3.8,5,0.004761904761904762,2.667142857142857
10900326,4.0,2,0.0011904761904761906,2.8017857142857143
10900328,4.0,2,0.0011904761904761906,2.8017857142857143
10900335,3.0,1,0.0,2.0999999999999996
10900338,5.0,2,0.0011904761904761906,3.5017857142857145
10900339,3.0,1,0.0,2.0999999999999996
10900340,4.0,4,0.0035714285714285718,2.805357142857143
10900342,4.0,2,0.0011904761904761906,2.8017857142857143
10900348,4.125,16,0.01785714285714286,2.914285714285714
10900356,4.111111111111111,9,0.009523809523809525,2.8920634920634916
10900392,3.0,1,0.0,2.0999999999999996
10900404,4.111111111111111,9,0.009523809523809525,2.8920634920634916
11000000,3.0,2,0.0011904761904761906,2.101785714285714
11000006,5.0,1,0.0,3.5
11000042,5.0,1,0.0,3.5
11000088,4.5,4,0.0035714285714285718,3.155357142857143
11000097,5.0,1,0.0,3.5
11000098,4.0,2,0.0011904761904761906,2.8017857142857143
11000101,3.6666666666666665,3,0.002380952380952381,2.570238095238095
11000128,5.0,1,0.0,3.5
11000146,5.0,2,0.0011904761904761906,3.5017857142857145
11000188,5.0,1,0.0,3.5
11000190,5.0,4,0.0035714285714285718,3.505357142857143
11000200,5.0,1,0.0,3.5
11000211,3.0,1,0.0,2.0999999999999996
11000247,4.0,2,0.0011904761904761906,2.8017857142857143
11000257,4.0,2,0.0011904761904761906,2.8017857142857143
11000258,5.0,1,0.0,3.5
11000259,5.0,1,0.0,3.5
11100002,3.5,4,0.0035714285714285718,2.455357142857143
11100011,3.8,5,0.004761904761904762,2.667142857142857
11100013,5.0,1,0.0,3.5
11100014,3.0,1,0.0,2.0999999999999996
11100023,5.0,1,0.0,3.5
11100024,5.0,1,0.0,3.5
11100078,5.0,1,0.0,3.5
11100084,4.0,6,0.005952380952380953,2.8089285714285714
11100133,4.6,5,0.004761904761904762,3.227142857142857
11100134,4.0,2,0.0011904761904761906,2.8017857142857143
11100137,4.0,2,0.0011904761904761906,2.8017857142857143
11100146,3.0,2,0.0011904761904761906,2.101785714285714
11100147,5.0,4,0.0035714285714285718,3.505357142857143
11100163,3.888888888888889,9,0.009523809523809525,2.736507936507936
11100178,3.0,2,0.0011904761904761906,2.101785714285714
11100191,3.0,2,0.0011904761904761906,2.101785714285714
11100210,4.0,2,0.0011904761904761906,2.8017857142857143
11100221,5.0,1,0.0,3.5
11100222,4.333333333333333,6,0.005952380952380953,3.0422619047619044
11100223,4.25,8,0.008333333333333335,2.9875
11100226,5.0,1,0.0,3.5
11100236,3.0,1,0.0,2.0999999999999996
11100245,3.5,4,0.0035714285714285718,2.455357142857143
11100251,5.0,1,0.0,3.5
11100252,3.0,3,0.002380952380952381,2.103571428571428
11100271,4.333333333333333,3,0.002380952380952381,3.0369047619047613
11100283,4.0,2,0.0011904761904761906,2.8017857142857143
11100287,4.230769230769231,13,0.014285714285714287,2.9829670329670326
11100328,4.5,4,0.0035714285714285718,3.155357142857143
11100346,3.8,5,0.004761904761904762,2.667142857142857
11200001,4.0,6,0.005952380952380953,2.8089285714285714
11200017,5.0,4,0.0035714285714285718,3.505357142857143
11200020,3.0,1,0.0,2.0999999999999996
11200098,5.0,1,0.0,3.5
11200154,3.0,1,0.0,2.0999999999999996
11200168,3.0,1,0.0,2.0999999999999996
11200169,3.0,2,0.0011904761904761906,2.101785714285714
11200188,4.428571428571429,7,0.007142857142857144,3.1107142857142858
11200189,4.333333333333333,6,0.005952380952380953,3.0422619047619044
11200192,4.333333333333333,6,0.005952380952380953,3.0422619047619044
11200195,4.0,2,0.0011904761904761906,2.8017857142857143
11200196,4.0,2,0.0011904761904761906,2.8017857142857143
11200198,3.0,1,0.0,2.0999999999999996
11200219,3.6666666666666665,3,0.002380952380952381,2.570238095238095
11200221,3.4,5,0.004761904761904762,2.387142857142857
11200222,3.0,1,0.0,2.0999999999999996
11200225,4.0588235294117645,17,0.01904761904761905,2.8697478991596634
11200243,3.3333333333333335,6,0.005952380952380953,2.342261904761905
11200244,4.0,2,0.0011904761904761906,2.8017857142857143
11200246,5.0,1,0.0,3.5
11200249,5.0,1,0.0,3.5
11200260,3.4615384615384617,13,0.014285714285714287,2.4445054945054943
11200269,3.0,1,0.0,2.0999999999999996
11200276,4.0,2,0.0011904761904761906,2.8017857142857143
11200278,3.0,1,0.0,2.0999999999999996
11200282,5.0,1,0.0,3.5
11200317,4.333333333333333,6,0.005952380952380953,3.0422619047619044
11200318,4.333333333333333,3,0.002380952380952381,3.0369047619047613
11200328,3.9,20,0.022619047619047622,2.7639285714285715
11200335,3.0,1,0.0,2.0999999999999996
11200342,4.0,2,0.0011904761904761906,2.8017857142857143
11200355,3.9,20,0.022619047619047622,2.7639285714285715
11200356,4.333333333333333,3,0.002380952380952381,3.0369047619047613
11200360,3.0,1,0.0,2.0999999999999996
11200361,4.0,2,0.0011904761904761906,2.8017857142857143
11200364,4.0,28,0.03214285714285715,2.8482142857142856
11200373,4.0,2,0.0011904761904761906,2.8017857142857143
11200381,4.6,5,0.004761904761904762,3.227142857142857
11200382,3.3333333333333335,6,0.005952380952380953,2.342261904761905
11200383,3.6153846153846154,13,0.014285714285714287,2.552197802197802
11200384,3.838709677419355,31,0.03571428571428571,2.7406682027649767
11200397,5.0,1,0.0,3.5
11200398,5.0,1,0.0,3.5
11200399,5.0,4,0.0035714285714285718,3.505357142857143
11200402,3.0,1,0.0,2.0999999999999996
11200405,3.3333333333333335,6,0.005952380952380953,2.342261904761905
11200415,4.142857142857143,7,0.007142857142857144,2.9107142857142856
11200416,5.0,5,0.004761904761904762,3.507142857142857
11200419,4.111111111111111,9,0.009523809523809525,2.8920634920634916
11200421,3.5,4,0.0035714285714285718,2.455357142857143
11200427,3.0,1,0.0,2.0999999999999996
11200440,3.5,4,0.0035714285714285718,2.455357142857143
11200443,3.0,2,0.0011904761904761906,2.101785714285714
11200451,4.25,8,0.008333333333333335,2.9875
11200454,3.0,1,0.0,2.0999999999999996
11200461,4.333333333333333,3,0.002380952380952381,3.0369047619047613
11200462,5.0,1,0.0,3.5
11200465,3.75,8,0.008333333333333335,2.6375
11200467,3.0,1,0.0,2.0999999999999996
11200468,3.0,1,0.0,2.0999999999999996
11200470,3.0,1,0.0,2.0999999999999996
11200500,5.0,1,0.0,3.5
11200502,4.0,2,0.0011904761904761906,2.8017857142857143
11200505,5.0,2,0.0011904761904761906,3.5017857142857145
11200522,5.0,4,0.0035714285714285718,3.505357142857143
11200532,3.4705882352941178,17,0.01904761904761905,2.4579831932773106
11200536,3.0,5,0.004761904761904762,2.1071428571428568
11200537,3.0,1,0.0,2.0999999999999996
11200538,3.6666666666666665,3,0.002380952380952381,2.570238095238095
11300005,4.142857142857143,7,0.007142857142857144,2.9107142857142856
11300006,3.0,3,0.002380952380952381,2.103571428571428
11300008,3.0,1,0.0,2.0999999999999996
11300009,5.0,1,0.0,3.5
11300010,3.0,1,0.0,2.0999999999999996
11300011,4.0,2,0.0011904761904761906,2.8017857142857143
11300026,3.0,2,0.0011904761904761906,2.101785714285714
11300042,3.0,1,0.0,2.0999999999999996
11300045,5.0,1,0.0,3.5
11300046,3.0,1,0.0,2.0999999999999996
11300048,3.6666666666666665,3,0.002380952380952381,2.570238095238095
11300052,3.0,1,0.0,2.0999999999999996
11300053,3.0,1,0.0,2.0999999999999996
11300055,3.6666666666666665,3,0.002380952380952381,2.570238095238095
11300061,3.0,1,0.0,2.0999999999999996
11300120,5.0,1,0.0,3.5
11300127,5.0,1,0.0,3.5
11400258,5.0,1,0.0,3.5
11400268,4.5,4,0.0035714285714285718,3.155357142857143
11400317,4.125,16,0.01785714285714286,2.914285714285714
11400381,3.0,2,0.0011904761904761906,2.101785714285714
11400388,4.6,5,0.004761904761904762,3.227142857142857
11400445,3.0,1,0.0,2.0999999999999996
11400446,4.0,4,0.0035714285714285718,2.805357142857143
11400453,5.0,1,0.0,3.5
11400480,3.0,1,0.0,2.0999999999999996
11400618,3.0,2,0.0011904761904761906,2.101785714285714
11400622,4.333333333333333,3,0.002380952380952381,3.0369047619047613
11400662,3.8,5,0.004761904761904762,2.667142857142857
11400666,4.235294117647059,34,0.039285714285714285,3.0236344537815123
11400699,5.0,3,0.002380952380952381,3.5035714285714286
11400708,3.0,1,0.0,2.0999999999999996
11400745,5.0,6,0.005952380952380953,3.5089285714285716
11400746,4.333333333333333,3,0.002380952380952381,3.0369047619047613
11400747,3.0,2,0.0011904761904761906,2.101785714285714
11400751,5.0,2,0.0011904761904761906,3.5017857142857145
11500009,4.0,2,0.0011904761904761906,2.8017857142857143
11500214,5.0,1,0.0,3.5
11500273,5.0,1,0.0,3.5
11500275,3.0,1,0.0,2.0999999999999996
11500277,3.0,1,0.0,2.0999999999999996
11500289,3.0,1,0.0,2.0999999999999996
11500299,4.142857142857143,7,0.007142857142857144,2.9107142857142856
11500326,4.333333333333333,3,0.002380952380952381,3.0369047619047613
11500336,4.0,2,0.0011904761904761906,2.8017857142857143
11500369,4.0,2,0.0011904761904761906,2.8017857142857143
11500439,4.230769230769231,13,0.014285714285714287,2.9829670329670326
11500440,3.5,4,0.0035714285714285718,2.455357142857143
11500475,4.428571428571429,7,0.007142857142857144,3.1107142857142858
11500482,5.0,2,0.0011904761904761906,3.5017857142857145
11500565,4.0,2,0.0011904761904761906,2.8017857142857143
11500572,5.0,3,0.002380952380952381,3.5035714285714286
11500597,4.333333333333333,3,0.002380952380952381,3.0369047619047613
11500608,5.0,1,0.0,3.5
11500609,5.0,1,0.0,3.5
11500621,4.333333333333333,3,0.002380952380952381,3.0369047619047613
11500622,5.0,3,0.002380952380952381,3.5035714285714286
11500624,4.0,2,0.0011904761904761906,2.8017857142857143
11500626,5.0,1,0.0,3.5
11500627,3.6666666666666665,6,0.005952380952380953,2.575595238095238
11500628,3.0,1,0.0,2.0999999999999996
11500631,4.0,4,0.0035714285714285718,2.805357142857143
11500655,5.0,1,0.0,3.5
11500667,3.0,1,0.0,2.0999999999999996
11500675,4.333333333333333,3,0.002380952380952381,3.0369047619047613
11500676,5.0,1,0.0,3.5
11500689,3.0,1,0.0,2.0999999999999996
11500691,4.0,2,0.0011904761904761906,2.8017857142857143
11500692,4.333333333333333,3,0.002380952380952381,3.0369047619047613
11500694,4.6,5,0.004761904761904762,3.227142857142857
11500708,4.333333333333333,3,0.002380952380952381,3.0369047619047613
11500740,4.2,5,0.004761904761904762,2.947142857142857
11500741,3.0,2,0.0011904761904761906,2.101785714285714
11500744,5.0,2,0.0011904761904761906,3.5017857142857145
11500763,5.0,5,0.004761904761904762,3.507142857142857
11500782,3.0,2,0.0011904761904761906,2.101785714285714
11500838,3.0,1,0.0,2.0999999999999996
11500845,4.0,2,0.0011904761904761906,2.8017857142857143
11500863,3.6666666666666665,9,0.009523809523809525,2.5809523809523807
11500875,3.0,1,0.0,2.0999999999999996
11500876,3.0,1,0.0,2.0999999999999996
11500879,5.0,1,0.0,3.5
11500887,3.0,1,0.0,2.0999999999999996
11500891,5.0,1,0.0,3.5
11500895,4.0,2,0.0011904761904761906,2.8017857142857143
11500902,5.0,2,0.0011904761904761906,3.5017857142857145
11500908,3.0,1,0.0,2.0999999999999996
11500910,3.0,1,0.0,2.0999999999999996
11500913,3.0,1,0.0,2.0999999999999996
11600000,4.538461538461538,13,0.014285714285714287,3.198351648351648
11600001,4.090909090909091,11,0.011904761904761908,2.881493506493506
11600002,4.428571428571429,7,0.007142857142857144,3.1107142857142858
11600004,5.0,6,0.005952380952380953,3.5089285714285716
11600005,5.0,2,0.0011904761904761906,3.5017857142857145
11600011,3.6666666666666665,3,0.002380952380952381,2.570238095238095
11600016,5.0,1,0.0,3.5
11600018,5.0,2,0.0011904761904761906,3.5017857142857145
11600033,3.6666666666666665,6,0.005952380952380953,2.575595238095238
11600037,3.0,1,0.0,2.0999999999999996
11600038,5.0,1,0.0,3.5
11600039,3.8,5,0.004761904761904762,2.667142857142857
11600041,5.0,1,0.0,3.5
11600048,5.0,1,0.0,3.5
11600060,5.0,1,0.0,3.5
11600072,3.0,1,0.0,2.0999999999999996
11600094,3.6666666666666665,3,0.002380952380952381,2.570238095238095
11600095,3.25,8,0.008333333333333335,2.2875
11600113,4.111111111111111,9,0.009523809523809525,2.8920634920634916
11600114,5.0,4,0.0035714285714285718,3.505357142857143
11600133,4.0,2,0.0011904761904761906,2.8017857142857143
11600134,3.0,1,0.0,2.0999999999999996
11600140,3.0,1,0.0,2.0999999999999996
11600144,3.75,8,0.008333333333333335,2.6375
11600155,4.333333333333333,3,0.002380952380952381,3.0369047619047613
11600158,4.6,5,0.004761904761904762,3.227142857142857
11600160,3.0,1,0.0,2.0999999999999996
11600234,5.0,3,0.002380952380952381,3.5035714285714286
11600244,4.0,4,0.0035714285714285718,2.805357142857143
11600301,5.0,1,0.0,3.5
11600325,4.2,5,0.004761904761904762,2.947142857142857
11600425,3.0,1,0.0,2.0999999999999996
11600448,4.636363636363637,11,0.011904761904761908,3.2633116883116884
11600449,5.0,3,0.002380952380952381,3.5035714285714286
11600450,4.5,4,0.0035714285714285718,3.155357142857143
11600466,3.0,1,0.0,2.0999999999999996
11600468,5.0,2,0.0011904761904761906,3.5017857142857145
11700115,3.0,1,0.0,2.0999999999999996
11800008,3.6666666666666665,3,0.002380952380952381,2.570238095238095
11800010,3.0,3,0.002380952380952381,2.103571428571428
11900016,5.0,1,0.0,3.5
11900045,5.0,1,0.0,3.5
11900052,4.0,2,0.0011904761904761906,2.8017857142857143
11900069,3.0,3,0.002380952380952381,2.103571428571428
11900097,5.0,2,0.0011904761904761906,3.5017857142857145
11900142,3.8,5,0.004761904761904762,2.667142857142857
11900153,5.0,2,0.0011904761904761906,3.5017857142857145
11900217,3.0,2,0.0011904761904761906,2.101785714285714
11900229,3.0,1,0.0,2.0999999999999996
11900258,4.0,2,0.0011904761904761906,2.8017857142857143
11900281,3.857142857142857,7,0.007142857142857144,2.7107142857142854
11900283,4.333333333333333,3,0.002380952380952381,3.0369047619047613
11900322,4.0,4,0.0035714285714285718,2.805357142857143
11900324,3.0,2,0.0011904761904761906,2.101785714285714
11900325,4.333333333333333,3,0.002380952380952381,3.0369047619047613
11900351,4.0,2,0.0011904761904761906,2.8017857142857143
11900358,4.0,4,0.0035714285714285718,2.805357142857143
11900438,3.0,1,0.0,2.0999999999999996
12000023,5.0,2,0.0011904761904761906,3.5017857142857145
12000059,3.0,1,0.0,2.0999999999999996
12000145,5.0,1,0.0,3.5
12100045,4.0,8,0.008333333333333335,2.8125
12100192,3.0,1,0.0,2.0999999999999996
12100208,3.0,1,0.0,2.0999999999999996
12100230,4.0588235294117645,17,0.01904761904761905,2.8697478991596634
12100412,3.6666666666666665,3,0.002380952380952381,2.570238095238095
12100430,5.0,2,0.0011904761904761906,3.5017857142857145
12100439,3.0,2,0.0011904761904761906,2.101785714285714
12100456,3.0,1,0.0,2.0999999999999996
12100462,5.0,1,0.0,3.5
12100522,5.0,2,0.0011904761904761906,3.5017857142857145
12100527,3.8,5,0.004761904761904762,2.667142857142857
12100551,4.0,4,0.0035714285714285718,2.805357142857143
12100552,3.4,5,0.004761904761904762,2.387142857142857
12100563,4.428571428571429,7,0.007142857142857144,3.1107142857142858
12100567,3.0,1,0.0,2.0999999999999996
12100574,3.3333333333333335,6,0.005952380952380953,2.342261904761905
12100575,5.0,1,0.0,3.5
12100577,3.0,2,0.0011904761904761906,2.101785714285714
12100590,4.333333333333333,3,0.002380952380952381,3.0369047619047613
12100591,3.0,1,0.0,2.0999999999999996
12100592,3.0,1,0.0,2.0999999999999996
12100593,3.0,1,0.0,2.0999999999999996
12100595,3.6666666666666665,3,0.002380952380952381,2.570238095238095
12100601,5.0,1,0.0,3.5
12100605,3.0,1,0.0,2.0999999999999996
12100631,3.0,1,0.0,2.0999999999999996
12100694,3.0,1,0.0,2.0999999999999996
12100704,5.0,2,0.0011904761904761906,3.5017857142857145
12100723,4.333333333333333,3,0.002380952380952381,3.0369047619047613
12100737,3.888888888888889,9,0.009523809523809525,2.736507936507936
12100750,4.555555555555555,9,0.009523809523809525,3.203174603174603
12100767,4.0,4,0.0035714285714285718,2.805357142857143
12100768,3.0,1,0.0,2.0999999999999996
12100791,3.0,1,0.0,2.0999999999999996
12100972,3.0,1,0.0,2.0999999999999996
12200053,4.333333333333333,3,0.002380952380952381,3.0369047619047613
12200302,3.6666666666666665,3,0.002380952380952381,2.570238095238095
12200540,4.0,2,0.0011904761904761906,2.8017857142857143
12200541,3.0,2,0.0011904761904761906,2.101785714285714
12200542,4.0,10,0.010714285714285714,2.8160714285714286
12200543,3.0,2,0.0011904761904761906,2.101785714285714
12200544,4.2,5,0.004761904761904762,2.947142857142857
12200545,3.5,4,0.0035714285714285718,2.455357142857143
12200546,3.5,4,0.0035714285714285718,2.455357142857143
12200665,4.0,2,0.0011904761904761906,2.8017857142857143
12200680,3.0,1,0.0,2.0999999999999996
12200998,5.0,1,0.0,3.5
12201035,3.6666666666666665,3,0.002380952380952381,2.570238095238095
12201217,4.0,2,0.0011904761904761906,2.8017857142857143
12201332,3.0,1,0.0,2.0999999999999996
12201336,3.8,5,0.004761904761904762,2.667142857142857
12201345,4.142857142857143,7,0.007142857142857144,2.9107142857142856
12201346,3.6666666666666665,9,0.009523809523809525,2.5809523809523807
12201347,4.466666666666667,15,0.01666666666666667,3.1516666666666664
12201348,4.3125,32,0.036904761904761905,3.0741071428571427
12201355,5.0,1,0.0,3.5
12201447,3.0,1,0.0,2.0999999999999996
12201448,3.0,1,0.0,2.0999999999999996
12201449,4.6,5,0.004761904761904762,3.227142857142857
12201451,5.0,1,0.0,3.5
12201551,3.0,1,0.0,2.0999999999999996
12201553,4.333333333333333,3,0.002380952380952381,3.0369047619047613
12201591,3.0,1,0.0,2.0999999999999996
12201593,5.0,1,0.0,3.5
12201689,3.0,2,0.0011904761904761906,2.101785714285714
12201690,5.0,1,0.0,3.5
12201719,4.363636363636363,22,0.025000000000000005,3.0920454545454543
12201721,4.2727272727272725,11,0.011904761904761908,3.0087662337662335
12201722,3.0,1,0.0,2.0999999999999996
12201723,3.0,1,0.0,2.0999999999999996
12201724,4.0,2,0.0011904761904761906,2.8017857142857143
12201751,4.0,4,0.0035714285714285718,2.805357142857143
12201753,5.0,1,0.0,3.5
12201756,3.5,4,0.0035714285714285718,2.455357142857143
12201759,4.0,2,0.0011904761904761906,2.8017857142857143
12201762,5.0,1,0.0,3.5
12201778,4.0,2,0.0011904761904761906,2.8017857142857143
12201779,3.0,1,0.0,2.0999999999999996
12201785,3.0,3,0.002380952380952381,2.103571428571428
12201888,3.0,1,0.0,2.0999999999999996
12201916,4.5,4,0.0035714285714285718,3.155357142857143
12201948,4.6,5,0.004761904761904762,3.227142857142857
12201949,4.0,2,0.0011904761904761906,2.8017857142857143
12202058,3.0,1,0.0,2.0999999999999996
12202101,4.0,4,0.0035714285714285718,2.805357142857143
12202196,3.0,1,0.0,2.0999999999999996
12202225,3.0,1,0.0,2.0999999999999996
12202243,3.0,1,0.0,2.0999999999999996
12202257,5.0,1,0.0,3.5
12202294,3.0,1,0.0,2.0999999999999996
12202300,4.0344827586206895,29,0.03333333333333333,2.874137931034482
12202301,4.454545454545454,11,0.011904761904761908,3.1360389610389605
12202302,4.0,2,0.0011904761904761906,2.8017857142857143
12202333,3.0,1,0.0,2.0999999999999996
12202336,4.2,5,0.004761904761904762,2.947142857142857
12202337,3.0,1,0.0,2.0999999999999996
12202338,4.0588235294117645,17,0.01904761904761905,2.8697478991596634
12202339,3.0,1,0.0,2.0999999999999996
12202340,5.0,1,0.0,3.5
12202341,4.333333333333333,6,0.005952380952380953,3.0422619047619044
12202342,4.0,2,0.0011904761904761906,2.8017857142857143
12202344,4.333333333333333,3,0.002380952380952381,3.0369047619047613
12202377,5.0,1,0.0,3.5
12202427,4.333333333333333,6,0.005952380952380953,3.0422619047619044
12202637,4.333333333333333,3,0.002380952380952381,3.0369047619047613
12202957,5.0,1,0.0,3.5
12300005,3.6666666666666665,3,0.002380952380952381,2.570238095238095
12300010,5.0,2,0.0011904761904761906,3.5017857142857145
12300055,4.0,2,0.0011904761904761906,2.8017857142857143
12300061,3.0,1,0.0,2.0999999999999996
12300066,4.0,2,0.0011904761904761906,2.8017857142857143
12300067,5.0,1,0.0,3.5
12300078,4.0,2,0.0011904761904761906,2.8017857142857143
12300100,3.0,1,0.0,2.0999999999999996
12300115,5.0,2,0.0011904761904761906,3.5017857142857145
12300196,5.0,1,0.0,3.5
12300231,4.5,4,0.0035714285714285718,3.155357142857143
12300232,4.0,2,0.0011904761904761906,2.8017857142857143
12300319,3.0,1,0.0,2.0999999999999996
12300330,3.0,1,0.0,2.0999999999999996
12300332,3.4,5,0.004761904761904762,2.387142857142857
12300389,3.6666666666666665,3,0.002380952380952381,2.570238095238095
12300392,4.5,4,0.0035714285714285718,3.155357142857143
12300393,5.0,1,0.0,3.5
12300394,4.222222222222222,18,0.02023809523809524,2.9859126984126982
12300396,4.166666666666667,12,0.013095238095238097,2.936309523809524
12300411,4.0,2,0.0011904761904761906,2.8017857142857143
12300452,4.0,2,0.0011904761904761906,2.8017857142857143
12300466,5.0,1,0.0,3.5
12300485,4.333333333333333,3,0.002380952380952381,3.0369047619047613
12300510,4.0,2,0.0011904761904761906,2.8017857142857143
12300513,5.0,1,0.0,3.5
12300524,5.0,1,0.0,3.5
12300628,5.0,1,0.0,3.5
12300682,4.0,2,0.0011904761904761906,2.8017857142857143
12300710,3.0,2,0.0011904761904761906,2.101785714285714
12300752,4.0,4,0.0035714285714285718,2.805357142857143
12300753,4.6,5,0.004761904761904762,3.227142857142857
12300842,4.0,2,0.0011904761904761906,2.8017857142857143
12300845,4.0,2,0.0011904761904761906,2.8017857142857143
12300850,4.5,4,0.0035714285714285718,3.155357142857143
12300889,4.0,2,0.0011904761904761906,2.8017857142857143
12300925,3.8,5,0.004761904761904762,2.667142857142857
12301082,3.0,1,0.0,2.0999999999999996
12301106,4.25,8,0.008333333333333335,2.9875
12301161,4.0,6,0.005952380952380953,2.8089285714285714
12301190,3.0,1,0.0,2.0999999999999996
12301195,3.0,2,0.0011904761904761906,2.101785714285714
12301196,3.0,1,0.0,2.0999999999999996
12301268,3.0,1,0.0,2.0999999999999996
12301284,5.0,2,0.0011904761904761906,3.5017857142857145
12301302,4.0,2,0.0011904761904761906,2.8017857142857143
12301394,5.0,2,0.0011904761904761906,3.5017857142857145
12400000,3.0,2,0.0011904761904761906,2.101785714285714
12400002,4.0,2,0.0011904761904761906,2.8017857142857143
12400045,3.0,1,0.0,2.0999999999999996
12400046,3.0,1,0.0,2.0999999999999996
12400047,3.6666666666666665,3,0.002380952380952381,2.570238095238095
12400068,5.0,1,0.0,3.5
12400087,3.0,1,0.0,2.0999999999999996
12400111,3.0,1,0.0,2.0999999999999996
12400132,5.0,1,0.0,3.5
12400148,4.0,4,0.0035714285714285718,2.805357142857143
12400157,5.0,1,0.0,3.5
12400167,3.0,2,0.0011904761904761906,2.101785714285714
12400174,3.0,1,0.0,2.0999999999999996
12400207,5.0,1,0.0,3.5
12400208,5.0,1,0.0,3.5
12400247,4.333333333333333,3,0.002380952380952381,3.0369047619047613
12400249,3.0,2,0.0011904761904761906,2.101785714285714
12400348,3.0,1,0.0,2.0999999999999996
12400356,3.0,1,0.0,2.0999999999999996
12400423,3.0,1,0.0,2.0999999999999996
12500022,4.0,2,0.0011904761904761906,2.8017857142857143
12500038,3.0,1,0.0,2.0999999999999996
12500046,3.0,1,0.0,2.0999999999999996
12500056,4.0,2,0.0011904761904761906,2.8017857142857143
12500153,4.0,2,0.0011904761904761906,2.8017857142857143
12500156,4.0,2,0.0011904761904761906,2.8017857142857143
12500161,4.0,2,0.0011904761904761906,2.8017857142857143
12500166,3.0,2,0.0011904761904761906,2.101785714285714
12500185,5.0,1,0.0,3.5
12500207,3.0,1,0.0,2.0999999999999996
12500209,4.333333333333333,3,0.002380952380952381,3.0369047619047613
12500217,3.8,5,0.004761904761904762,2.667142857142857
12500243,3.0,1,0.0,2.0999999999999996
12500271,3.0,1,0.0,2.0999999999999996
12500322,4.0,4,0.0035714285714285718,2.805357142857143
12500330,5.0,3,0.002380952380952381,3.5035714285714286
12500420,5.0,1,0.0,3.5
12500517,4.333333333333333,3,0.002380952380952381,3.0369047619047613
12500527,4.454545454545454,11,0.011904761904761908,3.1360389610389605
12500533,5.0,2,0.0011904761904761906,3.5017857142857145
12500534,4.0,4,0.0035714285714285718,2.805357142857143
12500537,3.6666666666666665,3,0.002380952380952381,2.570238095238095
12500554,4.5,4,0.0035714285714285718,3.155357142857143
12500555,3.0,1,0.0,2.0999999999999996
12500638,5.0,1,0.0,3.5
12500739,3.0,2,0.0011904761904761906,2.101785714285714
12500753,3.5,4,0.0035714285714285718,2.455357142857143
12500835,5.0,3,0.002380952380952381,3.5035714285714286
12600002,4.0,2,0.0011904761904761906,2.8017857142857143
12600003,3.857142857142857,7,0.007142857142857144,2.7107142857142854
12600004,3.0,2,0.0011904761904761906,2.101785714285714
12600008,4.333333333333333,3,0.002380952380952381,3.0369047619047613
12600009,5.0,2,0.0011904761904761906,3.5017857142857145
12600013,4.333333333333333,3,0.002380952380952381,3.0369047619047613
12600015,4.333333333333333,3,0.002380952380952381,3.0369047619047613
12600018,4.555555555555555,9,0.009523809523809525,3.203174603174603
12600028,5.0,1,0.0,3.5
12600037,4.0,6,0.005952380952380953,2.8089285714285714
12600045,5.0,1,0.0,3.5
12600067,5.0,1,0.0,3.5
12600073,3.0,2,0.0011904761904761906,2.101785714285714
12600074,3.0,1,0.0,2.0999999999999996
12600077,5.0,1,0.0,3.5
12600087,4.0,2,0.0011904761904761906,2.8017857142857143
12600098,5.0,1,0.0,3.5
12600099,3.0,1,0.0,2.0999999999999996
12600100,3.0,1,0.0,2.0999999999999996
12600113,3.0,1,0.0,2.0999999999999996
12700030,3.0,2,0.0011904761904761906,2.101785714285714
12700062,3.0,1,0.0,2.0999999999999996
12700064,5.0,1,0.0,3.5
12700071,3.5714285714285716,7,0.007142857142857144,2.5107142857142857
12700072,5.0,2,0.0011904761904761906,3.5017857142857145
12700073,4.0,4,0.0035714285714285718,2.805357142857143
12700075,3.0,1,0.0,2.0999999999999996
12700083,3.0,4,0.0035714285714285718,2.1053571428571427
12700086,3.6666666666666665,3,0.002380952380952381,2.570238095238095
12700087,5.0,1,0.0,3.5
12700088,4.0,2,0.0011904761904761906,2.8017857142857143
12700092,5.0,1,0.0,3.5
12700094,4.333333333333333,3,0.002380952380952381,3.0369047619047613
12700096,3.0,2,0.0011904761904761906,2.101785714285714
12700100,3.0,1,0.0,2.0999999999999996
12700112,4.0,2,0.0011904761904761906,2.8017857142857143
12700116,3.0,1,0.0,2.0999999999999996
12700119,3.0,1,0.0,2.0999999999999996
12700170,3.6666666666666665,3,0.002380952380952381,2.570238095238095
12700171,3.3333333333333335,6,0.005952380952380953,2.342261904761905
12700173,3.5,4,0.0035714285714285718,2.455357142857143
12700174,3.0,2,0.0011904761904761906,2.101785714285714
12700175,3.5714285714285716,7,0.007142857142857144,2.5107142857142857
12700176,3.3333333333333335,6,0.005952380952380953,2.342261904761905
12700177,3.4,5,0.004761904761904762,2.387142857142857
12700178,4.142857142857143,7,0.007142857142857144,2.9107142857142856
12700179,3.5,4,0.0035714285714285718,2.455357142857143
12700181,3.4,5,0.004761904761904762,2.387142857142857
12700182,3.6153846153846154,13,0.014285714285714287,2.552197802197802
12700183,3.0,3,0.002380952380952381,2.103571428571428
12700184,3.4,5,0.004761904761904762,2.387142857142857
12700185,3.2857142857142856,14,0.01547619047619048,2.3232142857142857
12700209,3.0,1,0.0,2.0999999999999996
12700210,4.0,2,0.0011904761904761906,2.8017857142857143
12700211,3.0,2,0.0011904761904761906,2.101785714285714
12700213,3.0,5,0.004761904761904762,2.1071428571428568
12700214,4.2,5,0.004761904761904762,2.947142857142857
12700215,3.0,1,0.0,2.0999999999999996
12700216,4.0,2,0.0011904761904761906,2.8017857142857143
12700219,3.0,1,0.0,2.0999999999999996
12700220,3.0,1,0.0,2.0999999999999996
12700221,3.0,2,0.0011904761904761906,2.101785714285714
12700223,3.0,3,0.002380952380952381,2.103571428571428
12700224,3.0,1,0.0,2.0999999999999996
12700227,3.0,1,0.0,2.0999999999999996
12700228,3.0,2,0.0011904761904761906,2.101785714285714
12700230,3.0,2,0.0011904761904761906,2.101785714285714
12700233,3.0,1,0.0,2.0999999999999996
12700234,3.0,1,0.0,2.0999999999999996
12700236,3.0,1,0.0,2.0999999999999996
12700238,3.0,2,0.0011904761904761906,2.101785714285714
12700239,3.0,4,0.0035714285714285718,2.1053571428571427
12700241,3.0,3,0.002380952380952381,2.103571428571428
12700381,3.0,1,0.0,2.0999999999999996
12700391,3.0,1,0.0,2.0999999999999996
12700392,3.0,1,0.0,2.0999999999999996
12700407,3.0,1,0.0,2.0999999999999996
12700427,3.0,2,0.0011904761904761906,2.101785714285714
12700428,3.0,1,0.0,2.0999999999999996
12700433,3.0,1,0.0,2.0999999999999996
12700435,4.0,2,0.0011904761904761906,2.8017857142857143
12700647,3.0,1,0.0,2.0999999999999996
12701448,3.0,1,0.0,2.0999999999999996
12701564,3.0,2,0.0011904761904761906,2.101785714285714
12701565,3.0,1,0.0,2.0999999999999996
12701895,3.0,1,0.0,2.0999999999999996
12701911,3.0,1,0.0,2.0999999999999996
12701947,4.5,4,0.0035714285714285718,3.155357142857143
12701948,3.5454545454545454,11,0.011904761904761908,2.4996753246753243
12701949,4.142857142857143,7,0.007142857142857144,2.9107142857142856
12701951,3.857142857142857,7,0.007142857142857144,2.7107142857142854
12701952,4.0,6,0.005952380952380953,2.8089285714285714
12701954,4.25,8,0.008333333333333335,2.9875
12701957,3.6666666666666665,3,0.002380952380952381,2.570238095238095
12701960,3.736842105263158,19,0.021428571428571432,2.6479323308270675
12701961,3.4210526315789473,38,0.04404761904761905,2.4608082706766914
12701963,3.75,8,0.008333333333333335,2.6375
12701964,3.0,5,0.004761904761904762,2.1071428571428568
12701965,3.5454545454545454,22,0.025000000000000005,2.5193181818181816
12701966,3.6,10,0.010714285714285714,2.5360714285714288
12701967,3.5652173913043477,46,0.053571428571428575,2.576009316770186
12701970,3.5,4,0.0035714285714285718,2.455357142857143
12701973,5.0,1,0.0,3.5
12701975,5.0,1,0.0,3.5
12701976,3.0,2,0.0011904761904761906,2.101785714285714
12701980,3.5925925925925926,27,0.030952380952380957,2.561243386243386
12701981,3.857142857142857,28,0.03214285714285715,2.7482142857142855
12701982,3.4615384615384617,13,0.014285714285714287,2.4445054945054943
12701983,3.0,2,0.0011904761904761906,2.101785714285714
12701984,3.0,2,0.0011904761904761906,2.101785714285714
12701985,3.5,8,0.008333333333333335,2.4625
12701986,4.0,2,0.0011904761904761906,2.8017857142857143
12701987,3.75,8,0.008333333333333335,2.6375
12701988,3.5,4,0.0035714285714285718,2.455357142857143
12701990,4.0,2,0.0011904761904761906,2.8017857142857143
12701992,4.238095238095238,21,0.02380952380952381,3.002380952380952
12701993,4.5,4,0.0035714285714285718,3.155357142857143
12701995,3.0,1,0.0,2.0999999999999996
12701999,3.6666666666666665,3,0.002380952380952381,2.570238095238095
12702002,3.0,1,0.0,2.0999999999999996
12702003,5.0,1,0.0,3.5
12702004,3.0,1,0.0,2.0999999999999996
12702010,5.0,1,0.0,3.5
12702011,3.0,2,0.0011904761904761906,2.101785714285714
12702012,3.5714285714285716,7,0.007142857142857144,2.5107142857142857
12702013,3.3333333333333335,6,0.005952380952380953,2.342261904761905
12702021,3.4,5,0.004761904761904762,2.387142857142857
12702036,4.2,5,0.004761904761904762,2.947142857142857
12702039,3.5,4,0.0035714285714285718,2.455357142857143
12702041,3.0,1,0.0,2.0999999999999996
12702045,3.0,1,0.0,2.0999999999999996
12702047,5.0,2,0.0011904761904761906,3.5017857142857145
12702049,3.0,1,0.0,2.0999999999999996
12702051,3.0,1,0.0,2.0999999999999996
12702086,3.0,2,0.0011904761904761906,2.101785714285714
12702198,3.0,1,0.0,2.0999999999999996
12702269,3.0,1,0.0,2.0999999999999996
12702366,3.0,1,0.0,2.0999999999999996
12702392,3.0,3,0.002380952380952381,2.103571428571428
12702485,3.0,2,0.0011904761904761906,2.101785714285714
12702530,3.909090909090909,11,0.011904761904761908,2.754220779220779
12702650,3.0,2,0.0011904761904761906,2.101785714285714
12702749,3.0,1,0.0,2.0999999999999996
12702755,4.0,2,0.0011904761904761906,2.8017857142857143
12702768,3.0,1,0.0,2.0999999999999996
12702772,3.2,10,0.010714285714285714,2.2560714285714285
12702776,3.0,3,0.002380952380952381,2.103571428571428
12702778,3.0,1,0.0,2.0999999999999996
12702789,3.0,1,0.0,2.0999999999999996
12702842,3.0,1,0.0,2.0999999999999996
12702867,3.0,1,0.0,2.0999999999999996
12702953,3.6666666666666665,3,0.002380952380952381,2.570238095238095
12702956,3.0,1,0.0,2.0999999999999996
12702958,3.0,1,0.0,2.0999999999999996
12702998,3.0,2,0.0011904761904761906,2.101785714285714
12703002,5.0,2,0.0011904761904761906,3.5017857142857145
12703012,3.5,4,0.0035714285714285718,2.455357142857143
12703013,3.5,4,0.0035714285714285718,2.455357142857143
12703050,5.0,2,0.0011904761904761906,3.5017857142857145
12703187,5.0,1,0.0,3.5
12703216,3.0,1,0.0,2.0999999999999996
12703252,3.0,1,0.0,2.0999999999999996
12703283,4.0,2,0.0011904761904761906,2.8017857142857143
12703299,4.333333333333333,6,0.005952380952380953,3.0422619047619044
12703312,3.0,1,0.0,2.0999999999999996
12703323,3.5,4,0.0035714285714285718,2.455357142857143
12703405,3.6666666666666665,3,0.002380952380952381,2.570238095238095
12703410,3.0,2,0.0011904761904761906,2.101785714285714
12703418,3.0,1,0.0,2.0999999999999996
12703426,4.0,2,0.0011904761904761906,2.8017857142857143
12703435,3.0,2,0.0011904761904761906,2.101785714285714
12703448,3.0,3,0.002380952380952381,2.103571428571428
12703477,4.333333333333333,3,0.002380952380952381,3.0369047619047613
12703478,3.4,5,0.004761904761904762,2.387142857142857
12703494,3.0,1,0.0,2.0999999999999996
12703555,3.0,1,0.0,2.0999999999999996
12703626,4.0,2,0.0011904761904761906,2.8017857142857143
12703663,3.0,4,0.0035714285714285718,2.1053571428571427
12703822,3.0,2,0.0011904761904761906,2.101785714285714
12703880,3.0,2,0.0011904761904761906,2.101785714285714
12703898,5.0,1,0.0,3.5
12703939,3.0,1,0.0,2.0999999999999996
12703940,3.6666666666666665,3,0.002380952380952381,2.570238095238095
12703941,3.0,1,0.0,2.0999999999999996
12704056,5.0,1,0.0,3.5
12704063,3.0,4,0.0035714285714285718,2.1053571428571427
12704068,3.0,3,0.002380952380952381,2.103571428571428
12704069,3.5,4,0.0035714285714285718,2.455357142857143
12704071,4.0,2,0.0011904761904761906,2.8017857142857143
12704085,3.0,2,0.0011904761904761906,2.101785714285714
12704091,3.0,1,0.0,2.0999999999999996
12704110,3.8,5,0.004761904761904762,2.667142857142857
12704111,3.0,2,0.0011904761904761906,2.101785714285714
12704113,3.0,3,0.002380952380952381,2.103571428571428
12704114,3.0,2,0.0011904761904761906,2.101785714285714
12704120,3.0,1,0.0,2.0999999999999996
12704128,3.0,5,0.004761904761904762,2.1071428571428568
12704129,4.0,6,0.005952380952380953,2.8089285714285714
12704132,3.0,2,0.0011904761904761906,2.101785714285714
12704139,3.0,1,0.0,2.0999999999999996
12704177,4.0,12,0.013095238095238097,2.819642857142857
12704217,3.0,1,0.0,2.0999999999999996
12704237,5.0,1,0.0,3.5
12704241,5.0,2,0.0011904761904761906,3.5017857142857145
12704244,3.2,10,0.010714285714285714,2.2560714285714285
12704252,3.0,1,0.0,2.0999999999999996
12704265,3.0,2,0.0011904761904761906,2.101785714285714
12704269,3.0,2,0.0011904761904761906,2.101785714285714
12704282,3.0,2,0.0011904761904761906,2.101785714285714
12704347,3.0,1,0.0,2.0999999999999996
12704350,3.4615384615384617,13,0.014285714285714287,2.4445054945054943
12704351,5.0,1,0.0,3.5
12704352,5.0,2,0.0011904761904761906,3.5017857142857145
12704353,3.0,2,0.0011904761904761906,2.101785714285714
12704368,5.0,1,0.0,3.5
12704383,3.0,3,0.002380952380952381,2.103571428571428
12704398,5.0,1,0.0,3.5
12704440,3.0,1,0.0,2.0999999999999996
12704549,3.6666666666666665,12,0.013095238095238097,2.5863095238095237
12704562,3.0,1,0.0,2.0999999999999996
12704590,4.0,2,0.0011904761904761906,2.8017857142857143
12704657,3.0,1,0.0,2.0999999999999996
12704670,3.0,1,0.0,2.0999999999999996
12704675,4.2,5,0.004761904761904762,2.947142857142857
12704695,3.0,1,0.0,2.0999999999999996
12704710,5.0,1,0.0,3.5
12704712,3.6666666666666665,3,0.002380952380952381,2.570238095238095
12704714,4.0,2,0.0011904761904761906,2.8017857142857143
12704733,3.0,1,0.0,2.0999999999999996
12704758,3.6666666666666665,3,0.002380952380952381,2.570238095238095
12704880,3.0,1,0.0,2.0999999999999996
12705012,4.0,2,0.0011904761904761906,2.8017857142857143
12705068,3.0,1,0.0,2.0999999999999996
12705127,3.6956521739130435,23,0.026190476190476195,2.6262422360248445
12705132,3.0,1,0.0,2.0999999999999996
12705155,3.5,4,0.0035714285714285718,2.455357142857143
12705188,3.0,1,0.0,2.0999999999999996
12705192,3.0,1,0.0,2.0999999999999996
12705207,3.0,2,0.0011904761904761906,2.101785714285714
12705214,3.4444444444444446,9,0.009523809523809525,2.425396825396825
12705251,3.0,1,0.0,2.0999999999999996
12705255,3.3333333333333335,6,0.005952380952380953,2.342261904761905
12705263,3.0,1,0.0,2.0999999999999996
12705309,4.333333333333333,3,0.002380952380952381,3.0369047619047613
12705359,5.0,1,0.0,3.5
12705383,4.0,2,0.0011904761904761906,2.8017857142857143
12705385,4.0,2,0.0011904761904761906,2.8017857142857143
12705392,3.0,1,0.0,2.0999999999999996
12705396,3.0,2,0.0011904761904761906,2.101785714285714
12705398,5.0,1,0.0,3.5
12705399,3.4,5,0.004761904761904762,2.387142857142857
12705400,3.0,4,0.0035714285714285718,2.1053571428571427
12705407,3.0,2,0.0011904761904761906,2.101785714285714
12705409,3.0,1,0.0,2.0999999999999996
12705418,4.0,2,0.0011904761904761906,2.8017857142857143
12705426,3.0,2,0.0011904761904761906,2.101785714285714
12705427,5.0,1,0.0,3.5
12705436,3.0,2,0.0011904761904761906,2.101785714285714
12705455,3.0,3,0.002380952380952381,2.103571428571428
12705510,3.0,1,0.0,2.0999999999999996
12705512,3.0,4,0.0035714285714285718,2.1053571428571427
12705515,5.0,1,0.0,3.5
12705528,3.0,4,0.0035714285714285718,2.1053571428571427
12705558,3.0,1,0.0,2.0999999999999996
12705566,3.0,1,0.0,2.0999999999999996
12705576,3.0,3,0.002380952380952381,2.103571428571428
12705598,3.0,1,0.0,2.0999999999999996
12705635,3.0,4,0.0035714285714285718,2.1053571428571427
12705735,3.0,1,0.0,2.0999999999999996
12705805,3.0,1,0.0,2.0999999999999996
12705986,3.6666666666666665,3,0.002380952380952381,2.570238095238095
12705988,3.0,2,0.0011904761904761906,2.101785714285714
12705989,3.0,1,0.0,2.0999999999999996
12706118,3.0,2,0.0011904761904761906,2.101785714285714
12706119,3.0,4,0.0035714285714285718,2.1053571428571427
12706120,3.6666666666666665,3,0.002380952380952381,2.570238095238095
12706127,3.0,1,0.0,2.0999999999999996
12706209,4.0,2,0.0011904761904761906,2.8017857142857143
12706259,3.0,2,0.0011904761904761906,2.101785714285714
12706349,3.0,1,0.0,2.0999999999999996
12706407,3.0,1,0.0,2.0999999999999996
12706443,5.0,1,0.0,3.5
12706475,4.0,2,0.0011904761904761906,2.8017857142857143
12706487,3.0,2,0.0011904761904761906,2.101785714285714
12706697,3.0,2,0.0011904761904761906,2.101785714285714
12706845,3.0,2,0.0011904761904761906,2.101785714285714
12707179,3.0,1,0.0,2.0999999999999996
12707239,3.0,1,0.0,2.0999999999999996
12707272,3.0,2,0.0011904761904761906,2.101785714285714
12707295,3.0,2,0.0011904761904761906,2.101785714285714
12707310,3.0,1,0.0,2.0999999999999996
12707491,5.0,1,0.0,3.5
12707536,3.6666666666666665,3,0.002380952380952381,2.570238095238095
12707537,5.0,1,0.0,3.5
12707572,3.0,1,0.0,2.0999999999999996
12707573,3.0,1,0.0,2.0999999999999996
12707575,3.0,1,0.0,2.0999999999999996
12707674,3.0,1,0.0,2.0999999999999996
12707681,3.0,1,0.0,2.0999999999999996
12707696,5.0,1,0.0,3.5
12707902,3.0,2,0.0011904761904761906,2.101785714285714
12707934,3.6666666666666665,3,0.002380952380952381,2.570238095238095
12707969,3.0,4,0.0035714285714285718,2.1053571428571427
12708005,3.0,1,0.0,2.0999999999999996
12708121,5.0,2,0.0011904761904761906,3.5017857142857145
12708126,3.0,2,0.0011904761904761906,2.101785714285714
12708141,3.0,1,0.0,2.0999999999999996
12708144,3.0,5,0.004761904761904762,2.1071428571428568
12708157,5.0,1,0.0,3.5
12708162,3.3333333333333335,6,0.005952380952380953,2.342261904761905
12708169,5.0,1,0.0,3.5
12708210,5.0,2,0.0011904761904761906,3.5017857142857145
12708239,3.0,1,0.0,2.0999999999999996
12708241,3.6666666666666665,3,0.002380952380952381,2.570238095238095
12708255,5.0,1,0.0,3.5
12708324,4.333333333333333,3,0.002380952380952381,3.0369047619047613
12708434,3.0,2,0.0011904761904761906,2.101785714285714
12708575,3.0,1,0.0,2.0999999999999996
12708687,3.0,3,0.002380952380952381,2.103571428571428
12708712,3.0,2,0.0011904761904761906,2.101785714285714
12708723,5.0,1,0.0,3.5
12708725,3.0,2,0.0011904761904761906,2.101785714285714
12708870,3.0,1,0.0,2.0999999999999996
12708937,3.0,1,0.0,2.0999999999999996
12709114,3.0,5,0.004761904761904762,2.1071428571428568
12709155,3.3333333333333335,6,0.005952380952380953,2.342261904761905
12709556,3.0,2,0.0011904761904761906,2.101785714285714
12709767,3.0,3,0.002380952380952381,2.103571428571428
12709859,5.0,1,0.0,3.5
12710401,3.0,1,0.0,2.0999999999999996
12710948,3.0,1,0.0,2.0999999999999996
12711044,3.5,4,0.0035714285714285718,2.455357142857143
12711053,3.0,1,0.0,2.0999999999999996
12711128,3.0,1,0.0,2.0999999999999996
12711649,3.0,1,0.0,2.0999999999999996
12711724,3.0,1,0.0,2.0999999999999996
12711805,3.0,1,0.0,2.0999999999999996
12712265,3.0,1,0.0,2.0999999999999996
12712794,5.0,1,0.0,3.5
12713467,3.8,15,0.01666666666666667,2.6849999999999996
12713499,4.0,4,0.0035714285714285718,2.805357142857143
12714214,3.0,1,0.0,2.0999999999999996
12714254,3.0,1,0.0,2.0999999999999996
12714292,5.0,1,0.0,3.5
12714293,3.0,4,0.0035714285714285718,2.1053571428571427
12714327,3.0,1,0.0,2.0999999999999996
12714328,3.6666666666666665,3,0.002380952380952381,2.570238095238095
12714329,3.0,5,0.004761904761904762,2.1071428571428568
12714331,5.0,1,0.0,3.5
12714333,3.3333333333333335,6,0.005952380952380953,2.342261904761905
12714349,3.0,2,0.0011904761904761906,2.101785714285714
12714350,3.0,3,0.002380952380952381,2.103571428571428
12714353,3.0,1,0.0,2.0999999999999996
12714499,3.0,1,0.0,2.0999999999999996
12714516,3.8,5,0.004761904761904762,2.667142857142857
12714522,3.6666666666666665,3,0.002380952380952381,2.570238095238095
12714542,3.0,1,0.0,2.0999999999999996
12714619,3.0,1,0.0,2.0999999999999996
12714667,3.0,1,0.0,2.0999999999999996
12714764,3.0,2,0.0011904761904761906,2.101785714285714
12714777,3.0,3,0.002380952380952381,2.103571428571428
12714782,3.6666666666666665,3,0.002380952380952381,2.570238095238095
12714785,3.0,6,0.005952380952380953,2.1089285714285713
12714815,3.0,4,0.0035714285714285718,2.1053571428571427
12714828,3.0,1,0.0,2.0999999999999996
12714864,3.0,1,0.0,2.0999999999999996
12714969,3.0,1,0.0,2.0999999999999996
12715112,5.0,1,0.0,3.5
12715137,3.0,1,0.0,2.0999999999999996
12715193,5.0,1,0.0,3.5
12715203,3.0,1,0.0,2.0999999999999996
12715250,3.0,1,0.0,2.0999999999999996
12715256,5.0,1,0.0,3.5
12715269,3.0,2,0.0011904761904761906,2.101785714285714
12715315,3.0,1,0.0,2.0999999999999996
12715389,5.0,2,0.0011904761904761906,3.5017857142857145
12715440,4.0,2,0.0011904761904761906,2.8017857142857143
12715602,4.0,2,0.0011904761904761906,2.8017857142857143
12715658,3.6666666666666665,3,0.002380952380952381,2.570238095238095
12715666,3.0,1,0.0,2.0999999999999996
12715773,5.0,1,0.0,3.5
12715802,5.0,1,0.0,3.5
12715829,4.0,2,0.0011904761904761906,2.8017857142857143
12715845,3.0,1,0.0,2.0999999999999996
12715898,3.0,1,0.0,2.0999999999999996
12715900,3.2857142857142856,7,0.007142857142857144,2.3107142857142855
12715961,3.0,1,0.0,2.0999999999999996
12716018,4.333333333333333,3,0.002380952380952381,3.0369047619047613
12716057,3.5,4,0.0035714285714285718,2.455357142857143
12716096,3.0,2,0.0011904761904761906,2.101785714285714
12716103,5.0,1,0.0,3.5
12716105,3.0,4,0.0035714285714285718,2.1053571428571427
12716125,3.0,1,0.0,2.0999999999999996
12716169,3.0,1,0.0,2.0999999999999996
12716174,3.0,1,0.0,2.0999999999999996
12716203,3.0,2,0.0011904761904761906,2.101785714285714
12716305,3.0,2,0.0011904761904761906,2.101785714285714
12716329,3.0,1,0.0,2.0999999999999996
12716636,3.0,1,0.0,2.0999999999999996
12716735,3.0,1,0.0,2.0999999999999996
12716837,3.0,1,0.0,2.0999999999999996
12717030,3.0,1,0.0,2.0999999999999996
12717200,4.0,2,0.0011904761904761906,2.8017857142857143
12717202,3.0,1,0.0,2.0999999999999996
12717231,3.0,1,0.0,2.0999999999999996
12717236,3.0,1,0.0,2.0999999999999996
12717237,4.0,2,0.0011904761904761906,2.8017857142857143
12717238,3.0,1,0.0,2.0999999999999996
12717239,4.0,2,0.0011904761904761906,2.8017857142857143
12717242,5.0,2,0.0011904761904761906,3.5017857142857145
12717246,5.0,2,0.0011904761904761906,3.5017857142857145
12717251,3.0,1,0.0,2.0999999999999996
12717266,5.0,1,0.0,3.5
12717271,4.0,2,0.0011904761904761906,2.8017857142857143
12717311,3.0,1,0.0,2.0999999999999996
12717331,3.0,1,0.0,2.0999999999999996
12717343,3.6666666666666665,3,0.002380952380952381,2.570238095238095
12717346,4.333333333333333,3,0.002380952380952381,3.0369047619047613
12717354,5.0,1,0.0,3.5
12717357,3.0,1,0.0,2.0999999999999996
12717394,3.0,1,0.0,2.0999999999999996
12717402,4.0,2,0.0011904761904761906,2.8017857142857143
12717422,5.0,1,0.0,3.5
12717433,3.0,1,0.0,2.0999999999999996
12717435,5.0,1,0.0,3.5
12717478,3.0,2,0.0011904761904761906,2.101785714285714
12717823,3.0,1,0.0,2.0999999999999996
12717825,5.0,1,0.0,3.5
12718063,3.6666666666666665,3,0.002380952380952381,2.570238095238095
12718064,3.0,2,0.0011904761904761906,2.101785714285714
12718065,3.0,3,0.002380952380952381,2.103571428571428
12718182,3.0,1,0.0,2.0999999999999996
12718335,3.5,4,0.0035714285714285718,2.455357142857143
12718336,3.0,1,0.0,2.0999999999999996
12718382,3.0,3,0.002380952380952381,2.103571428571428
12718481,4.0,2,0.0011904761904761906,2.8017857142857143
12718482,4.0,2,0.0011904761904761906,2.8017857142857143
12718504,4.333333333333333,3,0.002380952380952381,3.0369047619047613
12718508,3.5714285714285716,7,0.007142857142857144,2.5107142857142857
12718670,4.0,2,0.0011904761904761906,2.8017857142857143
12718779,3.0,1,0.0,2.0999999999999996
12718782,3.0,1,0.0,2.0999999999999996
12719396,4.0,2,0.0011904761904761906,2.8017857142857143
12719455,3.0,1,0.0,2.0999999999999996
12800030,4.0,2,0.0011904761904761906,2.8017857142857143
12800076,3.0,1,0.0,2.0999999999999996
12800082,3.0,3,0.002380952380952381,2.103571428571428
12800083,3.0,1,0.0,2.0999999999999996
12800085,3.8,5,0.004761904761904762,2.667142857142857
12800087,3.75,8,0.008333333333333335,2.6375
12800099,4.0,2,0.0011904761904761906,2.8017857142857143
12800102,3.0,1,0.0,2.0999999999999996
12800185,4.0,4,0.0035714285714285718,2.805357142857143
12800301,3.0,1,0.0,2.0999999999999996
12800303,3.0,1,0.0,2.0999999999999996
12800345,3.0,4,0.0035714285714285718,2.1053571428571427
12800363,4.333333333333333,3,0.002380952380952381,3.0369047619047613
12800563,3.0,7,0.007142857142857144,2.1107142857142853
12800652,4.0,2,0.0011904761904761906,2.8017857142857143
12800672,3.0,2,0.0011904761904761906,2.101785714285714
12800676,3.0,1,0.0,2.0999999999999996
12800764,3.0,1,0.0,2.0999999999999996
12800788,3.0,1,0.0,2.0999999999999996
12900057,3.0,1,0.0,2.0999999999999996
12900360,5.0,1,0.0,3.5
13000000,4.333333333333333,3,0.002380952380952381,3.0369047619047613
13000001,3.6666666666666665,3,0.002380952380952381,2.570238095238095
13000002,4.0,6,0.005952380952380953,2.8089285714285714
13000003,4.0,2,0.0011904761904761906,2.8017857142857143
13000010,3.0,1,0.0,2.0999999999999996
13000015,5.0,2,0.0011904761904761906,3.5017857142857145
13000021,4.0,6,0.005952380952380953,2.8089285714285714
13000022,4.5,4,0.0035714285714285718,3.155357142857143
13000023,4.0,8,0.008333333333333335,2.8125
13000027,3.0,2,0.0011904761904761906,2.101785714285714
13000031,4.0,4,0.0035714285714285718,2.805357142857143
13000035,3.0,1,0.0,2.0999999999999996
13000044,3.0,1,0.0,2.0999999999999996
13000046,5.0,1,0.0,3.5
13000047,4.0,2,0.0011904761904761906,2.8017857142857143
13000050,3.0,2,0.0011904761904761906,2.101785714285714
13000051,3.0,1,0.0,2.0999999999999996
13000064,3.0,1,0.0,2.0999999999999996
13000085,5.0,1,0.0,3.5
13000086,5.0,1,0.0,3.5
13000093,4.0,4,0.0035714285714285718,2.805357142857143
13000127,3.0,2,0.0011904761904761906,2.101785714285714
13000132,4.0,2,0.0011904761904761906,2.8017857142857143
13000149,5.0,1,0.0,3.5
13000174,3.5,4,0.0035714285714285718,2.455357142857143
13000185,5.0,1,0.0,3.5
13000194,3.0,1,0.0,2.0999999999999996
13000253,5.0,2,0.0011904761904761906,3.5017857142857145
13000254,5.0,1,0.0,3.5
13100018,3.2222222222222223,9,0.009523809523809525,2.2698412698412698
13100057,3.0,1,0.0,2.0999999999999996
13100072,4.0,2,0.0011904761904761906,2.8017857142857143
13100079,3.0,2,0.0011904761904761906,2.101785714285714
13100310,3.0,1,0.0,2.0999999999999996
13100377,4.333333333333333,3,0.002380952380952381,3.0369047619047613
13100403,3.0,1,0.0,2.0999999999999996
13100405,3.0,1,0.0,2.0999999999999996
13100408,4.0,2,0.0011904761904761906,2.8017857142857143
13100442,3.0,1,0.0,2.0999999999999996
13100450,3.0,1,0.0,2.0999999999999996
13100454,3.0,1,0.0,2.0999999999999996
13100469,3.0,2,0.0011904761904761906,2.101785714285714
13100471,3.0,1,0.0,2.0999999999999996
13100643,5.0,1,0.0,3.5
13100742,3.0,1,0.0,2.0999999999999996
13100745,3.0,3,0.002380952380952381,2.103571428571428
13100759,3.0,2,0.0011904761904761906,2.101785714285714
13100761,3.0,1,0.0,2.0999999999999996
13100787,3.4,5,0.004761904761904762,2.387142857142857
13100797,3.0,1,0.0,2.0999999999999996
13100816,3.0,2,0.0011904761904761906,2.101785714285714
13100819,3.076923076923077,26,0.029761904761904764,2.198489010989011
13100820,3.0,1,0.0,2.0999999999999996
13100842,3.0,3,0.002380952380952381,2.103571428571428
13100865,5.0,1,0.0,3.5
13100934,3.0,1,0.0,2.0999999999999996
13101441,3.0,1,0.0,2.0999999999999996
13101460,3.0,7,0.007142857142857144,2.1107142857142853
13101464,3.0,1,0.0,2.0999999999999996
13102144,3.0,2,0.0011904761904761906,2.101785714285714
13102155,4.0,2,0.0011904761904761906,2.8017857142857143
13102266,3.6666666666666665,3,0.002380952380952381,2.570238095238095
13102283,4.0,2,0.0011904761904761906,2.8017857142857143
13102287,3.0,1,0.0,2.0999999999999996
13102674,3.0,3,0.002380952380952381,2.103571428571428
13102678,3.0,1,0.0,2.0999999999999996
13102768,3.0,1,0.0,2.0999999999999996
13103374,3.0,3,0.002380952380952381,2.103571428571428
13103722,5.0,1,0.0,3.5
13103735,5.0,1,0.0,3.5
13103736,5.0,1,0.0,3.5
13103951,3.0,1,0.0,2.0999999999999996
13104022,3.0,2,0.0011904761904761906,2.101785714285714
13104067,5.0,1,0.0,3.5
13104178,3.0,2,0.0011904761904761906,2.101785714285714
13104513,3.0,1,0.0,2.0999999999999996
13104584,4.2,10,0.010714285714285714,2.9560714285714287
13104585,3.0,1,0.0,2.0999999999999996
13104593,3.0,1,0.0,2.0999999999999996
13104605,3.0,1,0.0,2.0999999999999996
13104672,5.0,1,0.0,3.5
13104679,5.0,1,0.0,3.5
13104693,4.0,4,0.0035714285714285718,2.805357142857143
13104743,3.0,1,0.0,2.0999999999999996
13104746,3.0,4,0.0035714285714285718,2.1053571428571427
13104876,4.0,2,0.0011904761904761906,2.8017857142857143
13104879,3.0,2,0.0011904761904761906,2.101785714285714
13104911,3.2,10,0.010714285714285714,2.2560714285714285
13105172,4.0,2,0.0011904761904761906,2.8017857142857143
13105175,3.2857142857142856,7,0.007142857142857144,2.3107142857142855
13105178,3.0,1,0.0,2.0999999999999996
13105289,4.0,2,0.0011904761904761906,2.8017857142857143
13105297,5.0,1,0.0,3.5
13105303,4.333333333333333,3,0.002380952380952381,3.0369047619047613
13105306,4.333333333333333,3,0.002380952380952381,3.0369047619047613
13105369,3.4,5,0.004761904761904762,2.387142857142857
13105426,3.0,1,0.0,2.0999999999999996
13105433,3.0,1,0.0,2.0999999999999996
13200007,3.0,1,0.0,2.0999999999999996
13200011,5.0,1,0.0,3.5
13200013,5.0,1,0.0,3.5
13200014,3.6666666666666665,3,0.002380952380952381,2.570238095238095
13200019,5.0,1,0.0,3.5
13200026,3.0,1,0.0,2.0999999999999996
13200058,5.0,1,0.0,3.5
13200063,4.0,2,0.0011904761904761906,2.8017857142857143
13200246,5.0,1,0.0,3.5
13200319,3.0,1,0.0,2.0999999999999996
13200323,3.0,1,0.0,2.0999999999999996
13200514,3.6666666666666665,3,0.002380952380952381,2.570238095238095
13200696,4.0,2,0.0011904761904761906,2.8017857142857143
13200699,4.0,2,0.0011904761904761906,2.8017857142857143
13200700,4.0,2,0.0011904761904761906,2.8017857142857143
13200814,5.0,1,0.0,3.5
13200969,4.0,2,0.0011904761904761906,2.8017857142857143
13201003,5.0,1,0.0,3.5
13201017,3.0,2,0.0011904761904761906,2.101785714285714
13201085,3.0,1,0.0,2.0999999999999996
13201125,5.0,1,0.0,3.5
13201171,5.0,1,0.0,3.5
13201276,3.3333333333333335,6,0.005952380952380953,2.342261904761905
13201315,5.0,1,0.0,3.5
13300038,3.0,1,0.0,2.0999999999999996
13300068,5.0,1,0.0,3.5
13300077,5.0,1,0.0,3.5
13300099,5.0,1,0.0,3.5
13300100,3.0,1,0.0,2.0999999999999996
13300159,5.0,2,0.0011904761904761906,3.5017857142857145
13300167,5.0,6,0.005952380952380953,3.5089285714285716
13300169,5.0,1,0.0,3.5
13300171,5.0,1,0.0,3.5
13300174,3.0,2,0.0011904761904761906,2.101785714285714
13300219,5.0,1,0.0,3.5
13300268,5.0,2,0.0011904761904761906,3.5017857142857145
13300284,3.0,1,0.0,2.0999999999999996
13300409,4.333333333333333,3,0.002380952380952381,3.0369047619047613
13300416,3.0,1,0.0,2.0999999999999996
13300428,5.0,1,0.0,3.5
13300429,3.0,1,0.0,2.0999999999999996
13300551,4.0,2,0.0011904761904761906,2.8017857142857143
13300562,3.0,1,0.0,2.0999999999999996
13300732,3.0,1,0.0,2.0999999999999996
13300755,3.0,1,0.0,2.0999999999999996
13300877,4.0,4,0.0035714285714285718,2.805357142857143
13400308,3.0,1,0.0,2.0999999999999996
13400379,4.0,2,0.0011904761904761906,2.8017857142857143
13400652,4.0,6,0.005952380952380953,2.8089285714285714
13400812,5.0,1,0.0,3.5
13800029,3.0,1,0.0,2.0999999999999996
13800188,5.0,1,0.0,3.5
13800225,5.0,1,0.0,3.5
13800593,5.0,1,0.0,3.5
13900054,3.0,3,0.002380952380952381,2.103571428571428
13900056,3.0,1,0.0,2.0999999999999996
13900072,3.0,1,0.0,2.0999999999999996
13900096,3.0,1,0.0,2.0999999999999996
13900190,5.0,2,0.0011904761904761906,3.5017857142857145
13900306,5.0,1,0.0,3.5
13900386,3.0,1,0.0,2.0999999999999996
13900737,5.0,2,0.0011904761904761906,3.5017857142857145
13900918,4.0,2,0.0011904761904761906,2.8017857142857143
13901042,3.5,4,0.0035714285714285718,2.455357142857143
13901091,5.0,1,0.0,3.5
13901148,3.0,1,0.0,2.0999999999999996
13902207,4.2,5,0.004761904761904762,2.947142857142857
13903083,3.0,1,0.0,2.0999999999999996
13903211,5.0,1,0.0,3.5
14100052,4.25,8,0.008333333333333335,2.9875
14100356,5.0,2,0.0011904761904761906,3.5017857142857145
14100393,3.6666666666666665,3,0.002380952380952381,2.570238095238095
14100444,5.0,1,0.0,3.5
14100445,5.0,1,0.0,3.5
14100448,3.0,2,0.0011904761904761906,2.101785714285714
14100453,3.0,1,0.0,2.0999999999999996
14100457,5.0,2,0.0011904761904761906,3.5017857142857145
14100459,3.2857142857142856,14,0.01547619047619048,2.3232142857142857
14100462,5.0,1,0.0,3.5
14100470,5.0,1,0.0,3.5
14100494,4.2,5,0.004761904761904762,2.947142857142857
14100505,5.0,1,0.0,3.5
14100506,5.0,1,0.0,3.5
14100582,5.0,3,0.002380952380952381,3.5035714285714286
14100645,3.0,2,0.0011904761904761906,2.101785714285714
14300015,5.0,1,0.0,3.5
14300018,5.0,1,0.0,3.5
14300020,5.0,1,0.0,3.5
14300022,4.5,4,0.0035714285714285718,3.155357142857143
14300028,4.333333333333333,3,0.002380952380952381,3.0369047619047613
14300048,4.0,2,0.0011904761904761906,2.8017857142857143
14300121,4.0,2,0.0011904761904761906,2.8017857142857143
14300161,4.333333333333333,3,0.002380952380952381,3.0369047619047613
14300232,5.0,1,0.0,3.5
14300251,5.0,1,0.0,3.5
14300379,5.0,1,0.0,3.5
14300381,5.0,1,0.0,3.5
14300384,4.5,4,0.0035714285714285718,3.155357142857143
14300386,3.0,1,0.0,2.0999999999999996
14300387,5.0,1,0.0,3.5
14400016,3.0,1,0.0,2.0999999999999996
14400029,4.0,10,0.010714285714285714,2.8160714285714286
14400036,5.0,1,0.0,3.5
14400047,4.0,6,0.005952380952380953,2.8089285714285714
14400052,5.0,1,0.0,3.5
14400054,3.0,1,0.0,2.0999999999999996
14400056,3.0,2,0.0011904761904761906,2.101785714285714
14500000,5.0,5,0.004761904761904762,3.507142857142857
14500002,5.0,1,0.0,3.5
14500004,3.0,1,0.0,2.0999999999999996
14500085,4.0,2,0.0011904761904761906,2.8017857142857143
14500088,5.0,1,0.0,3.5
14500096,3.0,1,0.0,2.0999999999999996
14600037,3.0,1,0.0,2.0999999999999996
14700096,5.0,1,0.0,3.5
14700529,3.0,2,0.0011904761904761906,2.101785714285714
14700531,3.0,1,0.0,2.0999999999999996
14700635,3.0,2,0.0011904761904761906,2.101785714285714
14700661,3.0,1,0.0,2.0999999999999996
14700696,4.0,2,0.0011904761904761906,2.8017857142857143
14700775,3.0,1,0.0,2.0999999999999996
14700789,5.0,1,0.0,3.5
14700790,5.0,1,0.0,3.5
14701162,3.0,2,0.0011904761904761906,2.101785714285714
14701163,4.333333333333333,6,0.005952380952380953,3.0422619047619044
14701260,3.5555555555555554,18,0.02023809523809524,2.5192460317460315
14701261,3.0,1,0.0,2.0999999999999996
14701292,3.0,3,0.002380952380952381,2.103571428571428
14701317,3.5,4,0.0035714285714285718,2.455357142857143
14701381,3.0,1,0.0,2.0999999999999996
14701435,4.0,2,0.0011904761904761906,2.8017857142857143
14701532,3.923076923076923,13,0.014285714285714287,2.767582417582417
14701533,3.0,1,0.0,2.0999999999999996
14701857,4.0,2,0.0011904761904761906,2.8017857142857143
14702045,5.0,1,0.0,3.5
15100008,5.0,1,0.0,3.5
15100010,5.0,1,0.0,3.5
15100031,3.0,1,0.0,2.0999999999999996
15100034,3.0,1,0.0,2.0999999999999996
15100063,3.0,1,0.0,2.0999999999999996
15100093,3.0,1,0.0,2.0999999999999996
15100100,5.0,1,0.0,3.5
15100103,4.5,4,0.0035714285714285718,3.155357142857143
15100105,5.0,1,0.0,3.5
15100106,4.5,4,0.0035714285714285718,3.155357142857143
15100147,4.0,2,0.0011904761904761906,2.8017857142857143
15100148,4.555555555555555,9,0.009523809523809525,3.203174603174603
15100210,3.0,1,0.0,2.0999999999999996
15100297,4.0,10,0.010714285714285714,2.8160714285714286
15100337,4.454545454545454,11,0.011904761904761908,3.1360389610389605
15100350,3.888888888888889,18,0.02023809523809524,2.752579365079365
15100362,4.0,2,0.0011904761904761906,2.8017857142857143
15100367,4.0,6,0.005952380952380953,2.8089285714285714
15100370,5.0,2,0.0011904761904761906,3.5017857142857145
15100371,3.0,1,0.0,2.0999999999999996
15100373,3.0,2,0.0011904761904761906,2.101785714285714
15100403,4.0,2,0.0011904761904761906,2.8017857142857143
15200016,5.0,1,0.0,3.5
15200017,5.0,3,0.002380952380952381,3.5035714285714286
15200046,3.0,1,0.0,2.0999999999999996
15200177,5.0,3,0.002380952380952381,3.5035714285714286
15200179,3.6666666666666665,3,0.002380952380952381,2.570238095238095
15200181,3.3333333333333335,6,0.005952380952380953,2.342261904761905
15200196,3.0,2,0.0011904761904761906,2.101785714285714
15200281,3.0,1,0.0,2.0999999999999996
15200295,5.0,1,0.0,3.5
15200314,5.0,1,0.0,3.5
15200315,4.2,10,0.010714285714285714,2.9560714285714287
15200489,3.0,1,0.0,2.0999999999999996
15200496,4.0,2,0.0011904761904761906,2.8017857142857143
15200501,4.2,5,0.004761904761904762,2.947142857142857
15200509,3.4,5,0.004761904761904762,2.387142857142857
15200533,3.0,1,0.0,2.0999999999999996
15200569,4.333333333333333,3,0.002380952380952381,3.0369047619047613
15200718,3.0,1,0.0,2.0999999999999996
15200781,3.6666666666666665,3,0.002380952380952381,2.570238095238095
15200783,5.0,1,0.0,3.5
15200784,5.0,1,0.0,3.5
15200788,3.0,1,0.0,2.0999999999999996
15200806,3.6666666666666665,3,0.002380952380952381,2.570238095238095
15200838,3.0,1,0.0,2.0999999999999996
15200868,3.0,1,0.0,2.0999999999999996
15200870,5.0,1,0.0,3.5
15200894,4.2,5,0.004761904761904762,2.947142857142857
15200914,3.0,1,0.0,2.0999999999999996
15200950,3.6666666666666665,3,0.002380952380952381,2.570238095238095
15201069,3.0,1,0.0,2.0999999999999996
15201083,3.0,2,0.0011904761904761906,2.101785714285714
15201094,5.0,1,0.0,3.5
15201141,3.857142857142857,7,0.007142857142857144,2.7107142857142854
15201330,5.0,1,0.0,3.5
15300010,5.0,1,0.0,3.5
15300135,3.0,4,0.0035714285714285718,2.1053571428571427
15300143,5.0,2,0.0011904761904761906,3.5017857142857145
15300165,3.5714285714285716,7,0.007142857142857144,2.5107142857142857
15300183,3.5714285714285716,7,0.007142857142857144,2.5107142857142857
15300303,5.0,3,0.002380952380952381,3.5035714285714286
15300310,5.0,1,0.0,3.5
15300316,3.0,2,0.0011904761904761906,2.101785714285714
15300317,5.0,3,0.002380952380952381,3.5035714285714286
15300333,5.0,1,0.0,3.5
15300336,5.0,1,0.0,3.5
15300346,3.0,1,0.0,2.0999999999999996
15400020,3.6666666666666665,3,0.002380952380952381,2.570238095238095
15400056,5.0,1,0.0,3.5
15400058,3.0,1,0.0,2.0999999999999996
15400060,3.6666666666666665,3,0.002380952380952381,2.570238095238095
15400109,5.0,1,0.0,3.5
15400122,5.0,1,0.0,3.5
15400124,5.0,1,0.0,3.5
15400158,5.0,1,0.0,3.5
15400176,5.0,1,0.0,3.5
15400183,5.0,1,0.0,3.5
15400263,3.0,1,0.0,2.0999999999999996
15500102,4.0,6,0.005952380952380953,2.8089285714285714
15500105,3.0,1,0.0,2.0999999999999996
15500106,3.0,1,0.0,2.0999999999999996
15500113,3.0,1,0.0,2.0999999999999996
15500115,5.0,1,0.0,3.5
15500118,4.333333333333333,3,0.002380952380952381,3.0369047619047613
15500119,3.0,1,0.0,2.0999999999999996
15500138,4.0,2,0.0011904761904761906,2.8017857142857143
15500139,4.333333333333333,3,0.002380952380952381,3.0369047619047613
15500145,4.0,2,0.0011904761904761906,2.8017857142857143
15500152,5.0,1,0.0,3.5
15500203,4.0,2,0.0011904761904761906,2.8017857142857143
15500250,5.0,1,0.0,3.5
15500290,4.5,4,0.0035714285714285718,3.155357142857143
15500293,4.0,4,0.0035714285714285718,2.805357142857143
15500325,4.0,2,0.0011904761904761906,2.8017857142857143
15500332,3.5,4,0.0035714285714285718,2.455357142857143
15700000,3.0,1,0.0,2.0999999999999996
15700006,3.0,2,0.0011904761904761906,2.101785714285714
15700008,5.0,2,0.0011904761904761906,3.5017857142857145
15700019,3.0,1,0.0,2.0999999999999996
15700033,4.0,2,0.0011904761904761906,2.8017857142857143
15700035,4.0,2,0.0011904761904761906,2.8017857142857143
15700115,3.0,1,0.0,2.0999999999999996
15700116,5.0,1,0.0,3.5
15700136,4.0,2,0.0011904761904761906,2.8017857142857143
15700176,4.5,4,0.0035714285714285718,3.155357142857143
15700204,4.0,2,0.0011904761904761906,2.8017857142857143
15700283,5.0,2,0.0011904761904761906,3.5017857142857145
15700285,5.0,2,0.0011904761904761906,3.5017857142857145
15800002,3.0,2,0.0011904761904761906,2.101785714285714
15800004,5.0,2,0.0011904761904761906,3.5017857142857145
15800006,4.0,6,0.005952380952380953,2.8089285714285714
15800010,4.0,6,0.005952380952380953,2.8089285714285714
15800012,3.6666666666666665,3,0.002380952380952381,2.570238095238095
15800014,3.0,1,0.0,2.0999999999999996
15800015,3.0,1,0.0,2.0999999999999996
15800016,4.0,2,0.0011904761904761906,2.8017857142857143
15800049,4.666666666666667,6,0.005952380952380953,3.2755952380952382
15800051,4.0,2,0.0011904761904761906,2.8017857142857143
15800060,3.0,1,0.0,2.0999999999999996
15800070,3.8,5,0.004761904761904762,2.667142857142857
15800071,4.5,4,0.0035714285714285718,3.155357142857143
15800105,5.0,1,0.0,3.5
15800110,3.0,1,0.0,2.0999999999999996
15800120,4.333333333333333,6,0.005952380952380953,3.0422619047619044
15800125,5.0,1,0.0,3.5
15800127,4.5,4,0.0035714285714285718,3.155357142857143
15800131,4.0,2,0.0011904761904761906,2.8017857142857143
15800171,3.8,5,0.004761904761904762,2.667142857142857
15800174,4.0,6,0.005952380952380953,2.8089285714285714
15800178,3.0,1,0.0,2.0999999999999996
15800179,5.0,4,0.0035714285714285718,3.505357142857143
15800211,5.0,1,0.0,3.5
15800234,4.0,2,0.0011904761904761906,2.8017857142857143
15900024,3.0,1,0.0,2.0999999999999996
15900033,4.5,16,0.01785714285714286,3.1767857142857143
15900037,5.0,1,0.0,3.5
15900044,4.333333333333333,9,0.009523809523809525,3.047619047619047
15900053,4.0,2,0.0011904761904761906,2.8017857142857143
15900059,5.0,2,0.0011904761904761906,3.5017857142857145
15900062,3.6666666666666665,3,0.002380952380952381,2.570238095238095
15900063,5.0,2,0.0011904761904761906,3.5017857142857145
15900066,3.0,2,0.0011904761904761906,2.101785714285714
15900070,4.0,2,0.0011904761904761906,2.8017857142857143
15900078,4.2,5,0.004761904761904762,2.947142857142857
15900090,4.0,2,0.0011904761904761906,2.8017857142857143
15900092,3.75,8,0.008333333333333335,2.6375
15900111,3.8,5,0.004761904761904762,2.667142857142857
15900112,4.636363636363637,11,0.011904761904761908,3.2633116883116884
15900118,4.071428571428571,28,0.03214285714285715,2.8982142857142854
15900119,3.0,1,0.0,2.0999999999999996
15900122,4.0,2,0.0011904761904761906,2.8017857142857143
15900160,5.0,1,0.0,3.5
15900169,3.0,1,0.0,2.0999999999999996
15900187,4.0,2,0.0011904761904761906,2.8017857142857143
15900191,5.0,2,0.0011904761904761906,3.5017857142857145
15900286,5.0,4,0.0035714285714285718,3.505357142857143
15900306,5.0,2,0.0011904761904761906,3.5017857142857145
15900310,4.0,2,0.0011904761904761906,2.8017857142857143
15900529,3.5,4,0.0035714285714285718,2.455357142857143
15900542,4.0,2,0.0011904761904761906,2.8017857142857143
15900885,4.5,4,0.0035714285714285718,3.155357142857143
15900950,4.0,2,0.0011904761904761906,2.8017857142857143
15900951,3.0,3,0.002380952380952381,2.103571428571428
15900952,4.333333333333333,3,0.002380952380952381,3.0369047619047613
15900970,3.0,1,0.0,2.0999999999999996
15900981,5.0,2,0.0011904761904761906,3.5017857142857145
15901008,5.0,3,0.002380952380952381,3.5035714285714286
15901023,3.0,1,0.0,2.0999999999999996
15901097,3.0,1,0.0,2.0999999999999996
15901174,3.0,1,0.0,2.0999999999999996
15901239,5.0,1,0.0,3.5
15901245,4.333333333333333,3,0.002380952380952381,3.0369047619047613
15901251,4.142857142857143,7,0.007142857142857144,2.9107142857142856
15901252,3.0,1,0.0,2.0999999999999996
15901304,4.333333333333333,3,0.002380952380952381,3.0369047619047613
15901305,3.0,1,0.0,2.0999999999999996
15901308,4.0,2,0.0011904761904761906,2.8017857142857143
15901309,4.333333333333333,3,0.002380952380952381,3.0369047619047613
15901365,5.0,1,0.0,3.5
15901428,5.0,1,0.0,3.5
15901483,4.5,4,0.0035714285714285718,3.155357142857143
15901487,3.0,1,0.0,2.0999999999999996
15901493,5.0,2,0.0011904761904761906,3.5017857142857145
15901520,4.0,2,0.0011904761904761906,2.8017857142857143
15901528,3.0,1,0.0,2.0999999999999996
15901678,5.0,2,0.0011904761904761906,3.5017857142857145
15901679,5.0,1,0.0,3.5
15901854,3.0,2,0.0011904761904761906,2.101785714285714
15901905,5.0,1,0.0,3.5
15902044,5.0,1,0.0,3.5
15902046,3.5,4,0.0035714285714285718,2.455357142857143
15902048,3.0,1,0.0,2.0999999999999996
15902624,5.0,2,0.0011904761904761906,3.5017857142857145
16000004,5.0,2,0.0011904761904761906,3.5017857142857145
16000305,5.0,1,0.0,3.5
16000664,3.0,1,0.0,2.0999999999999996
16000919,3.6666666666666665,3,0.002380952380952381,2.570238095238095
16000961,5.0,1,0.0,3.5
16000974,4.333333333333333,3,0.002380952380952381,3.0369047619047613
16001147,4.0,2,0.0011904761904761906,2.8017857142857143
16100003,5.0,3,0.002380952380952381,3.5035714285714286
16100029,4.333333333333333,3,0.002380952380952381,3.0369047619047613
16100032,5.0,2,0.0011904761904761906,3.5017857142857145
16100033,5.0,1,0.0,3.5
16100039,3.0,1,0.0,2.0999999999999996
16100159,4.0,4,0.0035714285714285718,2.805357142857143
16100334,5.0,1,0.0,3.5
16100355,4.0,2,0.0011904761904761906,2.8017857142857143
16100392,3.0,1,0.0,2.0999999999999996
16100762,3.0,1,0.0,2.0999999999999996
16100783,3.0,1,0.0,2.0999999999999996
16100789,3.0,2,0.0011904761904761906,2.101785714285714
16101101,4.0,2,0.0011904761904761906,2.8017857142857143
16200000,4.333333333333333,3,0.002380952380952381,3.0369047619047613
16200005,3.0,1,0.0,2.0999999999999996
16200029,4.0,2,0.0011904761904761906,2.8017857142857143
16200054,4.0,2,0.0011904761904761906,2.8017857142857143
16200057,5.0,1,0.0,3.5
16200065,4.333333333333333,3,0.002380952380952381,3.0369047619047613
16200067,5.0,1,0.0,3.5
16200069,5.0,1,0.0,3.5
16200107,5.0,1,0.0,3.5
16200118,5.0,1,0.0,3.5
16200188,3.0,1,0.0,2.0999999999999996
16200202,3.0,1,0.0,2.0999999999999996
16200236,4.0,2,0.0011904761904761906,2.8017857142857143
16200237,5.0,1,0.0,3.5
16200253,3.6666666666666665,3,0.002380952380952381,2.570238095238095
16200255,3.0,2,0.0011904761904761906,2.101785714285714
16200269,5.0,1,0.0,3.5
16200272,4.0,2,0.0011904761904761906,2.8017857142857143
16200275,5.0,1,0.0,3.5
16200277,3.0,1,0.0,2.0999999999999996
16200278,4.333333333333333,6,0.005952380952380953,3.0422619047619044
16200283,3.0,1,0.0,2.0999999999999996
16200284,4.2,5,0.004761904761904762,2.947142857142857
16200286,5.0,2,0.0011904761904761906,3.5017857142857145
16200314,5.0,1,0.0,3.5
16200315,5.0,3,0.002380952380952381,3.5035714285714286
16200316,5.0,1,0.0,3.5
16200320,4.5,4,0.0035714285714285718,3.155357142857143
16200322,5.0,3,0.002380952380952381,3.5035714285714286
16200323,4.0,2,0.0011904761904761906,2.8017857142857143
16200324,3.0,1,0.0,2.0999999999999996
16200325,4.0,2,0.0011904761904761906,2.8017857142857143
16200326,3.6666666666666665,3,0.002380952380952381,2.570238095238095
16200329,3.6666666666666665,6,0.005952380952380953,2.575595238095238
16200347,3.0,1,0.0,2.0999999999999996
16200351,4.0,2,0.0011904761904761906,2.8017857142857143
16200413,3.0,2,0.0011904761904761906,2.101785714285714
16200419,4.0,2,0.0011904761904761906,2.8017857142857143
16200420,4.0,2,0.0011904761904761906,2.8017857142857143
16200441,4.0,2,0.0011904761904761906,2.8017857142857143
16200443,5.0,4,0.0035714285714285718,3.505357142857143
16200485,5.0,1,0.0,3.5
16300003,3.0,2,0.0011904761904761906,2.101785714285714
16300025,4.5,8,0.008333333333333335,3.1625
16300031,4.333333333333333,3,0.002380952380952381,3.0369047619047613
16300033,3.0,2,0.0011904761904761906,2.101785714285714
16300035,4.454545454545454,11,0.011904761904761908,3.1360389610389605
16300037,3.0,1,0.0,2.0999999999999996
16300079,4.0,6,0.005952380952380953,2.8089285714285714
16300123,5.0,7,0.007142857142857144,3.5107142857142857
16300154,3.0,1,0.0,2.0999999999999996
16400000,5.0,2,0.0011904761904761906,3.5017857142857145
16400012,4.2,5,0.004761904761904762,2.947142857142857
16400017,4.111111111111111,9,0.009523809523809525,2.8920634920634916
16400025,4.3,20,0.022619047619047622,3.0439285714285713
16400027,4.0,2,0.0011904761904761906,2.8017857142857143
16400045,3.0,1,0.0,2.0999999999999996
16400055,3.0,2,0.0011904761904761906,2.101785714285714
16400057,3.0,1,0.0,2.0999999999999996
16400098,5.0,2,0.0011904761904761906,3.5017857142857145
16400108,5.0,1,0.0,3.5
16400116,5.0,1,0.0,3.5
16400120,4.0,2,0.0011904761904761906,2.8017857142857143
16400165,4.076923076923077,13,0.014285714285714287,2.875274725274725
16400207,3.0,1,0.0,2.0999999999999996
16400208,5.0,1,0.0,3.5
16400209,3.4,5,0.004761904761904762,2.387142857142857
16400219,3.0,1,0.0,2.0999999999999996
16400234,5.0,1,0.0,3.5
16400239,4.2,5,0.004761904761904762,2.947142857142857
16400243,4.5,4,0.0035714285714285718,3.155357142857143
16400453,5.0,5,0.004761904761904762,3.507142857142857
16500000,3.0,1,0.0,2.0999999999999996
16500004,4.142857142857143,7,0.007142857142857144,2.9107142857142856
16500005,3.5,4,0.0035714285714285718,2.455357142857143
16500007,4.090909090909091,11,0.011904761904761908,2.881493506493506
16500012,4.333333333333333,3,0.002380952380952381,3.0369047619047613
16500021,3.0,1,0.0,2.0999999999999996
16500023,5.0,3,0.002380952380952381,3.5035714285714286
16600001,5.0,2,0.0011904761904761906,3.5017857142857145
16600003,4.333333333333333,3,0.002380952380952381,3.0369047619047613
16600005,5.0,1,0.0,3.5
16600006,5.0,2,0.0011904761904761906,3.5017857142857145
16600083,5.0,1,0.0,3.5
16600089,4.0,2,0.0011904761904761906,2.8017857142857143
16600091,3.0,1,0.0,2.0999999999999996
16600093,5.0,1,0.0,3.5
16600094,5.0,1,0.0,3.5
16600101,4.0,2,0.0011904761904761906,2.8017857142857143
16600154,4.666666666666667,6,0.005952380952380953,3.2755952380952382
16600159,4.0,4,0.0035714285714285718,2.805357142857143
16600209,3.0,1,0.0,2.0999999999999996
16600246,3.0,2,0.0011904761904761906,2.101785714285714
16600266,3.0,1,0.0,2.0999999999999996
16600296,3.6666666666666665,3,0.002380952380952381,2.570238095238095
16700025,3.0,4,0.0035714285714285718,2.1053571428571427
16700058,4.0,2,0.0011904761904761906,2.8017857142857143
16700466,3.0,1,0.0,2.0999999999999996
16700599,3.6666666666666665,3,0.002380952380952381,2.570238095238095
16700690,3.0,5,0.004761904761904762,2.1071428571428568
16700773,3.0,2,0.0011904761904761906,2.101785714285714
16700960,3.6666666666666665,3,0.002380952380952381,2.570238095238095
16800026,4.0,2,0.0011904761904761906,2.8017857142857143
16800027,5.0,1,0.0,3.5
16800033,3.0,1,0.0,2.0999999999999996
16800230,5.0,3,0.002380952380952381,3.5035714285714286
16800234,4.2,5,0.004761904761904762,2.947142857142857
16800235,3.0,4,0.0035714285714285718,2.1053571428571427
16800356,5.0,1,0.0,3.5
16800382,3.0,1,0.0,2.0999999999999996
16800407,3.0,2,0.0011904761904761906,2.101785714285714
16800408,3.0,2,0.0011904761904761906,2.101785714285714
16800409,3.0,2,0.0011904761904761906,2.101785714285714
16800410,3.0,2,0.0011904761904761906,2.101785714285714
16900017,3.0,1,0.0,2.0999999999999996
16900058,3.6666666666666665,3,0.002380952380952381,2.570238095238095
16900091,3.0,1,0.0,2.0999999999999996
16900106,5.0,1,0.0,3.5
16900116,3.5,4,0.0035714285714285718,2.455357142857143
16900135,5.0,1,0.0,3.5
16900144,3.0,1,0.0,2.0999999999999996
16900154,4.0,2,0.0011904761904761906,2.8017857142857143
16900167,5.0,3,0.002380952380952381,3.5035714285714286
16900195,5.0,1,0.0,3.5
16900231,5.0,2,0.0011904761904761906,3.5017857142857145
17000000,3.0,2,0.0011904761904761906,2.101785714285714
17000001,5.0,1,0.0,3.5
17100000,3.6666666666666665,3,0.002380952380952381,2.570238095238095
17100004,3.0,1,0.0,2.0999999999999996
17100027,4.0,2,0.0011904761904761906,2.8017857142857143
17200558,5.0,1,0.0,3.5
17200559,4.0,2,0.0011904761904761906,2.8017857142857143
17200651,4.428571428571429,7,0.007142857142857144,3.1107142857142858
17200700,3.0,1,0.0,2.0999999999999996
17200992,3.0,1,0.0,2.0999999999999996
17200993,5.0,1,0.0,3.5
17200994,5.0,2,0.0011904761904761906,3.5017857142857145
17300059,4.0,4,0.0035714285714285718,2.805357142857143
17300132,5.0,2,0.0011904761904761906,3.5017857142857145
17300136,4.666666666666667,6,0.005952380952380953,3.2755952380952382
17300182,3.0,1,0.0,2.0999999999999996
17300263,5.0,1,0.0,3.5
17300281,5.0,3,0.002380952380952381,3.5035714285714286
17300351,3.0,1,0.0,2.0999999999999996
17300353,5.0,1,0.0,3.5
17300355,4.333333333333333,3,0.002380952380952381,3.0369047619047613
17300476,5.0,2,0.0011904761904761906,3.5017857142857145
17300520,3.0,1,0.0,2.0999999999999996
17300555,3.4,5,0.004761904761904762,2.387142857142857
17300556,5.0,1,0.0,3.5
17300573,5.0,1,0.0,3.5
17300620,3.0,1,0.0,2.0999999999999996
17300671,4.0,2,0.0011904761904761906,2.8017857142857143
17300672,4.2,5,0.004761904761904762,2.947142857142857
17300705,5.0,2,0.0011904761904761906,3.5017857142857145
17300714,5.0,1,0.0,3.5
17300748,4.333333333333333,6,0.005952380952380953,3.0422619047619044
17300749,5.0,1,0.0,3.5
17300751,4.2,10,0.010714285714285714,2.9560714285714287
17300752,3.6666666666666665,3,0.002380952380952381,2.570238095238095
17300754,3.6666666666666665,6,0.005952380952380953,2.575595238095238
17300757,5.0,1,0.0,3.5
17300758,5.0,2,0.0011904761904761906,3.5017857142857145
17300759,4.0,4,0.0035714285714285718,2.805357142857143
17300760,5.0,1,0.0,3.5
17300761,3.0,1,0.0,2.0999999999999996
17300762,4.0,4,0.0035714285714285718,2.805357142857143
17300764,5.0,1,0.0,3.5
17300765,4.5,4,0.0035714285714285718,3.155357142857143
17300767,3.0,2,0.0011904761904761906,2.101785714285714
17300768,4.5,4,0.0035714285714285718,3.155357142857143
17300770,5.0,1,0.0,3.5
17300771,3.0,1,0.0,2.0999999999999996
17300779,5.0,2,0.0011904761904761906,3.5017857142857145
17300809,5.0,1,0.0,3.5
17300817,4.333333333333333,3,0.002380952380952381,3.0369047619047613
17300818,3.0,2,0.0011904761904761906,2.101785714285714
17300822,3.0,1,0.0,2.0999999999999996
17300825,4.333333333333333,3,0.002380952380952381,3.0369047619047613
17300826,5.0,1,0.0,3.5
17300827,5.0,1,0.0,3.5
17300832,5.0,2,0.0011904761904761906,3.5017857142857145
17300835,3.0,1,0.0,2.0999999999999996
17300838,4.333333333333333,3,0.002380952380952381,3.0369047619047613
17300852,3.0,1,0.0,2.0999999999999996
17300865,3.0,2,0.0011904761904761906,2.101785714285714
17300949,5.0,1,0.0,3.5
17301025,5.0,1,0.0,3.5
17301049,5.0,1,0.0,3.5
17301065,5.0,1,0.0,3.5
17301067,5.0,2,0.0011904761904761906,3.5017857142857145
17301088,3.6666666666666665,9,0.009523809523809525,2.5809523809523807
17301094,5.0,1,0.0,3.5
17301124,4.0,4,0.0035714285714285718,2.805357142857143
17301227,5.0,1,0.0,3.5
17301234,5.0,1,0.0,3.5
17301342,5.0,1,0.0,3.5
17301401,4.0,2,0.0011904761904761906,2.8017857142857143
17301421,5.0,1,0.0,3.5
17301428,5.0,1,0.0,3.5
17301512,5.0,1,0.0,3.5
17301541,3.6666666666666665,3,0.002380952380952381,2.570238095238095
17301546,5.0,1,0.0,3.5
17301666,3.0,2,0.0011904761904761906,2.101785714285714
17301779,5.0,1,0.0,3.5
17301890,5.0,1,0.0,3.5
17301904,5.0,1,0.0,3.5
17302013,5.0,2,0.0011904761904761906,3.5017857142857145
17302417,4.0,2,0.0011904761904761906,2.8017857142857143
17302616,5.0,1,0.0,3.5
17302622,5.0,1,0.0,3.5
17302625,4.0,2,0.0011904761904761906,2.8017857142857143
17302636,4.0,2,0.0011904761904761906,2.8017857142857143
17302764,3.0,1,0.0,2.0999999999999996
17302960,4.0,2,0.0011904761904761906,2.8017857142857143
17302991,5.0,1,0.0,3.5
17303003,3.0,1,0.0,2.0999999999999996
17303033,5.0,1,0.0,3.5
17303294,5.0,2,0.0011904761904761906,3.5017857142857145
17303296,4.666666666666667,6,0.005952380952380953,3.2755952380952382
17400018,3.0,1,0.0,2.0999999999999996
17400121,5.0,1,0.0,3.5
17400135,3.5714285714285716,7,0.007142857142857144,2.5107142857142857
17400146,5.0,1,0.0,3.5
17400154,4.818181818181818,11,0.011904761904761908,3.3905844155844154
17400251,5.0,4,0.0035714285714285718,3.505357142857143
17400265,3.0,2,0.0011904761904761906,2.101785714285714
17400306,3.0,1,0.0,2.0999999999999996
17500092,5.0,1,0.0,3.5
17500333,5.0,1,0.0,3.5
17500334,5.0,1,0.0,3.5
17500335,3.6666666666666665,3,0.002380952380952381,2.570238095238095
17500415,3.0,2,0.0011904761904761906,2.101785714285714
17500490,4.0,2,0.0011904761904761906,2.8017857142857143
17500569,3.0,1,0.0,2.0999999999999996
17500622,5.0,1,0.0,3.5
17500770,3.5,4,0.0035714285714285718,2.455357142857143
17500782,4.0,2,0.0011904761904761906,2.8017857142857143
17500825,5.0,3,0.002380952380952381,3.5035714285714286
17500878,5.0,1,0.0,3.5
17500974,3.0,1,0.0,2.0999999999999996
17501003,3.8,5,0.004761904761904762,2.667142857142857
17501022,3.0,2,0.0011904761904761906,2.101785714285714
17501037,5.0,1,0.0,3.5
17501069,4.333333333333333,3,0.002380952380952381,3.0369047619047613
17600217,3.0,2,0.0011904761904761906,2.101785714285714
17600406,3.0,1,0.0,2.0999999999999996
17600500,4.333333333333333,3,0.002380952380952381,3.0369047619047613
17600562,5.0,1,0.0,3.5
17600627,5.0,1,0.0,3.5
17600825,5.0,1,0.0,3.5
17600827,4.333333333333333,3,0.002380952380952381,3.0369047619047613
17600838,3.6666666666666665,3,0.002380952380952381,2.570238095238095
17600846,4.333333333333333,3,0.002380952380952381,3.0369047619047613
17600847,5.0,1,0.0,3.5
17600856,3.0,1,0.0,2.0999999999999996
17600912,5.0,1,0.0,3.5
17601128,3.0,1,0.0,2.0999999999999996
17601250,3.0,2,0.0011904761904761906,2.101785714285714
17601446,5.0,1,0.0,3.5
17601623,5.0,1,0.0,3.5
17601838,5.0,2,0.0011904761904761906,3.5017857142857145
17601990,4.0,6,0.005952380952380953,2.8089285714285714
17601996,4.2,5,0.004761904761904762,2.947142857142857
17700489,3.0,1,0.0,2.0999999999999996
17700671,4.0,2,0.0011904761904761906,2.8017857142857143
17700694,5.0,2,0.0011904761904761906,3.5017857142857145
17700768,3.6666666666666665,3,0.002380952380952381,2.570238095238095
17700908,3.0,1,0.0,2.0999999999999996
17800024,3.0,1,0.0,2.0999999999999996
17800053,4.0,2,0.0011904761904761906,2.8017857142857143
17800089,4.714285714285714,7,0.007142857142857144,3.3107142857142855
17800102,4.333333333333333,3,0.002380952380952381,3.0369047619047613
17800105,3.0,1,0.0,2.0999999999999996
17800106,3.6666666666666665,3,0.002380952380952381,2.570238095238095
17800122,3.0,4,0.0035714285714285718,2.1053571428571427
17800123,4.333333333333333,6,0.005952380952380953,3.0422619047619044
17800124,3.0,2,0.0011904761904761906,2.101785714285714
17800128,3.6666666666666665,3,0.002380952380952381,2.570238095238095
17800130,4.0,2,0.0011904761904761906,2.8017857142857143
17800172,5.0,1,0.0,3.5
17800203,3.0,2,0.0011904761904761906,2.101785714285714
17800248,3.4,5,0.004761904761904762,2.387142857142857
17800258,3.0,1,0.0,2.0999999999999996
17800270,3.0,2,0.0011904761904761906,2.101785714285714
17800271,3.0,3,0.002380952380952381,2.103571428571428
17800272,3.0,2,0.0011904761904761906,2.101785714285714
17800303,3.5,4,0.0035714285714285718,2.455357142857143
17800331,4.0,2,0.0011904761904761906,2.8017857142857143
17800449,3.0,2,0.0011904761904761906,2.101785714285714
17800473,3.0,3,0.002380952380952381,2.103571428571428
17800485,3.0,2,0.0011904761904761906,2.101785714285714
17800520,4.0,2,0.0011904761904761906,2.8017857142857143
17800521,3.0,4,0.0035714285714285718,2.1053571428571427
17800522,3.0,2,0.0011904761904761906,2.101785714285714
17800523,3.0,2,0.0011904761904761906,2.101785714285714
17800576,4.0,2,0.0011904761904761906,2.8017857142857143
17800686,5.0,1,0.0,3.5
17800694,3.0,1,0.0,2.0999999999999996
17800696,3.0,3,0.002380952380952381,2.103571428571428
17800716,3.0,1,0.0,2.0999999999999996
17800717,4.0,2,0.0011904761904761906,2.8017857142857143
17800719,5.0,2,0.0011904761904761906,3.5017857142857145
17800732,4.5,4,0.0035714285714285718,3.155357142857143
17800734,3.0,2,0.0011904761904761906,2.101785714285714
17800741,3.6666666666666665,6,0.005952380952380953,2.575595238095238
17800751,3.0,1,0.0,2.0999999999999996
17800757,3.0,2,0.0011904761904761906,2.101785714285714
17900036,3.0,1,0.0,2.0999999999999996
17900040,3.0,1,0.0,2.0999999999999996
17900047,4.333333333333333,3,0.002380952380952381,3.0369047619047613
17900067,3.0,1,0.0,2.0999999999999996
17900286,3.0,1,0.0,2.0999999999999996
17900322,5.0,1,0.0,3.5
18000024,3.6666666666666665,3,0.002380952380952381,2.570238095238095
18000032,3.0,1,0.0,2.0999999999999996
18000252,5.0,1,0.0,3.5
18000612,5.0,1,0.0,3.5
18000622,3.0,1,0.0,2.0999999999999996
18000799,5.0,2,0.0011904761904761906,3.5017857142857145
18000800,5.0,1,0.0,3.5
18000801,3.6666666666666665,3,0.002380952380952381,2.570238095238095
18000802,5.0,1,0.0,3.5
18000804,5.0,2,0.0011904761904761906,3.5017857142857145
18000805,5.0,1,0.0,3.5
18000820,4.666666666666667,6,0.005952380952380953,3.2755952380952382
18000919,5.0,1,0.0,3.5
18000921,5.0,1,0.0,3.5
18000927,3.0,1,0.0,2.0999999999999996
18000958,3.0,2,0.0011904761904761906,2.101785714285714
18000959,3.0,1,0.0,2.0999999999999996
18000960,3.0,1,0.0,2.0999999999999996
18000962,4.0,4,0.0035714285714285718,2.805357142857143
18000971,4.0,2,0.0011904761904761906,2.8017857142857143
18001059,5.0,1,0.0,3.5
18001068,4.333333333333333,3,0.002380952380952381,3.0369047619047613
18001150,3.0,1,0.0,2.0999999999999996
18001172,3.6666666666666665,3,0.002380952380952381,2.570238095238095
18001292,5.0,1,0.0,3.5
18001307,5.0,1,0.0,3.5
18001323,4.5,4,0.0035714285714285718,3.155357142857143
18001326,3.6666666666666665,3,0.002380952380952381,2.570238095238095
18001328,3.6666666666666665,3,0.002380952380952381,2.570238095238095
18001338,3.4,5,0.004761904761904762,2.387142857142857
18001390,3.0,1,0.0,2.0999999999999996
18001391,3.0,1,0.0,2.0999999999999996
18001406,3.0,6,0.005952380952380953,2.1089285714285713
18001444,3.0,1,0.0,2.0999999999999996
18001454,4.333333333333333,3,0.002380952380952381,3.0369047619047613
18001491,5.0,1,0.0,3.5
18001513,3.0,1,0.0,2.0999999999999996
18001523,3.0,2,0.0011904761904761906,2.101785714285714
18001528,5.0,1,0.0,3.5
18001539,4.333333333333333,3,0.002380952380952381,3.0369047619047613
18001540,3.0,3,0.002380952380952381,2.103571428571428
18001541,3.6666666666666665,3,0.002380952380952381,2.570238095238095
18001542,4.0,2,0.0011904761904761906,2.8017857142857143
18001575,5.0,1,0.0,3.5
18200001,3.0,1,0.0,2.0999999999999996
18200005,5.0,2,0.0011904761904761906,3.5017857142857145
18200008,3.0,1,0.0,2.0999999999999996
18200037,5.0,1,0.0,3.5
18200071,5.0,1,0.0,3.5
18200072,4.0,2,0.0011904761904761906,2.8017857142857143
18200073,5.0,1,0.0,3.5
18200077,5.0,1,0.0,3.5
18300021,4.857142857142857,14,0.01547619047619048,3.4232142857142853
18300028,5.0,1,0.0,3.5
18300040,5.0,1,0.0,3.5
18300042,4.333333333333333,3,0.002380952380952381,3.0369047619047613
18300060,5.0,2,0.0011904761904761906,3.5017857142857145
18300075,4.0,2,0.0011904761904761906,2.8017857142857143
18300141,4.333333333333333,9,0.009523809523809525,3.047619047619047
18300155,4.333333333333333,9,0.009523809523809525,3.047619047619047
18300184,4.2,5,0.004761904761904762,2.947142857142857
18300235,3.0,1,0.0,2.0999999999999996
18300607,3.0,1,0.0,2.0999999999999996
18300728,5.0,3,0.002380952380952381,3.5035714285714286
18300738,5.0,3,0.002380952380952381,3.5035714285714286
18300903,3.0,1,0.0,2.0999999999999996
18301073,4.0,2,0.0011904761904761906,2.8017857142857143
18400005,3.0,1,0.0,2.0999999999999996
18400008,3.0,1,0.0,2.0999999999999996
18400010,4.333333333333333,3,0.002380952380952381,3.0369047619047613
18400021,3.0,1,0.0,2.0999999999999996
18400053,5.0,1,0.0,3.5
18400069,5.0,2,0.0011904761904761906,3.5017857142857145
18400084,3.0,1,0.0,2.0999999999999996
18400203,3.0,1,0.0,2.0999999999999996
18400208,5.0,2,0.0011904761904761906,3.5017857142857145
18400337,3.0,2,0.0011904761904761906,2.101785714285714
18500017,3.0,1,0.0,2.0999999999999996
18500018,5.0,1,0.0,3.5
18500019,3.0,2,0.0011904761904761906,2.101785714285714
18500022,3.0,1,0.0,2.0999999999999996
18500023,5.0,1,0.0,3.5
18500029,3.0,3,0.002380952380952381,2.103571428571428
18500063,3.0,1,0.0,2.0999999999999996
18500065,5.0,1,0.0,3.5
18700008,5.0,1,0.0,3.5
18700023,5.0,1,0.0,3.5
18700026,3.0,1,0.0,2.0999999999999996
18700028,5.0,1,0.0,3.5
18700029,3.0,1,0.0,2.0999999999999996
18700057,3.0,1,0.0,2.0999999999999996
18800009,3.0,1,0.0,2.0999999999999996
19100006,3.0,1,0.0,2.0999999999999996
19100007,5.0,1,0.0,3.5
19100013,3.0,1,0.0,2.0999999999999996
19100023,5.0,1,0.0,3.5
19100051,5.0,2,0.0011904761904761906,3.5017857142857145
19100053,4.0,4,0.0035714285714285718,2.805357142857143
19100075,5.0,1,0.0,3.5
19100147,4.0,2,0.0011904761904761906,2.8017857142857143
19100193,5.0,2,0.0011904761904761906,3.5017857142857145
19100206,4.6,5,0.004761904761904762,3.227142857142857
19100253,5.0,1,0.0,3.5
19100295,3.0,1,0.0,2.0999999999999996
19100317,4.0,2,0.0011904761904761906,2.8017857142857143
19100336,3.0,1,0.0,2.0999999999999996
19100341,4.0,4,0.0035714285714285718,2.805357142857143
19200005,4.714285714285714,7,0.007142857142857144,3.3107142857142855
19200012,4.5,4,0.0035714285714285718,3.155357142857143
19200036,5.0,1,0.0,3.5
19200049,4.333333333333333,3,0.002380952380952381,3.0369047619047613
19200070,5.0,1,0.0,3.5
19200071,5.0,1,0.0,3.5
19200099,4.333333333333333,6,0.005952380952380953,3.0422619047619044
19200119,3.0,1,0.0,2.0999999999999996
19200155,4.333333333333333,6,0.005952380952380953,3.0422619047619044
19200159,3.0,1,0.0,2.0999999999999996
19200161,5.0,1,0.0,3.5
19200170,5.0,1,0.0,3.5
19200184,3.0,2,0.0011904761904761906,2.101785714285714
19200185,4.333333333333333,3,0.002380952380952381,3.0369047619047613
19200186,4.0,10,0.010714285714285714,2.8160714285714286
19200199,5.0,1,0.0,3.5
19200207,3.0,3,0.002380952380952381,2.103571428571428
19200209,4.0,4,0.0035714285714285718,2.805357142857143
19300000,5.0,6,0.005952380952380953,3.5089285714285716
19300007,5.0,1,0.0,3.5
19300009,4.0,2,0.0011904761904761906,2.8017857142857143
19300014,4.142857142857143,7,0.007142857142857144,2.9107142857142856
19300021,5.0,1,0.0,3.5
19300027,4.0,8,0.008333333333333335,2.8125
19300028,3.0,3,0.002380952380952381,2.103571428571428
19300029,4.333333333333333,3,0.002380952380952381,3.0369047619047613
19300039,4.6,10,0.010714285714285714,3.2360714285714285
19300055,5.0,1,0.0,3.5
19300079,4.0,2,0.0011904761904761906,2.8017857142857143
19300096,4.75,8,0.008333333333333335,3.3375
19300100,3.8,5,0.004761904761904762,2.667142857142857
19300109,5.0,1,0.0,3.5
19400003,5.0,1,0.0,3.5
19400021,3.0,1,0.0,2.0999999999999996
19600120,4.0,2,0.0011904761904761906,2.8017857142857143
19600250,4.6,5,0.004761904761904762,3.227142857142857
19600254,5.0,1,0.0,3.5
19600579,3.6666666666666665,3,0.002380952380952381,2.570238095238095
19600586,3.4,5,0.004761904761904762,2.387142857142857
19600597,5.0,5,0.004761904761904762,3.507142857142857
19600604,4.333333333333333,6,0.005952380952380953,3.0422619047619044
19600606,5.0,2,0.0011904761904761906,3.5017857142857145
19700010,3.0,1,0.0,2.0999999999999996
19700020,3.0,2,0.0011904761904761906,2.101785714285714
19700027,3.0,2,0.0011904761904761906,2.101785714285714
19700028,4.333333333333333,3,0.002380952380952381,3.0369047619047613
19700029,3.0,2,0.0011904761904761906,2.101785714285714
19700047,3.0,1,0.0,2.0999999999999996
19700086,5.0,1,0.0,3.5
19700092,3.0,2,0.0011904761904761906,2.101785714285714
19700095,4.333333333333333,3,0.002380952380952381,3.0369047619047613
19700096,5.0,1,0.0,3.5
19700097,5.0,1,0.0,3.5
19700100,3.5,4,0.0035714285714285718,2.455357142857143
19700101,5.0,1,0.0,3.5
19700109,5.0,1,0.0,3.5
19700112,3.0,1,0.0,2.0999999999999996
19700113,3.8,5,0.004761904761904762,2.667142857142857
19700114,3.857142857142857,7,0.007142857142857144,2.7107142857142854
19700115,5.0,2,0.0011904761904761906,3.5017857142857145
19700125,3.0,1,0.0,2.0999999999999996
19700126,3.0,1,0.0,2.0999999999999996
19700135,5.0,1,0.0,3.5
19700149,5.0,1,0.0,3.5
19700151,5.0,1,0.0,3.5
19800025,5.0,1,0.0,3.5
19800059,3.0,1,0.0,2.0999999999999996
19900026,3.0,1,0.0,2.0999999999999996
19900056,3.0,1,0.0,2.0999999999999996
19900077,5.0,1,0.0,3.5
21100385,3.0,1,0.0,2.0999999999999996
21400513,5.0,1,0.0,3.5
21400576,4.0,2,0.0011904761904761906,2.8017857142857143
21400780,5.0,1,0.0,3.5
21400938,3.0,1,0.0,2.0999999999999996
21400996,4.714285714285714,7,0.007142857142857144,3.3107142857142855
21401209,4.333333333333333,3,0.002380952380952381,3.0369047619047613
21401211,4.0,6,0.005952380952380953,2.8089285714285714
21401324,3.0,1,0.0,2.0999999999999996
21401444,4.5,4,0.0035714285714285718,3.155357142857143
21401560,3.0,1,0.0,2.0999999999999996
21401679,5.0,1,0.0,3.5
21401948,5.0,1,0.0,3.5
21402146,5.0,1,0.0,3.5
21402423,5.0,1,0.0,3.5
21402653,4.5,4,0.0035714285714285718,3.155357142857143
21402668,5.0,2,0.0011904761904761906,3.5017857142857145
21402790,4.0,2,0.0011904761904761906,2.8017857142857143
21403078,5.0,2,0.0011904761904761906,3.5017857142857145
21403153,3.0,2,0.0011904761904761906,2.101785714285714
21403641,5.0,1,0.0,3.5
21403651,4.0,2,0.0011904761904761906,2.8017857142857143
21403738,4.0,2,0.0011904761904761906,2.8017857142857143
21403742,5.0,1,0.0,3.5
21403791,3.0,1,0.0,2.0999999999999996
21403802,4.0,2,0.0011904761904761906,2.8017857142857143
21403810,5.0,1,0.0,3.5
21403834,5.0,2,0.0011904761904761906,3.5017857142857145
21404116,4.0,2,0.0011904761904761906,2.8017857142857143
21404397,5.0,4,0.0035714285714285718,3.505357142857143
21404427,5.0,1,0.0,3.5
21404577,3.0,1,0.0,2.0999999999999996
21404608,5.0,2,0.0011904761904761906,3.5017857142857145
21406172,4.0,2,0.0011904761904761906,2.8017857142857143
21406656,4.0,2,0.0011904761904761906,2.8017857142857143
21407348,5.0,2,0.0011904761904761906,3.5017857142857145
21407374,5.0,2,0.0011904761904761906,3.5017857142857145
21408839,4.0,4,0.0035714285714285718,2.805357142857143
21409009,3.0,1,0.0,2.0999999999999996
21409392,5.0,1,0.0,3.5
21410897,5.0,1,0.0,3.5
21411748,5.0,1,0.0,3.5
21411825,5.0,1,0.0,3.5
21700001,4.0,2,0.0011904761904761906,2.8017857142857143
21700002,4.555555555555555,9,0.009523809523809525,3.203174603174603
21700003,4.0,2,0.0011904761904761906,2.8017857142857143
21700004,4.0,4,0.0035714285714285718,2.805357142857143
21800017,4.647058823529412,17,0.01904761904761905,3.2815126050420167
21800033,4.333333333333333,3,0.002380952380952381,3.0369047619047613
21800041,4.714285714285714,7,0.007142857142857144,3.3107142857142855
21800052,5.0,1,0.0,3.5
21800054,4.0,12,0.013095238095238097,2.819642857142857
21800056,3.0,1,0.0,2.0999999999999996
21800057,4.2,10,0.010714285714285714,2.9560714285714287
21800074,4.0,6,0.005952380952380953,2.8089285714285714
21800077,3.888888888888889,9,0.009523809523809525,2.736507936507936
21800090,4.333333333333333,3,0.002380952380952381,3.0369047619047613
21800101,4.0,2,0.0011904761904761906,2.8017857142857143
21800108,4.666666666666667,12,0.013095238095238097,3.286309523809524
21800109,5.0,1,0.0,3.5
21800110,5.0,1,0.0,3.5
21800116,4.333333333333333,3,0.002380952380952381,3.0369047619047613
21800141,3.0,1,0.0,2.0999999999999996
21800145,4.333333333333333,3,0.002380952380952381,3.0369047619047613
21800146,4.0,2,0.0011904761904761906,2.8017857142857143
21800153,4.0,2,0.0011904761904761906,2.8017857142857143
21800165,3.0,1,0.0,2.0999999999999996
21800187,3.0,1,0.0,2.0999999999999996
21800195,3.5,4,0.0035714285714285718,2.455357142857143
21800202,3.0,1,0.0,2.0999999999999996
21800231,4.0,2,0.0011904761904761906,2.8017857142857143
21800257,5.0,1,0.0,3.5
21800260,5.0,2,0.0011904761904761906,3.5017857142857145
21800266,3.0,1,0.0,2.0999999999999996
21800270,5.0,2,0.0011904761904761906,3.5017857142857145
21800289,3.0,2,0.0011904761904761906,2.101785714285714
21900207,3.0,2,0.0011904761904761906,2.101785714285714
21900487,4.0,2,0.0011904761904761906,2.8017857142857143
21900556,5.0,1,0.0,3.5
22000280,5.0,1,0.0,3.5
22000308,5.0,1,0.0,3.5
22200179,3.0,1,0.0,2.0999999999999996
22200187,5.0,3,0.002380952380952381,3.5035714285714286
22300000,5.0,1,0.0,3.5
22300003,4.4,10,0.010714285714285714,3.096071428571429
22300004,3.0,1,0.0,2.0999999999999996
22400002,3.0,1,0.0,2.0999999999999996
22400036,4.666666666666667,12,0.013095238095238097,3.286309523809524
22400037,4.0,6,0.005952380952380953,2.8089285714285714
22400040,3.0,1,0.0,2.0999999999999996
22400049,3.0,1,0.0,2.0999999999999996
22400054,4.0,4,0.0035714285714285718,2.805357142857143
22400085,3.0,1,0.0,2.0999999999999996
22400089,3.0,1,0.0,2.0999999999999996
22400096,3.0,1,0.0,2.0999999999999996
22400122,5.0,1,0.0,3.5
22400124,3.0,1,0.0,2.0999999999999996
22400125,3.0,1,0.0,2.0999999999999996
22400153,4.0,2,0.0011904761904761906,2.8017857142857143
22400162,3.0,2,0.0011904761904761906,2.101785714285714
22400163,4.0,2,0.0011904761904761906,2.8017857142857143
22400179,5.0,4,0.0035714285714285718,3.505357142857143
22400186,4.0,2,0.0011904761904761906,2.8017857142857143
22400191,3.857142857142857,7,0.007142857142857144,2.7107142857142854
22400196,4.0,2,0.0011904761904761906,2.8017857142857143
22400213,5.0,1,0.0,3.5
22400214,3.0,1,0.0,2.0999999999999996
22400240,3.0,1,0.0,2.0999999999999996
22500004,4.0,2,0.0011904761904761906,2.8017857142857143
22500006,4.5,4,0.0035714285714285718,3.155357142857143
22500012,4.5,4,0.0035714285714285718,3.155357142857143
22500013,4.2,5,0.004761904761904762,2.947142857142857
22500029,4.0,2,0.0011904761904761906,2.8017857142857143
22500048,4.5,4,0.0035714285714285718,3.155357142857143
22500050,4.0,6,0.005952380952380953,2.8089285714285714
22500051,4.333333333333333,3,0.002380952380952381,3.0369047619047613
22500052,5.0,2,0.0011904761904761906,3.5017857142857145
22500059,5.0,1,0.0,3.5
22500066,3.3333333333333335,6,0.005952380952380953,2.342261904761905
22500069,4.0,2,0.0011904761904761906,2.8017857142857143
22500070,5.0,3,0.002380952380952381,3.5035714285714286
22500101,4.0,2,0.0011904761904761906,2.8017857142857143
22500103,4.0,2,0.0011904761904761906,2.8017857142857143
22500132,4.5,4,0.0035714285714285718,3.155357142857143
22500171,4.0,2,0.0011904761904761906,2.8017857142857143
22500228,4.5,8,0.008333333333333335,3.1625
22500259,3.6666666666666665,3,0.002380952380952381,2.570238095238095
22500261,4.5,4,0.0035714285714285718,3.155357142857143
22500265,4.2,5,0.004761904761904762,2.947142857142857
22500276,3.6666666666666665,6,0.005952380952380953,2.575595238095238
22600025,3.0,4,0.0035714285714285718,2.1053571428571427
22600026,4.0,4,0.0035714285714285718,2.805357142857143
22600045,3.0,1,0.0,2.0999999999999996
22600072,3.0,1,0.0,2.0999999999999996
22600078,5.0,1,0.0,3.5
22700005,4.333333333333333,3,0.002380952380952381,3.0369047619047613
22700006,3.0,1,0.0,2.0999999999999996
22700007,5.0,3,0.002380952380952381,3.5035714285714286
22700008,4.0,2,0.0011904761904761906,2.8017857142857143
22700044,4.111111111111111,9,0.009523809523809525,2.8920634920634916
22700065,5.0,1,0.0,3.5
22700067,4.0,2,0.0011904761904761906,2.8017857142857143
22700068,3.75,16,0.01785714285714286,2.6517857142857144
22700069,4.0,2,0.0011904761904761906,2.8017857142857143
22700075,4.0,2,0.0011904761904761906,2.8017857142857143
22700077,5.0,1,0.0,3.5
22700078,4.6,5,0.004761904761904762,3.227142857142857
22700079,5.0,1,0.0,3.5
22700081,5.0,1,0.0,3.5
22700084,4.0,10,0.010714285714285714,2.8160714285714286
22700088,5.0,1,0.0,3.5
22700094,4.0,2,0.0011904761904761906,2.8017857142857143
22700127,4.2727272727272725,11,0.011904761904761908,3.0087662337662335
22700128,3.9411764705882355,17,0.01904761904761905,2.787394957983193
22700129,4.2,20,0.022619047619047622,2.9739285714285715
22700131,3.0,1,0.0,2.0999999999999996
22700193,3.4,5,0.004761904761904762,2.387142857142857
22700196,3.0,1,0.0,2.0999999999999996
22700202,4.6,5,0.004761904761904762,3.227142857142857
22700207,3.0,1,0.0,2.0999999999999996
22700208,4.5,4,0.0035714285714285718,3.155357142857143
22700323,4.333333333333333,3,0.002380952380952381,3.0369047619047613
22700324,4.0,2,0.0011904761904761906,2.8017857142857143
22700369,5.0,1,0.0,3.5
22700422,3.6666666666666665,3,0.002380952380952381,2.570238095238095
22700423,3.0,1,0.0,2.0999999999999996
22700435,3.0,3,0.002380952380952381,2.103571428571428
22700464,4.5,4,0.0035714285714285718,3.155357142857143
22700466,4.0,2,0.0011904761904761906,2.8017857142857143
22700468,5.0,1,0.0,3.5
22700524,5.0,2,0.0011904761904761906,3.5017857142857145
22700528,5.0,4,0.0035714285714285718,3.505357142857143
22700532,3.0,2,0.0011904761904761906,2.101785714285714
22700679,3.8,5,0.004761904761904762,2.667142857142857
22700680,4.333333333333333,3,0.002380952380952381,3.0369047619047613
22700681,5.0,2,0.0011904761904761906,3.5017857142857145
22700720,3.0,1,0.0,2.0999999999999996
22700755,3.6666666666666665,3,0.002380952380952381,2.570238095238095
22700758,5.0,1,0.0,3.5
22700799,5.0,2,0.0011904761904761906,3.5017857142857145
22700800,5.0,1,0.0,3.5
22700807,5.0,1,0.0,3.5
22700842,3.0,2,0.0011904761904761906,2.101785714285714
22700852,3.0,1,0.0,2.0999999999999996
22700865,3.6666666666666665,3,0.002380952380952381,2.570238095238095
22700908,4.0,2,0.0011904761904761906,2.8017857142857143
22700940,4.0,2,0.0011904761904761906,2.8017857142857143
22700943,5.0,2,0.0011904761904761906,3.5017857142857145
22700956,4.0,2,0.0011904761904761906,2.8017857142857143
22700961,5.0,1,0.0,3.5
22700963,4.384615384615385,13,0.014285714285714287,3.090659340659341
22700964,3.8,5,0.004761904761904762,2.667142857142857
22700965,3.0,1,0.0,2.0999999999999996
22800007,5.0,1,0.0,3.5
22800033,3.0,1,0.0,2.0999999999999996
22800035,4.0,2,0.0011904761904761906,2.8017857142857143
22800089,3.6666666666666665,3,0.002380952380952381,2.570238095238095
22800104,3.6666666666666665,9,0.009523809523809525,2.5809523809523807
22900004,5.0,2,0.0011904761904761906,3.5017857142857145
22900006,5.0,1,0.0,3.5
22900008,5.0,2,0.0011904761904761906,3.5017857142857145
22900287,5.0,2,0.0011904761904761906,3.5017857142857145
22900288,4.0,2,0.0011904761904761906,2.8017857142857143
23000065,3.0,2,0.0011904761904761906,2.101785714285714
23000067,3.5,4,0.0035714285714285718,2.455357142857143
23000075,3.0,1,0.0,2.0999999999999996
23000161,4.0,2,0.0011904761904761906,2.8017857142857143
23000169,5.0,2,0.0011904761904761906,3.5017857142857145
23000214,5.0,1,0.0,3.5
23000282,3.0,3,0.002380952380952381,2.103571428571428
23000287,3.0,2,0.0011904761904761906,2.101785714285714
23200171,5.0,1,0.0,3.5
23200179,3.0,1,0.0,2.0999999999999996
23200205,3.0,2,0.0011904761904761906,2.101785714285714
23200350,5.0,2,0.0011904761904761906,3.5017857142857145
23300135,3.0,1,0.0,2.0999999999999996
23300392,4.0,2,0.0011904761904761906,2.8017857142857143
23300450,5.0,2,0.0011904761904761906,3.5017857142857145
23700075,5.0,2,0.0011904761904761906,3.5017857142857145
23700150,3.0,1,0.0,2.0999999999999996
24100249,3.0,1,0.0,2.0999999999999996
24100266,4.0,2,0.0011904761904761906,2.8017857142857143
24100273,5.0,2,0.0011904761904761906,3.5017857142857145
24100293,4.0,2,0.0011904761904761906,2.8017857142857143
24100555,3.0,1,0.0,2.0999999999999996
24300150,3.6666666666666665,3,0.002380952380952381,2.570238095238095
24400172,4.0,2,0.0011904761904761906,2.8017857142857143
24400173,5.0,1,0.0,3.5
24400319,3.0,1,0.0,2.0999999999999996
24400436,3.5,4,0.0035714285714285718,2.455357142857143
24400437,3.0,1,0.0,2.0999999999999996
24400438,5.0,1,0.0,3.5
24400518,5.0,2,0.0011904761904761906,3.5017857142857145
24601524,3.0,1,0.0,2.0999999999999996
24900164,3.6666666666666665,3,0.002380952380952381,2.570238095238095
24900175,5.0,1,0.0,3.5
25001467,4.666666666666667,6,0.005952380952380953,3.2755952380952382
25200003,3.0,2,0.0011904761904761906,2.101785714285714
25200004,3.0,1,0.0,2.0999999999999996
25200032,4.0,2,0.0011904761904761906,2.8017857142857143
25200039,5.0,1,0.0,3.5
25200057,5.0,1,0.0,3.5
25200058,4.0,2,0.0011904761904761906,2.8017857142857143
25200101,5.0,1,0.0,3.5
25200103,3.0,1,0.0,2.0999999999999996
25200107,3.0,1,0.0,2.0999999999999996
25200109,3.0,1,0.0,2.0999999999999996
25200129,5.0,1,0.0,3.5
25200176,5.0,1,0.0,3.5
25200188,5.0,1,0.0,3.5
25200369,4.333333333333333,3,0.002380952380952381,3.0369047619047613
25400105,3.0,2,0.0011904761904761906,2.101785714285714
25400109,3.0,1,0.0,2.0999999999999996
25600037,3.0,1,0.0,2.0999999999999996
25700167,3.0,1,0.0,2.0999999999999996
25800001,3.0,1,0.0,2.0999999999999996
25800005,3.8,5,0.004761904761904762,2.667142857142857
25800006,3.0,1,0.0,2.0999999999999996
25800007,4.0,6,0.005952380952380953,2.8089285714285714
25800016,3.0,1,0.0,2.0999999999999996
25900012,5.0,1,0.0,3.5
25900014,5.0,1,0.0,3.5
25900021,3.0,1,0.0,2.0999999999999996
25900023,5.0,2,0.0011904761904761906,3.5017857142857145
25900025,5.0,1,0.0,3.5
26000070,5.0,3,0.002380952380952381,3.5035714285714286
26000077,4.0,2,0.0011904761904761906,2.8017857142857143
26000108,5.0,1,0.0,3.5
26000152,3.5,4,0.0035714285714285718,2.455357142857143
26000154,3.6666666666666665,6,0.005952380952380953,2.575595238095238
26000158,5.0,3,0.002380952380952381,3.5035714285714286
26000164,5.0,1,0.0,3.5
26000199,5.0,2,0.0011904761904761906,3.5017857142857145
26000209,4.0,4,0.0035714285714285718,2.805357142857143
26000276,3.8333333333333335,12,0.013095238095238097,2.7029761904761904
26000317,3.0,2,0.0011904761904761906,2.101785714285714
26000381,3.0,3,0.002380952380952381,2.103571428571428
26000389,3.5,4,0.0035714285714285718,2.455357142857143
26000804,4.333333333333333,3,0.002380952380952381,3.0369047619047613
26000932,5.0,1,0.0,3.5
26001044,3.0,1,0.0,2.0999999999999996
26001114,5.0,1,0.0,3.5
26001175,5.0,1,0.0,3.5
26001187,3.6666666666666665,3,0.002380952380952381,2.570238095238095
26001565,5.0,1,0.0,3.5
26002536,5.0,1,0.0,3.5
26003932,4.0,2,0.0011904761904761906,2.8017857142857143
26004121,5.0,1,0.0,3.5
26004547,4.0,2,0.0011904761904761906,2.8017857142857143
26004641,3.0,1,0.0,2.0999999999999996
26006065,3.0,1,0.0,2.0999999999999996
26006072,3.0,5,0.004761904761904762,2.1071428571428568
26006078,5.0,1,0.0,3.5
26006082,5.0,1,0.0,3.5
26006223,5.0,1,0.0,3.5
26006274,5.0,2,0.0011904761904761906,3.5017857142857145
26006290,4.0,2,0.0011904761904761906,2.8017857142857143
26006859,5.0,1,0.0,3.5
26007111,5.0,1,0.0,3.5
26007113,5.0,2,0.0011904761904761906,3.5017857142857145
26007338,5.0,1,0.0,3.5
26008243,5.0,1,0.0,3.5
26008426,3.0,1,0.0,2.0999999999999996
26009194,4.0,2,0.0011904761904761906,2.8017857142857143
26009347,4.0,2,0.0011904761904761906,2.8017857142857143
26009520,5.0,1,0.0,3.5
26009813,5.0,1,0.0,3.5
26010222,3.0,1,0.0,2.0999999999999996
26010323,3.5714285714285716,7,0.007142857142857144,2.5107142857142857
26010324,4.5,4,0.0035714285714285718,3.155357142857143
26011521,3.0,1,0.0,2.0999999999999996
26011622,3.8,5,0.004761904761904762,2.667142857142857
26011741,5.0,1,0.0,3.5
26011863,4.0,2,0.0011904761904761906,2.8017857142857143
26011910,3.0,1,0.0,2.0999999999999996
26011921,3.0,1,0.0,2.0999999999999996
26011925,3.0,1,0.0,2.0999999999999996
26011928,3.0,1,0.0,2.0999999999999996
26012048,4.0,4,0.0035714285714285718,2.805357142857143
26012317,4.2,5,0.004761904761904762,2.947142857142857
26012602,5.0,1,0.0,3.5
26012682,4.25,8,0.008333333333333335,2.9875
26012957,3.0,1,0.0,2.0999999999999996
26013388,4.333333333333333,3,0.002380952380952381,3.0369047619047613
26013477,5.0,2,0.0011904761904761906,3.5017857142857145
26013710,5.0,2,0.0011904761904761906,3.5017857142857145
26013713,3.0,1,0.0,2.0999999999999996
26013714,3.0,2,0.0011904761904761906,2.101785714285714
26013722,4.0,2,0.0011904761904761906,2.8017857142857143
26013787,5.0,1,0.0,3.5
26013901,3.0,1,0.0,2.0999999999999996
26014435,4.0,2,0.0011904761904761906,2.8017857142857143
26014947,5.0,2,0.0011904761904761906,3.5017857142857145
26014959,5.0,4,0.0035714285714285718,3.505357142857143
26015060,5.0,1,0.0,3.5
26015068,5.0,1,0.0,3.5
26015116,3.0,1,0.0,2.0999999999999996
26015263,5.0,1,0.0,3.5
26015603,3.0,1,0.0,2.0999999999999996
26015767,5.0,1,0.0,3.5
26015847,5.0,2,0.0011904761904761906,3.5017857142857145
26016590,5.0,1,0.0,3.5
26016591,5.0,1,0.0,3.5
26016594,4.368421052631579,19,0.021428571428571432,3.090037593984962
26016675,4.0,30,0.034523809523809526,2.851785714285714
26017849,3.6666666666666665,3,0.002380952380952381,2.570238095238095
26018219,3.0,1,0.0,2.0999999999999996
26018272,5.0,3,0.002380952380952381,3.5035714285714286
26018573,5.0,4,0.0035714285714285718,3.505357142857143
26018695,5.0,1,0.0,3.5
26019461,5.0,3,0.002380952380952381,3.5035714285714286
26019507,5.0,1,0.0,3.5
26020862,3.0,1,0.0,2.0999999999999996
26022760,5.0,1,0.0,3.5
26023059,4.0,2,0.0011904761904761906,2.8017857142857143
26023882,5.0,1,0.0,3.5
26023902,3.0,1,0.0,2.0999999999999996
26024747,5.0,2,0.0011904761904761906,3.5017857142857145
26024847,3.0,1,0.0,2.0999999999999996
26024918,5.0,1,0.0,3.5
26024928,5.0,2,0.0011904761904761906,3.5017857142857145
26024935,3.0,1,0.0,2.0999999999999996
26025208,5.0,2,0.0011904761904761906,3.5017857142857145
26025360,5.0,2,0.0011904761904761906,3.5017857142857145
26025572,5.0,5,0.004761904761904762,3.507142857142857
26025726,3.0,1,0.0,2.0999999999999996
26025964,5.0,1,0.0,3.5
26026567,5.0,2,0.0011904761904761906,3.5017857142857145
26027248,4.0,2,0.0011904761904761906,2.8017857142857143
26027589,4.0,2,0.0011904761904761906,2.8017857142857143
26027829,4.333333333333333,3,0.002380952380952381,3.0369047619047613
26200034,3.0,1,0.0,2.0999999999999996
26200039,3.8333333333333335,12,0.013095238095238097,2.7029761904761904
26200049,4.2,5,0.004761904761904762,2.947142857142857
26200083,5.0,1,0.0,3.5
26200105,5.0,1,0.0,3.5
26200139,4.333333333333333,3,0.002380952380952381,3.0369047619047613
26200149,5.0,2,0.0011904761904761906,3.5017857142857145
26200156,4.333333333333333,3,0.002380952380952381,3.0369047619047613
26200291,4.5,4,0.0035714285714285718,3.155357142857143
26200347,5.0,2,0.0011904761904761906,3.5017857142857145
26200475,4.6,5,0.004761904761904762,3.227142857142857
26200503,5.0,3,0.002380952380952381,3.5035714285714286
26200594,4.333333333333333,3,0.002380952380952381,3.0369047619047613
26200717,5.0,2,0.0011904761904761906,3.5017857142857145
26200952,5.0,4,0.0035714285714285718,3.505357142857143
26200965,4.0,2,0.0011904761904761906,2.8017857142857143
26200981,5.0,2,0.0011904761904761906,3.5017857142857145
26201070,4.333333333333333,3,0.002380952380952381,3.0369047619047613
26201071,3.0,1,0.0,2.0999999999999996
26201110,5.0,2,0.0011904761904761906,3.5017857142857145
26201130,4.714285714285714,7,0.007142857142857144,3.3107142857142855
26201145,4.571428571428571,14,0.01547619047619048,3.2232142857142856
26201154,4.0,2,0.0011904761904761906,2.8017857142857143
26201190,5.0,1,0.0,3.5
26201216,4.6,5,0.004761904761904762,3.227142857142857
26201240,5.0,1,0.0,3.5
26201241,5.0,1,0.0,3.5
26201252,5.0,1,0.0,3.5
26201838,4.0,2,0.0011904761904761906,2.8017857142857143
26202802,5.0,1,0.0,3.5
26202870,4.5,4,0.0035714285714285718,3.155357142857143
26202874,5.0,1,0.0,3.5
26203252,5.0,1,0.0,3.5
26203295,5.0,3,0.002380952380952381,3.5035714285714286
26203369,3.0,4,0.0035714285714285718,2.1053571428571427
26203370,5.0,1,0.0,3.5
26203560,4.0,2,0.0011904761904761906,2.8017857142857143
26203576,5.0,2,0.0011904761904761906,3.5017857142857145
26203605,5.0,1,0.0,3.5
26203759,5.0,1,0.0,3.5
26203790,5.0,1,0.0,3.5
26203804,5.0,2,0.0011904761904761906,3.5017857142857145
26203845,4.5,4,0.0035714285714285718,3.155357142857143
26203918,4.0,4,0.0035714285714285718,2.805357142857143
26204056,5.0,1,0.0,3.5
26204081,5.0,1,0.0,3.5
26204135,5.0,1,0.0,3.5
26204303,5.0,1,0.0,3.5
26204306,3.0,1,0.0,2.0999999999999996
26204342,4.111111111111111,9,0.009523809523809525,2.8920634920634916
26204431,5.0,1,0.0,3.5
26205099,3.0,2,0.0011904761904761906,2.101785714285714
26205145,4.0,2,0.0011904761904761906,2.8017857142857143
26205246,5.0,1,0.0,3.5
26205263,5.0,1,0.0,3.5
26205282,4.0,4,0.0035714285714285718,2.805357142857143
26205283,4.2,5,0.004761904761904762,2.947142857142857
26205298,5.0,1,0.0,3.5
26205299,3.0,1,0.0,2.0999999999999996
26205306,5.0,4,0.0035714285714285718,3.505357142857143
26205307,3.0,2,0.0011904761904761906,2.101785714285714
26205308,5.0,2,0.0011904761904761906,3.5017857142857145
26205325,5.0,1,0.0,3.5
26205340,5.0,1,0.0,3.5
26205342,5.0,3,0.002380952380952381,3.5035714285714286
26205343,3.0,1,0.0,2.0999999999999996
26205359,5.0,3,0.002380952380952381,3.5035714285714286
26205361,3.0,1,0.0,2.0999999999999996
26205371,4.0,2,0.0011904761904761906,2.8017857142857143
26205377,3.0,1,0.0,2.0999999999999996
26205385,4.0,2,0.0011904761904761906,2.8017857142857143
26205389,5.0,1,0.0,3.5
26205398,5.0,2,0.0011904761904761906,3.5017857142857145
26205399,4.428571428571429,7,0.007142857142857144,3.1107142857142858
26205408,5.0,1,0.0,3.5
26205629,5.0,1,0.0,3.5
26205742,3.0,1,0.0,2.0999999999999996
26205846,5.0,3,0.002380952380952381,3.5035714285714286
26205862,5.0,1,0.0,3.5
26205875,4.0,2,0.0011904761904761906,2.8017857142857143
26206154,5.0,1,0.0,3.5
26206158,3.5,4,0.0035714285714285718,2.455357142857143
26300075,4.0,4,0.0035714285714285718,2.805357142857143
26300076,4.2,10,0.010714285714285714,2.9560714285714287
26300077,3.0,1,0.0,2.0999999999999996
26300078,4.333333333333333,9,0.009523809523809525,3.047619047619047
26300079,4.0,2,0.0011904761904761906,2.8017857142857143
26300080,5.0,5,0.004761904761904762,3.507142857142857
26300081,4.333333333333333,3,0.002380952380952381,3.0369047619047613
26300082,5.0,1,0.0,3.5
26300083,4.0,2,0.0011904761904761906,2.8017857142857143
26300084,4.285714285714286,14,0.01547619047619048,3.0232142857142854
26300086,5.0,1,0.0,3.5
26300088,4.142857142857143,7,0.007142857142857144,2.9107142857142856
26300089,4.818181818181818,11,0.011904761904761908,3.3905844155844154
26300090,4.666666666666667,6,0.005952380952380953,3.2755952380952382
26300091,4.333333333333333,3,0.002380952380952381,3.0369047619047613
26300092,5.0,1,0.0,3.5
26300093,5.0,1,0.0,3.5
26300100,5.0,2,0.0011904761904761906,3.5017857142857145
26300101,4.75,8,0.008333333333333335,3.3375
26300102,5.0,4,0.0035714285714285718,3.505357142857143
26300108,4.5,8,0.008333333333333335,3.1625
26300187,5.0,1,0.0,3.5
26300188,4.555555555555555,18,0.02023809523809524,3.2192460317460316
26300194,4.0,2,0.0011904761904761906,2.8017857142857143
26300353,5.0,2,0.0011904761904761906,3.5017857142857145
26300354,4.333333333333333,3,0.002380952380952381,3.0369047619047613
26300355,4.0,2,0.0011904761904761906,2.8017857142857143
26300356,5.0,2,0.0011904761904761906,3.5017857142857145
26300464,4.0,2,0.0011904761904761906,2.8017857142857143
26300485,3.0,1,0.0,2.0999999999999996
26300631,5.0,2,0.0011904761904761906,3.5017857142857145
26300662,3.0,1,0.0,2.0999999999999996
26300736,5.0,3,0.002380952380952381,3.5035714285714286
26300742,3.0,1,0.0,2.0999999999999996
26400175,4.0,2,0.0011904761904761906,2.8017857142857143
26400176,4.0,2,0.0011904761904761906,2.8017857142857143
26400184,4.333333333333333,3,0.002380952380952381,3.0369047619047613
26400190,5.0,2,0.0011904761904761906,3.5017857142857145
26400193,5.0,1,0.0,3.5
26400201,4.0,4,0.0035714285714285718,2.805357142857143
26400224,5.0,1,0.0,3.5
26400248,5.0,1,0.0,3.5
26400250,5.0,1,0.0,3.5
26400266,5.0,2,0.0011904761904761906,3.5017857142857145
26400270,4.0,2,0.0011904761904761906,2.8017857142857143
26400271,5.0,1,0.0,3.5
26400277,4.5,12,0.013095238095238097,3.169642857142857
26400283,3.0,1,0.0,2.0999999999999996
26400286,4.0,2,0.0011904761904761906,2.8017857142857143
26400287,5.0,1,0.0,3.5
26400289,5.0,2,0.0011904761904761906,3.5017857142857145
26400292,3.5,4,0.0035714285714285718,2.455357142857143
26400295,4.5,16,0.01785714285714286,3.1767857142857143
26400297,4.2,10,0.010714285714285714,2.9560714285714287
26400298,4.0,8,0.008333333333333335,2.8125
26400299,4.411764705882353,34,0.039285714285714285,3.1471638655462186
26400301,4.333333333333333,3,0.002380952380952381,3.0369047619047613
26400304,5.0,2,0.0011904761904761906,3.5017857142857145
26400313,4.5,4,0.0035714285714285718,3.155357142857143
26400322,5.0,1,0.0,3.5
26400328,4.0,2,0.0011904761904761906,2.8017857142857143
26400362,5.0,1,0.0,3.5
26400375,3.6666666666666665,3,0.002380952380952381,2.570238095238095
26400376,3.0,1,0.0,2.0999999999999996
26400391,4.333333333333333,6,0.005952380952380953,3.0422619047619044
26400477,5.0,2,0.0011904761904761906,3.5017857142857145
26400523,5.0,1,0.0,3.5
26400548,4.6,5,0.004761904761904762,3.227142857142857
26400580,4.333333333333333,3,0.002380952380952381,3.0369047619047613
26400581,5.0,2,0.0011904761904761906,3.5017857142857145
26400627,5.0,2,0.0011904761904761906,3.5017857142857145
26400629,4.0,4,0.0035714285714285718,2.805357142857143
26400639,5.0,3,0.002380952380952381,3.5035714285714286
26400640,5.0,1,0.0,3.5
26400644,4.5,4,0.0035714285714285718,3.155357142857143
26400648,5.0,1,0.0,3.5
26400649,3.0,2,0.0011904761904761906,2.101785714285714
26400651,4.666666666666667,6,0.005952380952380953,3.2755952380952382
26400666,5.0,3,0.002380952380952381,3.5035714285714286
26400672,4.0,2,0.0011904761904761906,2.8017857142857143
26400676,3.0,1,0.0,2.0999999999999996
26400686,4.333333333333333,3,0.002380952380952381,3.0369047619047613
26400753,3.0,1,0.0,2.0999999999999996
26401023,5.0,1,0.0,3.5
26401027,3.0,1,0.0,2.0999999999999996
26401410,4.6,5,0.004761904761904762,3.227142857142857
26401465,5.0,1,0.0,3.5
26401629,5.0,4,0.0035714285714285718,3.505357142857143
26401636,5.0,1,0.0,3.5
26401637,4.666666666666667,6,0.005952380952380953,3.2755952380952382
26401638,3.0,2,0.0011904761904761906,2.101785714285714
26402195,4.0,4,0.0035714285714285718,2.805357142857143
26402263,3.5,4,0.0035714285714285718,2.455357142857143
26402266,3.6666666666666665,3,0.002380952380952381,2.570238095238095
26402267,5.0,1,0.0,3.5
26402269,5.0,1,0.0,3.5
26402365,3.6666666666666665,3,0.002380952380952381,2.570238095238095
26402382,5.0,1,0.0,3.5
26402784,4.0,2,0.0011904761904761906,2.8017857142857143
26402795,5.0,5,0.004761904761904762,3.507142857142857
26402981,5.0,2,0.0011904761904761906,3.5017857142857145
26403193,4.0,4,0.0035714285714285718,2.805357142857143
26403209,3.0,1,0.0,2.0999999999999996
26403215,5.0,1,0.0,3.5
26403216,3.5,4,0.0035714285714285718,2.455357142857143
26403241,5.0,2,0.0011904761904761906,3.5017857142857145
26403247,5.0,2,0.0011904761904761906,3.5017857142857145
26403270,5.0,3,0.002380952380952381,3.5035714285714286
26403299,5.0,1,0.0,3.5
26403315,5.0,1,0.0,3.5
26403344,5.0,1,0.0,3.5
26403352,5.0,2,0.0011904761904761906,3.5017857142857145
26403389,3.0,1,0.0,2.0999999999999996
26403438,3.0,1,0.0,2.0999999999999996
26403519,4.0,4,0.0035714285714285718,2.805357142857143
26403545,5.0,1,0.0,3.5
26404128,5.0,1,0.0,3.5
26404398,5.0,1,0.0,3.5
26404600,5.0,1,0.0,3.5
26404601,3.0,1,0.0,2.0999999999999996
26404604,4.333333333333333,3,0.002380952380952381,3.0369047619047613
26404608,4.333333333333333,3,0.002380952380952381,3.0369047619047613
26404624,5.0,1,0.0,3.5
26404685,5.0,1,0.0,3.5
26404933,3.0,1,0.0,2.0999999999999996
26500123,4.666666666666667,6,0.005952380952380953,3.2755952380952382
26500126,5.0,3,0.002380952380952381,3.5035714285714286
26500134,4.0,6,0.005952380952380953,2.8089285714285714
26500135,4.333333333333333,3,0.002380952380952381,3.0369047619047613
26500139,5.0,4,0.0035714285714285718,3.505357142857143
26500146,3.0,1,0.0,2.0999999999999996
26500148,4.333333333333333,3,0.002380952380952381,3.0369047619047613
26500149,5.0,2,0.0011904761904761906,3.5017857142857145
26500318,5.0,1,0.0,3.5
26800003,4.0,2,0.0011904761904761906,2.8017857142857143
26800007,3.5,4,0.0035714285714285718,2.455357142857143
26800011,5.0,1,0.0,3.5
26800012,3.5,8,0.008333333333333335,2.4625
26800013,3.0,3,0.002380952380952381,2.103571428571428
26800016,3.0,1,0.0,2.0999999999999996
26800025,3.6,10,0.010714285714285714,2.5360714285714288
26800026,3.6666666666666665,3,0.002380952380952381,2.570238095238095
26800027,4.0,2,0.0011904761904761906,2.8017857142857143
26800033,5.0,1,0.0,3.5
26800036,5.0,3,0.002380952380952381,3.5035714285714286
26800040,4.6,5,0.004761904761904762,3.227142857142857
26800043,4.0,4,0.0035714285714285718,2.805357142857143
26800073,4.333333333333333,3,0.002380952380952381,3.0369047619047613
26800074,3.7142857142857144,14,0.01547619047619048,2.623214285714286
26800075,3.0,3,0.002380952380952381,2.103571428571428
26800078,3.4,5,0.004761904761904762,2.387142857142857
26800084,5.0,1,0.0,3.5
26800085,3.5454545454545454,11,0.011904761904761908,2.4996753246753243
26900008,3.0,1,0.0,2.0999999999999996
26900017,4.0,2,0.0011904761904761906,2.8017857142857143
26900021,3.0,1,0.0,2.0999999999999996
26900028,3.0,1,0.0,2.0999999999999996
26900046,3.0,2,0.0011904761904761906,2.101785714285714
26900051,3.0,2,0.0011904761904761906,2.101785714285714
26900056,3.0,1,0.0,2.0999999999999996
26900061,3.0,1,0.0,2.0999999999999996
26900065,3.0,2,0.0011904761904761906,2.101785714285714
26900066,3.6666666666666665,3,0.002380952380952381,2.570238095238095
26900074,3.0,2,0.0011904761904761906,2.101785714285714
26900076,4.0,2,0.0011904761904761906,2.8017857142857143
26900077,3.6666666666666665,15,0.01666666666666667,2.5916666666666663
26900079,4.0,2,0.0011904761904761906,2.8017857142857143
26900081,5.0,2,0.0011904761904761906,3.5017857142857145
26900089,3.6666666666666665,3,0.002380952380952381,2.570238095238095
26900092,4.333333333333333,3,0.002380952380952381,3.0369047619047613
26900093,3.0,1,0.0,2.0999999999999996
26900095,3.0,1,0.0,2.0999999999999996
27000009,5.0,1,0.0,3.5
27000024,4.0,2,0.0011904761904761906,2.8017857142857143
27000025,4.0,2,0.0011904761904761906,2.8017857142857143
27000040,3.5,4,0.0035714285714285718,2.455357142857143
27000041,4.0,2,0.0011904761904761906,2.8017857142857143
27000042,4.0,2,0.0011904761904761906,2.8017857142857143
27200624,5.0,1,0.0,3.5
27200634,5.0,1,0.0,3.5
27200636,5.0,1,0.0,3.5
27201664,4.0,2,0.0011904761904761906,2.8017857142857143
27201861,5.0,1,0.0,3.5
27201867,3.0,1,0.0,2.0999999999999996
27400004,5.0,1,0.0,3.5
27400032,5.0,1,0.0,3.5
27400035,3.0,3,0.002380952380952381,2.103571428571428
27400037,5.0,1,0.0,3.5
27400067,5.0,2,0.0011904761904761906,3.5017857142857145
27400069,4.0,2,0.0011904761904761906,2.8017857142857143
27500001,4.666666666666667,6,0.005952380952380953,3.2755952380952382
27500008,4.0,2,0.0011904761904761906,2.8017857142857143
27500009,4.333333333333333,6,0.005952380952380953,3.0422619047619044
27500011,3.6666666666666665,3,0.002380952380952381,2.570238095238095
27500014,5.0,2,0.0011904761904761906,3.5017857142857145
27500015,5.0,1,0.0,3.5
27600001,3.0,1,0.0,2.0999999999999996
27600024,3.0,1,0.0,2.0999999999999996
27600025,3.0,1,0.0,2.0999999999999996
27600027,4.0,4,0.0035714285714285718,2.805357142857143
27600063,4.333333333333333,3,0.002380952380952381,3.0369047619047613
27600064,5.0,1,0.0,3.5
27600066,3.0,2,0.0011904761904761906,2.101785714285714
27600077,3.4,5,0.004761904761904762,2.387142857142857
27600079,5.0,2,0.0011904761904761906,3.5017857142857145
27600080,4.0,4,0.0035714285714285718,2.805357142857143
27600165,3.0,1,0.0,2.0999999999999996
27600172,5.0,1,0.0,3.5
27600212,3.0,2,0.0011904761904761906,2.101785714285714
27600248,5.0,2,0.0011904761904761906,3.5017857142857145
27600256,3.0,2,0.0011904761904761906,2.101785714285714
27600322,3.0,1,0.0,2.0999999999999996
27600363,3.0,1,0.0,2.0999999999999996
27600464,3.0,1,0.0,2.0999999999999996
27700024,4.0,2,0.0011904761904761906,2.8017857142857143
27700027,3.0,1,0.0,2.0999999999999996
27700127,3.0,1,0.0,2.0999999999999996
27700140,3.0,1,0.0,2.0999999999999996
27700153,5.0,2,0.0011904761904761906,3.5017857142857145
27700155,5.0,1,0.0,3.5
27700699,5.0,3,0.002380952380952381,3.5035714285714286
27700710,3.0,2,0.0011904761904761906,2.101785714285714
27700722,3.0,1,0.0,2.0999999999999996
27800054,3.0,2,0.0011904761904761906,2.101785714285714
27800069,3.0,2,0.0011904761904761906,2.101785714285714
27800083,5.0,2,0.0011904761904761906,3.5017857142857145
27800106,3.0,1,0.0,2.0999999999999996
27800174,3.6666666666666665,3,0.002380952380952381,2.570238095238095
27900003,4.2,5,0.004761904761904762,2.947142857142857
27900004,4.0,2,0.0011904761904761906,2.8017857142857143
27900005,4.0,2,0.0011904761904761906,2.8017857142857143
27900013,3.0,1,0.0,2.0999999999999996
27900019,4.0,4,0.0035714285714285718,2.805357142857143
27900026,3.727272727272727,11,0.011904761904761908,2.6269480519480517
27900032,3.8,5,0.004761904761904762,2.667142857142857
27900034,3.3636363636363638,11,0.011904761904761908,2.3724025974025973
27900037,4.6,5,0.004761904761904762,3.227142857142857
27900038,3.888888888888889,9,0.009523809523809525,2.736507936507936
27900054,5.0,2,0.0011904761904761906,3.5017857142857145
27900056,3.0,2,0.0011904761904761906,2.101785714285714
27900058,3.0,1,0.0,2.0999999999999996
27900064,3.0,1,0.0,2.0999999999999996
27900070,3.0,3,0.002380952380952381,2.103571428571428
27900071,3.0,1,0.0,2.0999999999999996
27900072,5.0,1,0.0,3.5
27900079,3.0,1,0.0,2.0999999999999996
28101828,4.0,2,0.0011904761904761906,2.8017857142857143
28300820,5.0,1,0.0,3.5
28600032,5.0,1,0.0,3.5
28600033,5.0,2,0.0011904761904761906,3.5017857142857145
28705000,3.0,2,0.0011904761904761906,2.101785714285714
28705515,3.0,1,0.0,2.0999999999999996
28707876,5.0,1,0.0,3.5
28708545,3.0,1,0.0,2.0999999999999996
28708749,3.0,1,0.0,2.0999999999999996
28709891,3.0,1,0.0,2.0999999999999996
28710318,4.0,2,0.0011904761904761906,2.8017857142857143
28710801,3.6666666666666665,3,0.002380952380952381,2.570238095238095
28713530,3.0,1,0.0,2.0999999999999996
28713674,5.0,1,0.0,3.5
28713836,4.0,2,0.0011904761904761906,2.8017857142857143
28714079,3.0,2,0.0011904761904761906,2.101785714285714
28714158,4.0,2,0.0011904761904761906,2.8017857142857143
28714293,4.0,4,0.0035714285714285718,2.805357142857143
28714318,4.0,2,0.0011904761904761906,2.8017857142857143
28714323,3.6666666666666665,3,0.002380952380952381,2.570238095238095
28714328,4.0,2,0.0011904761904761906,2.8017857142857143
28715588,5.0,1,0.0,3.5
28715607,5.0,1,0.0,3.5
28715710,4.0,2,0.0011904761904761906,2.8017857142857143
28715838,3.0,1,0.0,2.0999999999999996
28715839,5.0,1,0.0,3.5
28715840,3.0,1,0.0,2.0999999999999996
28716004,5.0,2,0.0011904761904761906,3.5017857142857145
28717600,3.0,1,0.0,2.0999999999999996
28717774,4.0,2,0.0011904761904761906,2.8017857142857143
28717815,5.0,1,0.0,3.5
28719314,5.0,2,0.0011904761904761906,3.5017857142857145
28720612,3.0,1,0.0,2.0999999999999996
28900001,5.0,1,0.0,3.5
29000019,5.0,1,0.0,3.5
29000024,4.0,2,0.0011904761904761906,2.8017857142857143
29100050,5.0,1,0.0,3.5
29100069,5.0,1,0.0,3.5
29100071,3.0,1,0.0,2.0999999999999996
29100074,4.0,4,0.0035714285714285718,2.805357142857143
29100090,4.333333333333333,3,0.002380952380952381,3.0369047619047613
29100100,5.0,1,0.0,3.5
29300551,5.0,1,0.0,3.5
29300559,3.0,1,0.0,2.0999999999999996
29500107,5.0,1,0.0,3.5
29501016,3.0,1,0.0,2.0999999999999996
29501031,5.0,2,0.0011904761904761906,3.5017857142857145
29501042,3.6666666666666665,3,0.002380952380952381,2.570238095238095
29501135,4.333333333333333,3,0.002380952380952381,3.0369047619047613
29501136,5.0,1,0.0,3.5
29501324,5.0,1,0.0,3.5
29501508,3.75,8,0.008333333333333335,2.6375
29501511,4.333333333333333,3,0.002380952380952381,3.0369047619047613
29501514,4.0,2,0.0011904761904761906,2.8017857142857143
29501517,5.0,2,0.0011904761904761906,3.5017857142857145
29501522,5.0,2,0.0011904761904761906,3.5017857142857145
29501813,4.666666666666667,6,0.005952380952380953,3.2755952380952382
29501864,5.0,1,0.0,3.5
29501917,5.0,1,0.0,3.5
29501976,5.0,1,0.0,3.5
29501977,5.0,1,0.0,3.5
29502109,5.0,1,0.0,3.5
29502131,3.0,1,0.0,2.0999999999999996
29502143,5.0,1,0.0,3.5
29502151,3.0,1,0.0,2.0999999999999996
29502166,5.0,1,0.0,3.5
29502182,5.0,3,0.002380952380952381,3.5035714285714286
29502246,5.0,1,0.0,3.5
29502269,3.0,1,0.0,2.0999999999999996
29502274,5.0,1,0.0,3.5
29502282,5.0,1,0.0,3.5
29502284,5.0,1,0.0,3.5
29502355,5.0,2,0.0011904761904761906,3.5017857142857145
29502381,5.0,3,0.002380952380952381,3.5035714285714286
29502395,5.0,1,0.0,3.5
29502397,5.0,1,0.0,3.5
29502492,3.0,1,0.0,2.0999999999999996
29502688,3.0,1,0.0,2.0999999999999996
29502761,4.333333333333333,3,0.002380952380952381,3.0369047619047613
29502933,5.0,1,0.0,3.5
29503001,5.0,1,0.0,3.5
29700027,4.0,2,0.0011904761904761906,2.8017857142857143
29900073,3.6666666666666665,3,0.002380952380952381,2.570238095238095
29900110,3.0,1,0.0,2.0999999999999996
30000001,3.923076923076923,13,0.014285714285714287,2.767582417582417
30000017,5.0,3,0.002380952380952381,3.5035714285714286
30000019,4.0,2,0.0011904761904761906,2.8017857142857143
30000048,4.333333333333333,12,0.013095238095238097,3.05297619047619
30000049,3.6666666666666665,3,0.002380952380952381,2.570238095238095
30000054,3.6666666666666665,3,0.002380952380952381,2.570238095238095
30000055,4.0,2,0.0011904761904761906,2.8017857142857143
30000059,5.0,1,0.0,3.5
30000068,5.0,1,0.0,3.5
30000069,5.0,1,0.0,3.5
30000070,3.0,1,0.0,2.0999999999999996
30000071,5.0,5,0.004761904761904762,3.507142857142857
30000074,4.0,2,0.0011904761904761906,2.8017857142857143
30000077,3.0,1,0.0,2.0999999999999996
30000080,4.2,5,0.004761904761904762,2.947142857142857
30000129,5.0,1,0.0,3.5
30000132,3.0,1,0.0,2.0999999999999996
30000171,3.0,1,0.0,2.0999999999999996
30000237,4.333333333333333,3,0.002380952380952381,3.0369047619047613
30000238,5.0,1,0.0,3.5
30000275,3.0,1,0.0,2.0999999999999996
30100008,3.0,1,0.0,2.0999999999999996
30100020,3.0,1,0.0,2.0999999999999996
30100023,5.0,1,0.0,3.5
30100027,3.0,1,0.0,2.0999999999999996
30100029,3.0,1,0.0,2.0999999999999996
30100030,5.0,4,0.0035714285714285718,3.505357142857143
30100031,3.0,1,0.0,2.0999999999999996
30100041,3.0,1,0.0,2.0999999999999996
30100057,5.0,1,0.0,3.5
30100059,5.0,1,0.0,3.5
30100074,5.0,1,0.0,3.5
30100092,5.0,1,0.0,3.5
30100129,3.0,1,0.0,2.0999999999999996
30100154,4.0,2,0.0011904761904761906,2.8017857142857143
30200000,5.0,1,0.0,3.5
30200001,4.5,4,0.0035714285714285718,3.155357142857143
30200002,4.333333333333333,9,0.009523809523809525,3.047619047619047
30200005,5.0,1,0.0,3.5
30300034,3.6666666666666665,3,0.002380952380952381,2.570238095238095
30400003,5.0,3,0.002380952380952381,3.5035714285714286
30400005,4.5,4,0.0035714285714285718,3.155357142857143
30400007,5.0,2,0.0011904761904761906,3.5017857142857145
30400009,3.0,1,0.0,2.0999999999999996
30400011,3.0,1,0.0,2.0999999999999996
30500002,5.0,2,0.0011904761904761906,3.5017857142857145
30500009,4.0,2,0.0011904761904761906,2.8017857142857143
30500017,5.0,1,0.0,3.5
30500022,4.0,2,0.0011904761904761906,2.8017857142857143
30500023,3.0,2,0.0011904761904761906,2.101785714285714
30500028,3.0,1,0.0,2.0999999999999996
30700017,3.0,3,0.002380952380952381,2.103571428571428
30900002,4.5,4,0.0035714285714285718,3.155357142857143
30900003,3.0,3,0.002380952380952381,2.103571428571428
30900132,3.0,1,0.0,2.0999999999999996
30900148,5.0,2,0.0011904761904761906,3.5017857142857145
30900584,3.6666666666666665,3,0.002380952380952381,2.570238095238095
30900644,3.6666666666666665,3,0.002380952380952381,2.570238095238095
30901033,4.2,5,0.004761904761904762,2.947142857142857
30901077,3.0,1,0.0,2.0999999999999996
30901096,3.0,2,0.0011904761904761906,2.101785714285714
30901101,3.6666666666666665,3,0.002380952380952381,2.570238095238095
31300087,4.0,2,0.0011904761904761906,2.8017857142857143
31401040,5.0,1,0.0,3.5
31401056,5.0,1,0.0,3.5
31500151,4.333333333333333,3,0.002380952380952381,3.0369047619047613
31500231,3.5,4,0.0035714285714285718,2.455357142857143
31501183,5.0,2,0.0011904761904761906,3.5017857142857145
31600614,5.0,1,0.0,3.5
31600637,3.0,1,0.0,2.0999999999999996
31600647,5.0,1,0.0,3.5
31600665,3.6666666666666665,3,0.002380952380952381,2.570238095238095
31700003,5.0,1,0.0,3.5
31700004,3.0,1,0.0,2.0999999999999996
31700005,3.0,1,0.0,2.0999999999999996
31700028,4.0,2,0.0011904761904761906,2.8017857142857143
31700039,5.0,1,0.0,3.5
31900025,4.0,6,0.005952380952380953,2.8089285714285714
31900026,4.0,8,0.008333333333333335,2.8125
31900055,5.0,1,0.0,3.5
31900061,5.0,1,0.0,3.5
31900076,4.2727272727272725,11,0.011904761904761908,3.0087662337662335
32400167,5.0,1,0.0,3.5
32400505,5.0,2,0.0011904761904761906,3.5017857142857145
32401777,3.0,1,0.0,2.0999999999999996
32401867,5.0,2,0.0011904761904761906,3.5017857142857145
32402148,4.333333333333333,3,0.002380952380952381,3.0369047619047613
32402971,3.0,2,0.0011904761904761906,2.101785714285714
32402993,5.0,1,0.0,3.5
32403453,3.0,1,0.0,2.0999999999999996
32403549,3.0,1,0.0,2.0999999999999996
32403680,4.0,2,0.0011904761904761906,2.8017857142857143
32403681,5.0,1,0.0,3.5
32403831,4.0,2,0.0011904761904761906,2.8017857142857143
32403948,3.0,2,0.0011904761904761906,2.101785714285714
32800211,5.0,1,0.0,3.5
32800279,5.0,1,0.0,3.5
32800831,5.0,1,0.0,3.5
32801014,3.0,2,0.0011904761904761906,2.101785714285714
32801015,3.0,1,0.0,2.0999999999999996
32801018,5.0,1,0.0,3.5
32801021,3.4,5,0.004761904761904762,2.387142857142857
32801024,3.0,1,0.0,2.0999999999999996
32801027,3.0,1,0.0,2.0999999999999996
32801121,5.0,1,0.0,3.5
32801127,4.0,2,0.0011904761904761906,2.8017857142857143
32801131,4.0,2,0.0011904761904761906,2.8017857142857143
32900086,3.0,1,0.0,2.0999999999999996
33200001,5.0,1,0.0,3.5
33300006,3.0,1,0.0,2.0999999999999996
33300011,3.5714285714285716,7,0.007142857142857144,2.5107142857142857
33300014,5.0,1,0.0,3.5
33300016,3.0,1,0.0,2.0999999999999996
33300019,3.0,1,0.0,2.0999999999999996
33300032,5.0,2,0.0011904761904761906,3.5017857142857145
33300033,3.0,1,0.0,2.0999999999999996
33400004,4.090909090909091,11,0.011904761904761908,2.881493506493506
33400005,3.0,2,0.0011904761904761906,2.101785714285714
34200017,3.0,1,0.0,2.0999999999999996
34200020,3.0,1,0.0,2.0999999999999996
34200023,4.0,2,0.0011904761904761906,2.8017857142857143
34200028,5.0,1,0.0,3.5
34200289,4.0,2,0.0011904761904761906,2.8017857142857143
34500005,5.0,1,0.0,3.5
34500106,3.0,1,0.0,2.0999999999999996
34600056,5.0,2,0.0011904761904761906,3.5017857142857145
34700011,4.2,5,0.004761904761904762,2.947142857142857
34700012,4.2,5,0.004761904761904762,2.947142857142857
34700013,3.6666666666666665,6,0.005952380952380953,2.575595238095238
34700014,4.6,5,0.004761904761904762,3.227142857142857
34700016,5.0,2,0.0011904761904761906,3.5017857142857145
34700023,4.0,2,0.0011904761904761906,2.8017857142857143
34700031,4.2,5,0.004761904761904762,2.947142857142857
34700032,3.0,1,0.0,2.0999999999999996
34700034,3.0,1,0.0,2.0999999999999996
34700074,4.0,2,0.0011904761904761906,2.8017857142857143
34700076,4.636363636363637,11,0.011904761904761908,3.2633116883116884
34700078,3.0,1,0.0,2.0999999999999996
34700086,5.0,2,0.0011904761904761906,3.5017857142857145
34700121,4.0,2,0.0011904761904761906,2.8017857142857143
34700130,3.0,4,0.0035714285714285718,2.1053571428571427
34700131,4.0,2,0.0011904761904761906,2.8017857142857143
34700132,3.5,4,0.0035714285714285718,2.455357142857143
34700135,4.333333333333333,6,0.005952380952380953,3.0422619047619044
34700137,5.0,1,0.0,3.5
34700169,5.0,1,0.0,3.5
34700170,3.0,1,0.0,2.0999999999999996
34700183,3.8,5,0.004761904761904762,2.667142857142857
34800270,5.0,2,0.0011904761904761906,3.5017857142857145
34800579,3.0,1,0.0,2.0999999999999996
34800581,5.0,1,0.0,3.5
34800610,3.0,1,0.0,2.0999999999999996
34800615,3.0,2,0.0011904761904761906,2.101785714285714
34900075,3.0,2,0.0011904761904761906,2.101785714285714
35000010,3.8,5,0.004761904761904762,2.667142857142857
35000032,5.0,1,0.0,3.5
35000034,4.333333333333333,3,0.002380952380952381,3.0369047619047613
35000038,3.0,2,0.0011904761904761906,2.101785714285714
35108554,5.0,1,0.0,3.5
35600012,5.0,1,0.0,3.5
35600013,3.0,1,0.0,2.0999999999999996
35600100,3.0,1,0.0,2.0999999999999996
35600112,5.0,1,0.0,3.5
35600124,4.2,5,0.004761904761904762,2.947142857142857
35600125,5.0,2,0.0011904761904761906,3.5017857142857145
35600128,3.0,1,0.0,2.0999999999999996
35600138,3.0,3,0.002380952380952381,2.103571428571428
35600146,3.0,4,0.0035714285714285718,2.1053571428571427
35600149,3.5714285714285716,7,0.007142857142857144,2.5107142857142857
35600150,5.0,2,0.0011904761904761906,3.5017857142857145
35600152,3.5,4,0.0035714285714285718,2.455357142857143
35600153,3.0,1,0.0,2.0999999999999996
35600155,3.6666666666666665,3,0.002380952380952381,2.570238095238095
35600156,3.0,3,0.002380952380952381,2.103571428571428
35600159,4.0,2,0.0011904761904761906,2.8017857142857143
35600173,3.0,3,0.002380952380952381,2.103571428571428
35600180,5.0,1,0.0,3.5
35700016,4.0,4,0.0035714285714285718,2.805357142857143
35700020,3.0,1,0.0,2.0999999999999996
35700021,4.0,2,0.0011904761904761906,2.8017857142857143
35700025,4.714285714285714,7,0.007142857142857144,3.3107142857142855
35800000,3.6666666666666665,3,0.002380952380952381,2.570238095238095
35800012,4.0,2,0.0011904761904761906,2.8017857142857143
35800017,4.0,2,0.0011904761904761906,2.8017857142857143
35800032,5.0,2,0.0011904761904761906,3.5017857142857145
35900004,4.0,2,0.0011904761904761906,2.8017857142857143
35900008,4.0,2,0.0011904761904761906,2.8017857142857143
35900056,3.0,1,0.0,2.0999999999999996
36000060,3.8,5,0.004761904761904762,2.667142857142857
36000061,3.6666666666666665,3,0.002380952380952381,2.570238095238095
36000062,3.0,1,0.0,2.0999999999999996
36000063,3.6666666666666665,3,0.002380952380952381,2.570238095238095
36000080,5.0,1,0.0,3.5
36000082,4.0,2,0.0011904761904761906,2.8017857142857143
36000087,3.0,1,0.0,2.0999999999999996
36400005,5.0,1,0.0,3.5
37000004,4.0,2,0.0011904761904761906,2.8017857142857143
37000005,5.0,1,0.0,3.5
37000012,5.0,1,0.0,3.5
37000016,4.666666666666667,6,0.005952380952380953,3.2755952380952382
37000028,4.0,2,0.0011904761904761906,2.8017857142857143
37000038,4.0,6,0.005952380952380953,2.8089285714285714
38100015,4.5,4,0.0035714285714285718,3.155357142857143
38100016,5.0,1,0.0,3.5
38100123,4.0,10,0.010714285714285714,2.8160714285714286
38100285,5.0,1,0.0,3.5
38300631,4.428571428571429,7,0.007142857142857144,3.1107142857142858
38400106,3.0,2,0.0011904761904761906,2.101785714285714
38400114,3.0,1,0.0,2.0999999999999996
38400155,3.6666666666666665,3,0.002380952380952381,2.570238095238095
38600169,5.0,1,0.0,3.5
38900016,5.0,1,0.0,3.5
38900019,4.0,2,0.0011904761904761906,2.8017857142857143
38900027,4.0,2,0.0011904761904761906,2.8017857142857143
38900084,3.0,1,0.0,2.0999999999999996
39500014,3.0,1,0.0,2.0999999999999996
39500020,4.0,2,0.0011904761904761906,2.8017857142857143
39500022,4.0,2,0.0011904761904761906,2.8017857142857143
39600016,3.6666666666666665,3,0.002380952380952381,2.570238095238095
40100006,3.0,1,0.0,2.0999999999999996
40300045,4.333333333333333,3,0.002380952380952381,3.0369047619047613
40400015,3.0,1,0.0,2.0999999999999996
40400029,4.0,2,0.0011904761904761906,2.8017857142857143
40400045,5.0,1,0.0,3.5
40500026,4.0,2,0.0011904761904761906,2.8017857142857143
40500031,3.0,2,0.0011904761904761906,2.101785714285714
40500037,3.0,3,0.002380952380952381,2.103571428571428
40500042,5.0,1,0.0,3.5
40500044,3.0,2,0.0011904761904761906,2.101785714285714
40500046,5.0,1,0.0,3.5
40500047,4.0,2,0.0011904761904761906,2.8017857142857143
40500101,3.6666666666666665,3,0.002380952380952381,2.570238095238095
40500103,4.25,8,0.008333333333333335,2.9875
40500104,3.6,10,0.010714285714285714,2.5360714285714288
40500111,3.0,1,0.0,2.0999999999999996
40500134,4.5,4,0.0035714285714285718,3.155357142857143
40500137,4.0,4,0.0035714285714285718,2.805357142857143
40500172,5.0,1,0.0,3.5
40500173,4.0,6,0.005952380952380953,2.8089285714285714
40500183,4.5,4,0.0035714285714285718,3.155357142857143
40500185,5.0,1,0.0,3.5
40500191,5.0,1,0.0,3.5
40500196,5.0,1,0.0,3.5
40500202,3.0,1,0.0,2.0999999999999996
40500280,3.0,1,0.0,2.0999999999999996
40500281,3.0,1,0.0,2.0999999999999996
40500315,5.0,1,0.0,3.5
40500316,5.0,4,0.0035714285714285718,3.505357142857143
40500331,3.0,1,0.0,2.0999999999999996
40500353,3.0,1,0.0,2.0999999999999996
40500425,5.0,1,0.0,3.5
40500455,3.0,1,0.0,2.0999999999999996
40500484,4.0,2,0.0011904761904761906,2.8017857142857143
40500497,5.0,3,0.002380952380952381,3.5035714285714286
40600014,5.0,3,0.002380952380952381,3.5035714285714286
40600020,5.0,4,0.0035714285714285718,3.505357142857143
40600025,3.0,1,0.0,2.0999999999999996
40600045,5.0,2,0.0011904761904761906,3.5017857142857145
40600062,4.0,2,0.0011904761904761906,2.8017857142857143
40600064,5.0,1,0.0,3.5
40600067,5.0,2,0.0011904761904761906,3.5017857142857145
40600102,4.0,2,0.0011904761904761906,2.8017857142857143
40600144,5.0,1,0.0,3.5
40800000,5.0,1,0.0,3.5
40800037,5.0,1,0.0,3.5
40800039,5.0,1,0.0,3.5
40900001,4.333333333333333,3,0.002380952380952381,3.0369047619047613
40900010,3.0,1,0.0,2.0999999999999996
40900024,4.0,2,0.0011904761904761906,2.8017857142857143
40900041,3.0,2,0.0011904761904761906,2.101785714285714
40900046,5.0,1,0.0,3.5
41000001,3.0,1,0.0,2.0999999999999996
41200009,5.0,1,0.0,3.5
41200010,5.0,1,0.0,3.5
41200012,5.0,6,0.005952380952380953,3.5089285714285716
41200013,5.0,2,0.0011904761904761906,3.5017857142857145
41600016,5.0,1,0.0,3.5
42200004,3.0,1,0.0,2.0999999999999996
42300013,3.5,4,0.0035714285714285718,2.455357142857143
42300019,3.0,1,0.0,2.0999999999999996
42300034,5.0,1,0.0,3.5
42300036,4.0,2,0.0011904761904761906,2.8017857142857143
42300046,4.0,2,0.0011904761904761906,2.8017857142857143
42400006,5.0,1,0.0,3.5
42400019,5.0,1,0.0,3.5
42400041,3.0,2,0.0011904761904761906,2.101785714285714
42600021,3.0,3,0.002380952380952381,2.103571428571428
42600030,3.0,1,0.0,2.0999999999999996
42600049,3.0,1,0.0,2.0999999999999996
42600067,4.0,2,0.0011904761904761906,2.8017857142857143
42600068,3.0,1,0.0,2.0999999999999996
42600069,5.0,1,0.0,3.5
42600164,3.0,1,0.0,2.0999999999999996
42600171,5.0,1,0.0,3.5
42600176,3.0,6,0.005952380952380953,2.1089285714285713
42900017,5.0,1,0.0,3.5
42900021,4.0,2,0.0011904761904761906,2.8017857142857143
43300019,4.0,2,0.0011904761904761906,2.8017857142857143
43300021,4.0,2,0.0011904761904761906,2.8017857142857143
43300024,5.0,1,0.0,3.5
43300082,3.0,1,0.0,2.0999999999999996
43300083,3.0,2,0.0011904761904761906,2.101785714285714
43300122,3.0,2,0.0011904761904761906,2.101785714285714
43500001,5.0,1,0.0,3.5
43500014,3.5,4,0.0035714285714285718,2.455357142857143
43700041,3.0,1,0.0,2.0999999999999996
43700057,5.0,1,0.0,3.5
43900002,4.0,2,0.0011904761904761906,2.8017857142857143
43900004,3.0,1,0.0,2.0999999999999996
43900033,5.0,1,0.0,3.5
43900034,5.0,1,0.0,3.5
43900038,3.0,1,0.0,2.0999999999999996
43900052,3.0,1,0.0,2.0999999999999996
43900053,5.0,1,0.0,3.5
43900111,3.0,1,0.0,2.0999999999999996
44000004,5.0,1,0.0,3.5
44100004,5.0,1,0.0,3.5
44100013,3.0,1,0.0,2.0999999999999996
44100020,5.0,1,0.0,3.5
44100025,5.0,2,0.0011904761904761906,3.5017857142857145
44100026,4.5,8,0.008333333333333335,3.1625
44100027,5.0,2,0.0011904761904761906,3.5017857142857145
44100028,5.0,1,0.0,3.5
44600034,4.0,2,0.0011904761904761906,2.8017857142857143
44600042,3.6666666666666665,3,0.002380952380952381,2.570238095238095
44700008,5.0,1,0.0,3.5
45100044,3.0,1,0.0,2.0999999999999996
45300013,4.0,2,0.0011904761904761906,2.8017857142857143
45300061,5.0,1,0.0,3.5
45300092,5.0,1,0.0,3.5
45300111,3.0,1,0.0,2.0999999999999996
45300114,4.75,8,0.008333333333333335,3.3375
45500000,3.0,1,0.0,2.0999999999999996
45500001,4.333333333333333,3,0.002380952380952381,3.0369047619047613
45500009,5.0,8,0.008333333333333335,3.5125
45500010,4.333333333333333,6,0.005952380952380953,3.0422619047619044
45500011,3.5,4,0.0035714285714285718,2.455357142857143
45500012,4.0,4,0.0035714285714285718,2.805357142857143
45500013,3.3333333333333335,6,0.005952380952380953,2.342261904761905
45500016,5.0,2,0.0011904761904761906,3.5017857142857145
45500019,5.0,1,0.0,3.5
45500020,3.6666666666666665,3,0.002380952380952381,2.570238095238095
45500022,3.0,1,0.0,2.0999999999999996
47800003,3.0,1,0.0,2.0999999999999996
47900002,3.0,1,0.0,2.0999999999999996
48100000,5.0,1,0.0,3.5
48100004,3.0,1,0.0,2.0999999999999996
48300045,3.0,1,0.0,2.0999999999999996
48400005,4.0,2,0.0011904761904761906,2.8017857142857143
48400006,3.0,3,0.002380952380952381,2.103571428571428
48700007,3.0,2,0.0011904761904761906,2.101785714285714
48700008,3.6666666666666665,3,0.002380952380952381,2.570238095238095
48700019,3.0,1,0.0,2.0999999999999996
49100036,4.333333333333333,3,0.002380952380952381,3.0369047619047613
49100037,3.6666666666666665,3,0.002380952380952381,2.570238095238095
49100043,3.0,1,0.0,2.0999999999999996
50200003,5.0,1,0.0,3.5
50200019,5.0,1,0.0,3.5
50400032,3.0,1,0.0,2.0999999999999996
50500152,3.0,1,0.0,2.0999999999999996
50600000,4.0,2,0.0011904761904761906,2.8017857142857143
50600003,4.0,4,0.0035714285714285718,2.805357142857143
50600004,5.0,3,0.002380952380952381,3.5035714285714286
50600005,4.333333333333333,3,0.002380952380952381,3.0369047619047613
50600006,5.0,1,0.0,3.5
50600010,4.0,4,0.0035714285714285718,2.805357142857143
50900124,4.0,2,0.0011904761904761906,2.8017857142857143
51100014,5.0,1,0.0,3.5
51600004,5.0,1,0.0,3.5
51600010,5.0,1,0.0,3.5
51600011,5.0,1,0.0,3.5
51600012,4.5,4,0.0035714285714285718,3.155357142857143
52100003,3.0,1,0.0,2.0999999999999996
53100012,4.0,2,0.0011904761904761906,2.8017857142857143
53100042,3.0,2,0.0011904761904761906,2.101785714285714
53300006,4.666666666666667,6,0.005952380952380953,3.2755952380952382
53300007,4.5,4,0.0035714285714285718,3.155357142857143
53300010,4.52,25,0.028571428571428574,3.2068571428571424
53300023,3.0,1,0.0,2.0999999999999996
53300025,5.0,5,0.004761904761904762,3.507142857142857
53300027,5.0,1,0.0,3.5
53400007,3.0,1,0.0,2.0999999999999996
53400009,3.0,1,0.0,2.0999999999999996
53400013,5.0,2,0.0011904761904761906,3.5017857142857145
53400021,3.0,1,0.0,2.0999999999999996
53400031,3.0,2,0.0011904761904761906,2.101785714285714
53400067,3.0,1,0.0,2.0999999999999996
53900034,3.0,1,0.0,2.0999999999999996
54600001,5.0,1,0.0,3.5
54700001,5.0,1,0.0,3.5
54700035,4.0,2,0.0011904761904761906,2.8017857142857143
54700036,3.0,2,0.0011904761904761906,2.101785714285714
54900000,4.0,2,0.0011904761904761906,2.8017857142857143
54900001,5.0,1,0.0,3.5
54900004,5.0,1,0.0,3.5
54900005,3.6666666666666665,3,0.002380952380952381,2.570238095238095
54900007,5.0,1,0.0,3.5
54900009,4.0,2,0.0011904761904761906,2.8017857142857143
54900010,4.0,2,0.0011904761904761906,2.8017857142857143
54900014,3.0,1,0.0,2.0999999999999996
54900018,5.0,1,0.0,3.5
54900020,3.0,1,0.0,2.0999999999999996
55000029,4.25,8,0.008333333333333335,2.9875
55600000,3.8333333333333335,12,0.013095238095238097,2.7029761904761904
55600007,3.0,2,0.0011904761904761906,2.101785714285714
55600013,3.0,1,0.0,2.0999999999999996
55600047,3.5,4,0.0035714285714285718,2.455357142857143
55600049,4.0,2,0.0011904761904761906,2.8017857142857143
55600050,5.0,3,0.002380952380952381,3.5035714285714286
55600052,4.714285714285714,7,0.007142857142857144,3.3107142857142855
55900001,3.6666666666666665,3,0.002380952380952381,2.570238095238095
56700004,4.0,2,0.0011904761904761906,2.8017857142857143
56700007,4.0,2,0.0011904761904761906,2.8017857142857143
56700008,3.0,1,0.0,2.0999999999999996
56900000,3.0,1,0.0,2.0999999999999996
56900001,3.0,2,0.0011904761904761906,2.101785714285714
56900002,5.0,2,0.0011904761904761906,3.5017857142857145
56900014,3.0,1,0.0,2.0999999999999996
57000001,5.0,1,0.0,3.5
57000002,5.0,1,0.0,3.5
57000018,5.0,2,0.0011904761904761906,3.5017857142857145
57000021,5.0,2,0.0011904761904761906,3.5017857142857145
57100091,3.0,1,0.0,2.0999999999999996
57300022,4.0,2,0.0011904761904761906,2.8017857142857143
57300037,3.0,3,0.002380952380952381,2.103571428571428
57300042,3.0,1,0.0,2.0999999999999996
57300049,3.0,1,0.0,2.0999999999999996
58300001,5.0,1,0.0,3.5
58300014,3.0,1,0.0,2.0999999999999996
58300015,5.0,1,0.0,3.5
58300017,5.0,1,0.0,3.5
58900003,3.0,1,0.0,2.0999999999999996
60300005,5.0,4,0.0035714285714285718,3.505357142857143
60500001,5.0,1,0.0,3.5
60600001,3.0,1,0.0,2.0999999999999996
60600004,3.0,2,0.0011904761904761906,2.101785714285714
60900000,5.0,1,0.0,3.5
60900001,4.333333333333333,3,0.002380952380952381,3.0369047619047613
100000047,3.0,2,0.0011904761904761906,2.101785714285714
100000068,3.6666666666666665,3,0.002380952380952381,2.570238095238095
100000282,3.0,1,0.0,2.0999999999999996
100001095,3.0,1,0.0,2.0999999999999996
100001218,4.0,2,0.0011904761904761906,2.8017857142857143
100001220,3.0,1,0.0,2.0999999999999996
100001229,3.0,1,0.0,2.0999999999999996
100001232,4.0,2,0.0011904761904761906,2.8017857142857143
100001466,5.0,1,0.0,3.5
100001895,5.0,2,0.0011904761904761906,3.5017857142857145
100001981,5.0,2,0.0011904761904761906,3.5017857142857145
100001988,3.0,3,0.002380952380952381,2.103571428571428
100001993,3.0,1,0.0,2.0999999999999996
100002039,5.0,3,0.002380952380952381,3.5035714285714286
100002043,5.0,5,0.004761904761904762,3.507142857142857
100002073,4.0,2,0.0011904761904761906,2.8017857142857143
100002087,4.2,5,0.004761904761904762,2.947142857142857
100002113,4.5,8,0.008333333333333335,3.1625
100002263,4.0,2,0.0011904761904761906,2.8017857142857143
100002292,3.5714285714285716,7,0.007142857142857144,2.5107142857142857
100002367,4.0,4,0.0035714285714285718,2.805357142857143
100002371,5.0,2,0.0011904761904761906,3.5017857142857145
100002460,4.0,2,0.0011904761904761906,2.8017857142857143
100002461,5.0,1,0.0,3.5
100002462,5.0,1,0.0,3.5
100002586,5.0,3,0.002380952380952381,3.5035714285714286
100002603,5.0,3,0.002380952380952381,3.5035714285714286
100002623,4.5,4,0.0035714285714285718,3.155357142857143
100003313,4.142857142857143,7,0.007142857142857144,2.9107142857142856
100003319,3.8,10,0.010714285714285714,2.6760714285714284
100003338,4.266666666666667,30,0.034523809523809526,3.0384523809523807
100003354,5.0,1,0.0,3.5
100003358,5.0,3,0.002380952380952381,3.5035714285714286
100003390,3.8,5,0.004761904761904762,2.667142857142857
100003411,3.6666666666666665,3,0.002380952380952381,2.570238095238095
100003437,5.0,1,0.0,3.5
100003438,4.0,2,0.0011904761904761906,2.8017857142857143
100003480,5.0,2,0.0011904761904761906,3.5017857142857145
100003496,4.0,2,0.0011904761904761906,2.8017857142857143
100003532,3.6666666666666665,3,0.002380952380952381,2.570238095238095
100003616,3.0,1,0.0,2.0999999999999996
100003812,5.0,1,0.0,3.5
100003862,3.0,1,0.0,2.0999999999999996
100003946,3.923076923076923,26,0.029761904761904764,2.790796703296703
100004053,4.333333333333333,3,0.002380952380952381,3.0369047619047613
100004091,3.0,2,0.0011904761904761906,2.101785714285714
100004162,3.0,2,0.0011904761904761906,2.101785714285714
100004287,5.0,2,0.0011904761904761906,3.5017857142857145
100004305,5.0,2,0.0011904761904761906,3.5017857142857145
100004310,4.0,2,0.0011904761904761906,2.8017857142857143
100004439,3.0,1,0.0,2.0999999999999996
100004514,4.0,2,0.0011904761904761906,2.8017857142857143
100004562,5.0,1,0.0,3.5
100004699,5.0,2,0.0011904761904761906,3.5017857142857145
100005253,3.0,1,0.0,2.0999999999999996
100005413,3.0,3,0.002380952380952381,2.103571428571428
100005538,3.25,8,0.008333333333333335,2.2875
100005546,3.6666666666666665,3,0.002380952380952381,2.570238095238095
100005550,4.0,2,0.0011904761904761906,2.8017857142857143
100005651,4.0,2,0.0011904761904761906,2.8017857142857143
100005669,4.0,2,0.0011904761904761906,2.8017857142857143
100005682,3.6666666666666665,3,0.002380952380952381,2.570238095238095
100005719,5.0,2,0.0011904761904761906,3.5017857142857145
100005722,4.333333333333333,3,0.002380952380952381,3.0369047619047613
100005789,4.0,6,0.005952380952380953,2.8089285714285714
100005877,3.0,1,0.0,2.0999999999999996
100005939,5.0,1,0.0,3.5
100005955,3.5,4,0.0035714285714285718,2.455357142857143
100005972,5.0,1,0.0,3.5
100006075,3.0,4,0.0035714285714285718,2.1053571428571427
100006078,4.5,4,0.0035714285714285718,3.155357142857143
100006102,4.5,8,0.008333333333333335,3.1625
100006135,4.0,2,0.0011904761904761906,2.8017857142857143
100006136,4.0,2,0.0011904761904761906,2.8017857142857143
100006210,4.0,14,0.01547619047619048,2.8232142857142857
100006632,5.0,1,0.0,3.5
100006662,3.0,2,0.0011904761904761906,2.101785714285714
100006772,5.0,1,0.0,3.5
100006912,5.0,1,0.0,3.5
100006944,5.0,1,0.0,3.5
100006951,5.0,1,0.0,3.5
100006963,4.142857142857143,28,0.03214285714285715,2.9482142857142857
100006972,4.333333333333333,3,0.002380952380952381,3.0369047619047613
100006982,3.8,5,0.004761904761904762,2.667142857142857
100007010,4.5,4,0.0035714285714285718,3.155357142857143
100007012,3.0,1,0.0,2.0999999999999996
100007179,5.0,2,0.0011904761904761906,3.5017857142857145
100007351,4.75,8,0.008333333333333335,3.3375
100007387,4.12,25,0.028571428571428574,2.9268571428571426
100007545,3.6,10,0.010714285714285714,2.5360714285714288
100007552,5.0,3,0.002380952380952381,3.5035714285714286
100007601,3.0,1,0.0,2.0999999999999996
100007630,5.0,1,0.0,3.5
100007637,4.333333333333333,3,0.002380952380952381,3.0369047619047613
100007667,5.0,2,0.0011904761904761906,3.5017857142857145
100007759,3.0,2,0.0011904761904761906,2.101785714285714
100007840,3.0,1,0.0,2.0999999999999996
100007892,5.0,1,0.0,3.5
100007944,3.0,1,0.0,2.0999999999999996
100007950,4.5,4,0.0035714285714285718,3.155357142857143
100007984,4.0,6,0.005952380952380953,2.8089285714285714
100008006,4.333333333333333,6,0.005952380952380953,3.0422619047619044
100008049,5.0,1,0.0,3.5
100008083,4.2,5,0.004761904761904762,2.947142857142857
100008084,5.0,2,0.0011904761904761906,3.5017857142857145
100008141,5.0,1,0.0,3.5
100008149,3.75,8,0.008333333333333335,2.6375
100008187,4.0,2,0.0011904761904761906,2.8017857142857143
100008228,4.212121212121212,33,0.0380952380952381,3.005627705627705
100008306,4.111111111111111,9,0.009523809523809525,2.8920634920634916
100008325,4.333333333333333,3,0.002380952380952381,3.0369047619047613
100008333,4.75,8,0.008333333333333335,3.3375
100008382,3.6666666666666665,3,0.002380952380952381,2.570238095238095
100008422,4.333333333333333,3,0.002380952380952381,3.0369047619047613
100008514,3.9565217391304346,23,0.026190476190476195,2.8088509316770183
100008550,4.214285714285714,28,0.03214285714285715,2.9982142857142855
100008570,4.538461538461538,13,0.014285714285714287,3.198351648351648
100008576,3.0,1,0.0,2.0999999999999996
100008645,3.0,1,0.0,2.0999999999999996
100008833,3.0,1,0.0,2.0999999999999996
100008866,5.0,1,0.0,3.5
100009741,5.0,1,0.0,3.5
100009752,5.0,1,0.0,3.5
100009754,4.171428571428572,70,0.08214285714285716,3.043214285714286
100010016,3.0,4,0.0035714285714285718,2.1053571428571427
100010064,5.0,1,0.0,3.5
100010078,5.0,1,0.0,3.5
100010087,4.25,8,0.008333333333333335,2.9875
100010141,4.333333333333333,6,0.005952380952380953,3.0422619047619044
100010158,4.6,10,0.010714285714285714,3.2360714285714285
100010164,4.0,2,0.0011904761904761906,2.8017857142857143
100010252,4.0,2,0.0011904761904761906,2.8017857142857143
100010477,3.857142857142857,7,0.007142857142857144,2.7107142857142854
100010680,3.6666666666666665,9,0.009523809523809525,2.5809523809523807
100010756,3.0,1,0.0,2.0999999999999996
100010895,4.333333333333333,3,0.002380952380952381,3.0369047619047613
100011012,4.043478260869565,23,0.026190476190476195,2.8697204968944097
100011086,3.0,1,0.0,2.0999999999999996
100011103,4.203883495145631,206,0.24404761904761907,3.30878987517337
100011138,3.6666666666666665,3,0.002380952380952381,2.570238095238095
100011243,3.0,1,0.0,2.0999999999999996
100011253,4.111111111111111,9,0.009523809523809525,2.8920634920634916
100011293,4.0,2,0.0011904761904761906,2.8017857142857143
100011411,4.2,5,0.004761904761904762,2.947142857142857
100011531,5.0,2,0.0011904761904761906,3.5017857142857145
100011670,4.2,5,0.004761904761904762,2.947142857142857
100011671,4.0,2,0.0011904761904761906,2.8017857142857143
100011715,3.0,1,0.0,2.0999999999999996
100011731,5.0,1,0.0,3.5
100011783,3.0,1,0.0,2.0999999999999996
100011996,5.0,2,0.0011904761904761906,3.5017857142857145
100012185,4.0,2,0.0011904761904761906,2.8017857142857143
100012279,4.12,25,0.028571428571428574,2.9268571428571426
100012418,3.8,15,0.01666666666666667,2.6849999999999996
100012429,5.0,2,0.0011904761904761906,3.5017857142857145
100012494,5.0,1,0.0,3.5
100013062,3.0,2,0.0011904761904761906,2.101785714285714
100013088,3.8,5,0.004761904761904762,2.667142857142857
100013191,5.0,1,0.0,3.5
100013557,4.230769230769231,13,0.014285714285714287,2.9829670329670326
100013637,4.0,2,0.0011904761904761906,2.8017857142857143
100013648,4.0,2,0.0011904761904761906,2.8017857142857143
100013685,5.0,1,0.0,3.5
100013848,3.0,1,0.0,2.0999999999999996
100013854,3.0,3,0.002380952380952381,2.103571428571428
100013980,4.170731707317073,41,0.04761904761904762,2.9909407665505228
100013991,4.083333333333333,24,0.027380952380952384,2.8994047619047616
100014007,4.0,6,0.005952380952380953,2.8089285714285714
100014061,3.0,1,0.0,2.0999999999999996
100014118,3.0,1,0.0,2.0999999999999996
100014125,3.8,5,0.004761904761904762,2.667142857142857
100014131,4.0,4,0.0035714285714285718,2.805357142857143
100014295,5.0,2,0.0011904761904761906,3.5017857142857145
100014327,5.0,1,0.0,3.5
100014339,5.0,1,0.0,3.5
100014353,4.111111111111111,9,0.009523809523809525,2.8920634920634916
100014404,3.0,2,0.0011904761904761906,2.101785714285714
100014438,3.5,4,0.0035714285714285718,2.455357142857143
100014452,5.0,2,0.0011904761904761906,3.5017857142857145
100014491,3.0,2,0.0011904761904761906,2.101785714285714
100014606,5.0,1,0.0,3.5
100014615,3.8,5,0.004761904761904762,2.667142857142857
100014623,3.0,1,0.0,2.0999999999999996
100014627,5.0,1,0.0,3.5
100014841,5.0,1,0.0,3.5
100014920,4.0,4,0.0035714285714285718,2.805357142857143
100014928,5.0,2,0.0011904761904761906,3.5017857142857145
100014981,4.0,2,0.0011904761904761906,2.8017857142857143
100015032,5.0,2,0.0011904761904761906,3.5017857142857145
100015059,4.0,2,0.0011904761904761906,2.8017857142857143
100015161,5.0,1,0.0,3.5
100015165,5.0,2,0.0011904761904761906,3.5017857142857145
100015191,3.0,1,0.0,2.0999999999999996
100015203,5.0,1,0.0,3.5
100015220,4.0,2,0.0011904761904761906,2.8017857142857143
100015303,5.0,1,0.0,3.5
100015364,4.25,8,0.008333333333333335,2.9875
100015374,4.333333333333333,3,0.002380952380952381,3.0369047619047613
100015422,3.6153846153846154,13,0.014285714285714287,2.552197802197802
100015436,3.0,1,0.0,2.0999999999999996
100015452,4.333333333333333,15,0.01666666666666667,3.0583333333333327
100015494,5.0,1,0.0,3.5
100015658,4.333333333333333,3,0.002380952380952381,3.0369047619047613
100015771,4.0,2,0.0011904761904761906,2.8017857142857143
100015895,5.0,2,0.0011904761904761906,3.5017857142857145
100015896,5.0,2,0.0011904761904761906,3.5017857142857145
100015990,3.0,1,0.0,2.0999999999999996
100016033,4.0,2,0.0011904761904761906,2.8017857142857143
100016061,5.0,2,0.0011904761904761906,3.5017857142857145
100016118,3.0,2,0.0011904761904761906,2.101785714285714
100016253,5.0,1,0.0,3.5
100016647,4.333333333333333,3,0.002380952380952381,3.0369047619047613
100016670,3.0,1,0.0,2.0999999999999996
100016755,5.0,3,0.002380952380952381,3.5035714285714286
100017015,5.0,1,0.0,3.5
100017134,4.111111111111111,9,0.009523809523809525,2.8920634920634916
100017139,5.0,2,0.0011904761904761906,3.5017857142857145
100017221,4.0,4,0.0035714285714285718,2.805357142857143
100017242,3.4,5,0.004761904761904762,2.387142857142857
100017266,5.0,2,0.0011904761904761906,3.5017857142857145
100017320,4.5,4,0.0035714285714285718,3.155357142857143
100017386,3.0,1,0.0,2.0999999999999996
100017437,5.0,1,0.0,3.5
100017448,4.333333333333333,15,0.01666666666666667,3.0583333333333327
100017461,4.333333333333333,3,0.002380952380952381,3.0369047619047613
100017646,5.0,1,0.0,3.5
100017782,5.0,1,0.0,3.5
100017790,3.0,1,0.0,2.0999999999999996
100017829,3.0,1,0.0,2.0999999999999996
100017838,3.0,1,0.0,2.0999999999999996
100017952,4.333333333333333,3,0.002380952380952381,3.0369047619047613
100017957,5.0,1,0.0,3.5
100017958,5.0,1,0.0,3.5
100017960,4.6,5,0.004761904761904762,3.227142857142857
100018121,3.0,1,0.0,2.0999999999999996
100018214,3.782608695652174,23,0.026190476190476195,2.6871118012422355
100018278,5.0,1,0.0,3.5
100018501,4.333333333333333,3,0.002380952380952381,3.0369047619047613
100018517,3.9473684210526314,19,0.021428571428571432,2.795300751879699
100018533,5.0,1,0.0,3.5
100018579,4.8,10,0.010714285714285714,3.3760714285714286
100018608,4.636363636363637,11,0.011904761904761908,3.2633116883116884
100018636,3.0,1,0.0,2.0999999999999996
100018643,4.0,2,0.0011904761904761906,2.8017857142857143
100018668,3.4,5,0.004761904761904762,2.387142857142857
100018723,3.6666666666666665,3,0.002380952380952381,2.570238095238095
100018733,4.0,4,0.0035714285714285718,2.805357142857143
100018771,4.0,8,0.008333333333333335,2.8125
100018774,5.0,2,0.0011904761904761906,3.5017857142857145
100018800,3.0,2,0.0011904761904761906,2.101785714285714
100018805,3.6666666666666665,3,0.002380952380952381,2.570238095238095
100018815,3.0,1,0.0,2.0999999999999996
100018930,5.0,1,0.0,3.5
100018964,5.0,3,0.002380952380952381,3.5035714285714286
100019201,5.0,1,0.0,3.5
100019252,4.111111111111111,9,0.009523809523809525,2.8920634920634916
100019290,5.0,1,0.0,3.5
100019381,3.0,1,0.0,2.0999999999999996
100019984,4.2,5,0.004761904761904762,2.947142857142857
100020063,4.666666666666667,6,0.005952380952380953,3.2755952380952382
100020109,4.0,2,0.0011904761904761906,2.8017857142857143
100020266,5.0,4,0.0035714285714285718,3.505357142857143
100020349,5.0,5,0.004761904761904762,3.507142857142857
100020363,4.2,5,0.004761904761904762,2.947142857142857
100020739,4.428571428571429,14,0.01547619047619048,3.123214285714286
100020804,3.0,1,0.0,2.0999999999999996
100020960,4.111111111111111,18,0.02023809523809524,2.9081349206349203
100021381,3.0,1,0.0,2.0999999999999996
100021554,3.6666666666666665,3,0.002380952380952381,2.570238095238095
100021603,3.0,2,0.0011904761904761906,2.101785714285714
100021623,4.333333333333333,3,0.002380952380952381,3.0369047619047613
100021662,4.0,2,0.0011904761904761906,2.8017857142857143
100021671,5.0,2,0.0011904761904761906,3.5017857142857145
100021681,5.0,1,0.0,3.5
100021695,4.0,2,0.0011904761904761906,2.8017857142857143
100021796,3.8,10,0.010714285714285714,2.6760714285714284
100021954,3.8,5,0.004761904761904762,2.667142857142857
100022253,4.323076923076923,65,0.0761904761904762,3.1404395604395603
100022293,4.0,4,0.0035714285714285718,2.805357142857143
100022305,3.888888888888889,9,0.009523809523809525,2.736507936507936
100022311,4.0,2,0.0011904761904761906,2.8017857142857143
100022392,5.0,1,0.0,3.5
100022400,3.5,4,0.0035714285714285718,2.455357142857143
100022498,5.0,1,0.0,3.5
100022550,3.0,1,0.0,2.0999999999999996
100022581,4.333333333333333,3,0.002380952380952381,3.0369047619047613
100022654,5.0,2,0.0011904761904761906,3.5017857142857145
100023209,5.0,1,0.0,3.5
100023212,5.0,1,0.0,3.5
100023258,4.0,4,0.0035714285714285718,2.805357142857143
100023274,4.142857142857143,14,0.01547619047619048,2.9232142857142858
100023316,4.5,12,0.013095238095238097,3.169642857142857
100023409,4.5,4,0.0035714285714285718,3.155357142857143
100023426,4.166666666666667,36,0.041666666666666664,2.9791666666666665
100023495,4.0,6,0.005952380952380953,2.8089285714285714
100023500,3.857142857142857,7,0.007142857142857144,2.7107142857142854
100023514,4.381818181818182,55,0.0642857142857143,3.1637012987012985
100023529,5.0,3,0.002380952380952381,3.5035714285714286
100023536,3.0,1,0.0,2.0999999999999996
100023630,4.333333333333333,3,0.002380952380952381,3.0369047619047613
100023685,5.0,1,0.0,3.5
100023690,5.0,1,0.0,3.5
100023770,3.0,1,0.0,2.0999999999999996
100023842,5.0,1,0.0,3.5
100024071,3.6666666666666665,3,0.002380952380952381,2.570238095238095
100024074,5.0,2,0.0011904761904761906,3.5017857142857145
100024079,4.0,2,0.0011904761904761906,2.8017857142857143
100024124,3.6666666666666665,3,0.002380952380952381,2.570238095238095
100024646,3.5,4,0.0035714285714285718,2.455357142857143
100024965,3.6666666666666665,3,0.002380952380952381,2.570238095238095
100024975,5.0,1,0.0,3.5
100025027,3.0,1,0.0,2.0999999999999996
100025034,3.0,2,0.0011904761904761906,2.101785714285714
100025035,3.6666666666666665,3,0.002380952380952381,2.570238095238095
100025052,4.666666666666667,6,0.005952380952380953,3.2755952380952382
100025062,3.0,1,0.0,2.0999999999999996
100025094,5.0,1,0.0,3.5
100025104,5.0,2,0.0011904761904761906,3.5017857142857145
100025167,5.0,1,0.0,3.5
100025229,5.0,1,0.0,3.5
100025257,3.0,2,0.0011904761904761906,2.101785714285714
100025286,3.0,6,0.005952380952380953,2.1089285714285713
100025290,5.0,1,0.0,3.5
100025345,3.0,1,0.0,2.0999999999999996
100025398,3.0,2,0.0011904761904761906,2.101785714285714
100025431,3.0,1,0.0,2.0999999999999996
100025547,5.0,1,0.0,3.5
100025652,3.0,2,0.0011904761904761906,2.101785714285714
100025713,3.0,3,0.002380952380952381,2.103571428571428
100025723,3.5,4,0.0035714285714285718,2.455357142857143
100025973,3.0,1,0.0,2.0999999999999996
100026035,4.5,4,0.0035714285714285718,3.155357142857143
100026290,4.0,2,0.0011904761904761906,2.8017857142857143
100026399,5.0,2,0.0011904761904761906,3.5017857142857145
100026441,4.0,2,0.0011904761904761906,2.8017857142857143
100026889,4.333333333333333,9,0.009523809523809525,3.047619047619047
100026913,4.6,10,0.010714285714285714,3.2360714285714285
100026942,3.6666666666666665,3,0.002380952380952381,2.570238095238095
100026945,5.0,1,0.0,3.5
100027072,4.0,2,0.0011904761904761906,2.8017857142857143
100027128,3.6666666666666665,6,0.005952380952380953,2.575595238095238
100027719,5.0,1,0.0,3.5
100027731,4.333333333333333,3,0.002380952380952381,3.0369047619047613
100027737,3.4,5,0.004761904761904762,2.387142857142857
100027954,4.0,2,0.0011904761904761906,2.8017857142857143
100028003,4.0,2,0.0011904761904761906,2.8017857142857143
100028171,4.538461538461538,13,0.014285714285714287,3.198351648351648
100028173,4.25,8,0.008333333333333335,2.9875
100028395,3.0,1,0.0,2.0999999999999996
100028475,4.2,5,0.004761904761904762,2.947142857142857
100028507,5.0,2,0.0011904761904761906,3.5017857142857145
100029173,5.0,1,0.0,3.5
100029279,3.8,5,0.004761904761904762,2.667142857142857
100029314,4.0,4,0.0035714285714285718,2.805357142857143
100029320,4.333333333333333,3,0.002380952380952381,3.0369047619047613
100029326,3.0,1,0.0,2.0999999999999996
100029343,3.0,1,0.0,2.0999999999999996
100029444,4.333333333333333,15,0.01666666666666667,3.0583333333333327
100029488,4.2,5,0.004761904761904762,2.947142857142857
100029725,4.333333333333333,3,0.002380952380952381,3.0369047619047613
100029766,4.0588235294117645,17,0.01904761904761905,2.8697478991596634
100029889,3.8,5,0.004761904761904762,2.667142857142857
100030110,4.0,2,0.0011904761904761906,2.8017857142857143
100030152,5.0,3,0.002380952380952381,3.5035714285714286
100030195,5.0,2,0.0011904761904761906,3.5017857142857145
100030325,5.0,1,0.0,3.5
100030384,3.0,1,0.0,2.0999999999999996
100030398,3.857142857142857,7,0.007142857142857144,2.7107142857142854
100030434,4.0,2,0.0011904761904761906,2.8017857142857143
100030446,3.5,4,0.0035714285714285718,2.455357142857143
100030790,3.6666666666666665,3,0.002380952380952381,2.570238095238095
100030913,5.0,1,0.0,3.5
100031130,5.0,1,0.0,3.5
100031175,5.0,1,0.0,3.5
100031205,3.0,2,0.0011904761904761906,2.101785714285714
100031328,3.0,1,0.0,2.0999999999999996
100031546,4.0,2,0.0011904761904761906,2.8017857142857143
100031713,3.0,2,0.0011904761904761906,2.101785714285714
100031799,3.0,1,0.0,2.0999999999999996
100032768,4.0,2,0.0011904761904761906,2.8017857142857143
100032829,3.0,1,0.0,2.0999999999999996
100032857,5.0,2,0.0011904761904761906,3.5017857142857145
100032861,5.0,1,0.0,3.5
100032974,3.0,1,0.0,2.0999999999999996
100032996,5.0,1,0.0,3.5
100033641,3.6666666666666665,3,0.002380952380952381,2.570238095238095
100033680,4.333333333333333,3,0.002380952380952381,3.0369047619047613
100033708,3.5714285714285716,14,0.01547619047619048,2.523214285714286
100034052,3.8,5,0.004761904761904762,2.667142857142857
100034171,4.0,2,0.0011904761904761906,2.8017857142857143
100034193,4.0,2,0.0011904761904761906,2.8017857142857143
100034355,4.0,2,0.0011904761904761906,2.8017857142857143
100034392,3.0,1,0.0,2.0999999999999996
100034456,4.333333333333333,3,0.002380952380952381,3.0369047619047613
100034643,5.0,1,0.0,3.5
100034925,3.0,1,0.0,2.0999999999999996
100035112,3.0,1,0.0,2.0999999999999996
100035134,4.428571428571429,7,0.007142857142857144,3.1107142857142858
100035215,4.538461538461538,13,0.014285714285714287,3.198351648351648
100035248,4.2,5,0.004761904761904762,2.947142857142857
100035257,5.0,4,0.0035714285714285718,3.505357142857143
100035408,3.0,1,0.0,2.0999999999999996
100035441,3.0,1,0.0,2.0999999999999996
100035486,4.333333333333333,3,0.002380952380952381,3.0369047619047613
100035673,4.5,4,0.0035714285714285718,3.155357142857143
100035680,3.0,1,0.0,2.0999999999999996
100035689,3.6666666666666665,9,0.009523809523809525,2.5809523809523807
100035691,3.0,1,0.0,2.0999999999999996
100035763,5.0,1,0.0,3.5
100035771,5.0,1,0.0,3.5
100035775,5.0,1,0.0,3.5
100036058,4.5,4,0.0035714285714285718,3.155357142857143
100036138,4.6,5,0.004761904761904762,3.227142857142857
100036489,3.0,1,0.0,2.0999999999999996
100036497,5.0,1,0.0,3.5
100036582,3.0,1,0.0,2.0999999999999996
100036583,5.0,1,0.0,3.5
100036594,4.0,2,0.0011904761904761906,2.8017857142857143
100036713,4.0,2,0.0011904761904761906,2.8017857142857143
100036768,4.6,10,0.010714285714285714,3.2360714285714285
100036780,5.0,1,0.0,3.5
100036794,5.0,1,0.0,3.5
100036825,4.333333333333333,3,0.002380952380952381,3.0369047619047613
100037027,4.142857142857143,14,0.01547619047619048,2.9232142857142858
100037038,4.142857142857143,7,0.007142857142857144,2.9107142857142856
100037077,5.0,3,0.002380952380952381,3.5035714285714286
100037158,3.0,1,0.0,2.0999999999999996
100037173,3.0,1,0.0,2.0999999999999996
100037198,5.0,2,0.0011904761904761906,3.5017857142857145
100037200,3.0,1,0.0,2.0999999999999996
100037900,3.0,1,0.0,2.0999999999999996
100038146,5.0,2,0.0011904761904761906,3.5017857142857145
100038264,3.0,1,0.0,2.0999999999999996
100038405,5.0,1,0.0,3.5
100038407,3.0,1,0.0,2.0999999999999996
100038422,5.0,1,0.0,3.5
100038541,5.0,5,0.004761904761904762,3.507142857142857
100038561,5.0,1,0.0,3.5
100038585,5.0,1,0.0,3.5
100038680,5.0,2,0.0011904761904761906,3.5017857142857145
100038784,5.0,1,0.0,3.5
100038860,3.0,1,0.0,2.0999999999999996
100038878,4.375,16,0.01785714285714286,3.0892857142857144
100039040,5.0,1,0.0,3.5
100039280,4.5,4,0.0035714285714285718,3.155357142857143
100039522,4.555555555555555,9,0.009523809523809525,3.203174603174603
100039530,3.0,2,0.0011904761904761906,2.101785714285714
100039602,3.6666666666666665,3,0.002380952380952381,2.570238095238095
100039705,4.333333333333333,6,0.005952380952380953,3.0422619047619044
100039802,5.0,1,0.0,3.5
100039838,5.0,1,0.0,3.5
100039840,3.0,1,0.0,2.0999999999999996
100039877,4.333333333333333,3,0.002380952380952381,3.0369047619047613
100039887,4.666666666666667,6,0.005952380952380953,3.2755952380952382
100039924,4.333333333333333,3,0.002380952380952381,3.0369047619047613
100039926,4.0,4,0.0035714285714285718,2.805357142857143
100039953,3.888888888888889,9,0.009523809523809525,2.736507936507936
100039962,3.0,1,0.0,2.0999999999999996
100040178,5.0,2,0.0011904761904761906,3.5017857142857145
100040637,5.0,1,0.0,3.5
100040649,5.0,2,0.0011904761904761906,3.5017857142857145
100040651,4.714285714285714,7,0.007142857142857144,3.3107142857142855
100040663,5.0,2,0.0011904761904761906,3.5017857142857145
100040677,3.0,2,0.0011904761904761906,2.101785714285714
100040706,5.0,1,0.0,3.5
100040716,5.0,1,0.0,3.5
100040717,4.0,2,0.0011904761904761906,2.8017857142857143
100040727,5.0,1,0.0,3.5
100040737,4.0,2,0.0011904761904761906,2.8017857142857143
100040755,5.0,2,0.0011904761904761906,3.5017857142857145
100041021,5.0,1,0.0,3.5
100041192,4.4,10,0.010714285714285714,3.096071428571429
100041200,5.0,1,0.0,3.5
100041301,5.0,1,0.0,3.5
100041305,3.0,1,0.0,2.0999999999999996
100041309,4.25,8,0.008333333333333335,2.9875
100041313,3.0,2,0.0011904761904761906,2.101785714285714
100041317,3.888888888888889,9,0.009523809523809525,2.736507936507936
100041324,4.565217391304348,23,0.026190476190476195,3.234937888198757
100041353,4.0,2,0.0011904761904761906,2.8017857142857143
100041369,3.6666666666666665,6,0.005952380952380953,2.575595238095238
100041398,3.7142857142857144,14,0.01547619047619048,2.623214285714286
100041434,5.0,3,0.002380952380952381,3.5035714285714286
100041471,3.0,2,0.0011904761904761906,2.101785714285714
100041726,3.0,3,0.002380952380952381,2.103571428571428
100041778,4.333333333333333,3,0.002380952380952381,3.0369047619047613
100042042,3.6666666666666665,3,0.002380952380952381,2.570238095238095
100042415,4.6,5,0.004761904761904762,3.227142857142857
100042649,5.0,6,0.005952380952380953,3.5089285714285716
100042662,3.0,1,0.0,2.0999999999999996
100042679,3.0,1,0.0,2.0999999999999996
100042707,3.0,1,0.0,2.0999999999999996
100042745,4.166666666666667,12,0.013095238095238097,2.936309523809524
100042840,3.0,1,0.0,2.0999999999999996
100043003,4.368421052631579,19,0.021428571428571432,3.090037593984962
100043268,5.0,1,0.0,3.5
100043278,3.6666666666666665,6,0.005952380952380953,2.575595238095238
100043367,4.0,2,0.0011904761904761906,2.8017857142857143
100043773,4.555555555555555,9,0.009523809523809525,3.203174603174603
100043812,5.0,2,0.0011904761904761906,3.5017857142857145
100044056,4.0,2,0.0011904761904761906,2.8017857142857143
100044077,3.0,1,0.0,2.0999999999999996
100044127,4.25,8,0.008333333333333335,2.9875
100044181,4.333333333333333,3,0.002380952380952381,3.0369047619047613
100044240,5.0,1,0.0,3.5
100044420,4.333333333333333,6,0.005952380952380953,3.0422619047619044
100044459,4.555555555555555,9,0.009523809523809525,3.203174603174603
100044584,5.0,1,0.0,3.5
100044666,5.0,1,0.0,3.5
100044764,4.176470588235294,17,0.01904761904761905,2.952100840336134
100044766,5.0,1,0.0,3.5
100044783,4.2,10,0.010714285714285714,2.9560714285714287
100044845,5.0,2,0.0011904761904761906,3.5017857142857145
100044857,5.0,1,0.0,3.5
100045098,4.25,8,0.008333333333333335,2.9875
100045108,3.857142857142857,7,0.007142857142857144,2.7107142857142854
100045218,3.0,1,0.0,2.0999999999999996
100045288,5.0,2,0.0011904761904761906,3.5017857142857145
100045341,4.666666666666667,6,0.005952380952380953,3.2755952380952382
100045360,3.0,1,0.0,2.0999999999999996
100045381,3.0,2,0.0011904761904761906,2.101785714285714
100045491,5.0,1,0.0,3.5
100045571,3.0,1,0.0,2.0999999999999996
100045864,4.2,5,0.004761904761904762,2.947142857142857
100045878,4.0,2,0.0011904761904761906,2.8017857142857143
100046036,3.0,2,0.0011904761904761906,2.101785714285714
100046084,3.6666666666666665,3,0.002380952380952381,2.570238095238095
100046231,3.0,2,0.0011904761904761906,2.101785714285714
100046241,4.0,4,0.0035714285714285718,2.805357142857143
100046249,5.0,1,0.0,3.5
100046894,5.0,3,0.002380952380952381,3.5035714285714286
100047281,3.0,3,0.002380952380952381,2.103571428571428
100047473,5.0,1,0.0,3.5
100047844,3.0,1,0.0,2.0999999999999996
100047990,4.333333333333333,3,0.002380952380952381,3.0369047619047613
100048093,3.0,1,0.0,2.0999999999999996
100048132,5.0,2,0.0011904761904761906,3.5017857142857145
100048146,3.0,2,0.0011904761904761906,2.101785714285714
100048158,3.0,2,0.0011904761904761906,2.101785714285714
100048167,4.0,2,0.0011904761904761906,2.8017857142857143
100048174,4.5,4,0.0035714285714285718,3.155357142857143
100048184,4.0,2,0.0011904761904761906,2.8017857142857143
100048200,4.0,2,0.0011904761904761906,2.8017857142857143
100048202,3.5714285714285716,7,0.007142857142857144,2.5107142857142857
100048309,5.0,1,0.0,3.5
100048329,3.0,2,0.0011904761904761906,2.101785714285714
100048500,5.0,1,0.0,3.5
100048555,4.0,4,0.0035714285714285718,2.805357142857143
100048746,5.0,1,0.0,3.5
100048920,4.333333333333333,3,0.002380952380952381,3.0369047619047613
100049080,3.0,2,0.0011904761904761906,2.101785714285714
100049084,3.6666666666666665,3,0.002380952380952381,2.570238095238095
100049314,3.6666666666666665,3,0.002380952380952381,2.570238095238095
100049530,4.333333333333333,3,0.002380952380952381,3.0369047619047613
100049722,4.6,5,0.004761904761904762,3.227142857142857
100049741,5.0,2,0.0011904761904761906,3.5017857142857145
100049773,3.0,2,0.0011904761904761906,2.101785714285714
100049804,4.0,6,0.005952380952380953,2.8089285714285714
100049819,4.0,4,0.0035714285714285718,2.805357142857143
100049886,5.0,1,0.0,3.5
100049913,5.0,1,0.0,3.5
100049962,5.0,1,0.0,3.5
100050016,5.0,1,0.0,3.5
100050058,5.0,1,0.0,3.5
100050233,5.0,1,0.0,3.5
100050345,5.0,1,0.0,3.5
100050361,5.0,2,0.0011904761904761906,3.5017857142857145
100050362,3.0,2,0.0011904761904761906,2.101785714285714
100050364,5.0,1,0.0,3.5
100050374,4.333333333333333,3,0.002380952380952381,3.0369047619047613
100050405,4.0,2,0.0011904761904761906,2.8017857142857143
100050640,3.0,1,0.0,2.0999999999999996
100050667,3.0,1,0.0,2.0999999999999996
100050672,3.0,1,0.0,2.0999999999999996
100051363,4.288888888888889,45,0.05238095238095238,3.080793650793651
100051366,4.32,50,0.058333333333333334,3.1115
100051381,4.333333333333333,3,0.002380952380952381,3.0369047619047613
100051525,4.8,10,0.010714285714285714,3.3760714285714286
100051592,5.0,1,0.0,3.5
100051639,5.0,1,0.0,3.5
100051747,5.0,3,0.002380952380952381,3.5035714285714286
100051925,4.333333333333333,3,0.002380952380952381,3.0369047619047613
100051937,4.0,2,0.0011904761904761906,2.8017857142857143
100051952,3.0,1,0.0,2.0999999999999996
100051958,5.0,3,0.002380952380952381,3.5035714285714286
100051987,5.0,1,0.0,3.5
100052010,5.0,2,0.0011904761904761906,3.5017857142857145
100052011,3.5,8,0.008333333333333335,2.4625
100052054,5.0,1,0.0,3.5
100052075,4.0,2,0.0011904761904761906,2.8017857142857143
100052106,3.0,1,0.0,2.0999999999999996
100052108,3.0,2,0.0011904761904761906,2.101785714285714
100052113,3.0,1,0.0,2.0999999999999996
100052137,4.0,2,0.0011904761904761906,2.8017857142857143
100052147,5.0,1,0.0,3.5
100052201,4.333333333333333,3,0.002380952380952381,3.0369047619047613
100052236,4.428571428571429,14,0.01547619047619048,3.123214285714286
100052282,5.0,1,0.0,3.5
100052337,5.0,1,0.0,3.5
100052467,5.0,1,0.0,3.5
100052496,3.0,1,0.0,2.0999999999999996
100052497,4.0,2,0.0011904761904761906,2.8017857142857143
100052582,5.0,2,0.0011904761904761906,3.5017857142857145
100052599,3.5,4,0.0035714285714285718,2.455357142857143
100052611,3.0,1,0.0,2.0999999999999996
100052617,5.0,1,0.0,3.5
100052621,3.0,3,0.002380952380952381,2.103571428571428
100052622,5.0,1,0.0,3.5
100052628,4.333333333333333,6,0.005952380952380953,3.0422619047619044
100052642,4.0,2,0.0011904761904761906,2.8017857142857143
100052648,5.0,2,0.0011904761904761906,3.5017857142857145
100052855,5.0,3,0.002380952380952381,3.5035714285714286
100053170,3.0,2,0.0011904761904761906,2.101785714285714
100053489,4.2727272727272725,33,0.0380952380952381,3.0480519480519477
100054110,4.6,5,0.004761904761904762,3.227142857142857
100054122,4.75,8,0.008333333333333335,3.3375
100054470,3.0,2,0.0011904761904761906,2.101785714285714
100054480,4.0,2,0.0011904761904761906,2.8017857142857143
100054512,3.8,5,0.004761904761904762,2.667142857142857
100054566,4.333333333333333,3,0.002380952380952381,3.0369047619047613
100054572,3.0,1,0.0,2.0999999999999996
100054591,3.0,2,0.0011904761904761906,2.101785714285714
100054730,4.0,2,0.0011904761904761906,2.8017857142857143
100054775,5.0,1,0.0,3.5
100054844,4.2,5,0.004761904761904762,2.947142857142857
100054845,3.0,1,0.0,2.0999999999999996
100055365,5.0,1,0.0,3.5
100055405,4.365853658536586,41,0.04761904761904762,3.1275261324041814
100055449,4.0,2,0.0011904761904761906,2.8017857142857143
100055491,5.0,1,0.0,3.5
100055557,3.0,2,0.0011904761904761906,2.101785714285714
100055698,3.0,2,0.0011904761904761906,2.101785714285714
100055813,5.0,1,0.0,3.5
100055862,4.0,14,0.01547619047619048,2.8232142857142857
100056537,3.0,1,0.0,2.0999999999999996
100056546,5.0,1,0.0,3.5
100056590,4.333333333333333,3,0.002380952380952381,3.0369047619047613
100056627,4.333333333333333,3,0.002380952380952381,3.0369047619047613
100056756,3.5714285714285716,7,0.007142857142857144,2.5107142857142857
100056905,4.0,2,0.0011904761904761906,2.8017857142857143
100056935,5.0,1,0.0,3.5
100056939,5.0,1,0.0,3.5
100056960,3.0,3,0.002380952380952381,2.103571428571428
100056971,4.0,2,0.0011904761904761906,2.8017857142857143
100056977,3.5,4,0.0035714285714285718,2.455357142857143
100056997,3.0,1,0.0,2.0999999999999996
100057060,3.6666666666666665,3,0.002380952380952381,2.570238095238095
100057065,5.0,7,0.007142857142857144,3.5107142857142857
100057077,5.0,1,0.0,3.5
100057253,3.0,1,0.0,2.0999999999999996
100057270,5.0,2,0.0011904761904761906,3.5017857142857145
100057401,5.0,1,0.0,3.5
100057422,3.0,1,0.0,2.0999999999999996
100057503,3.0,1,0.0,2.0999999999999996
100057507,3.0,1,0.0,2.0999999999999996
100057532,5.0,2,0.0011904761904761906,3.5017857142857145
100057552,3.0,1,0.0,2.0999999999999996
100057588,4.0,2,0.0011904761904761906,2.8017857142857143
100057719,5.0,1,0.0,3.5
100057920,5.0,1,0.0,3.5
100058424,3.0,1,0.0,2.0999999999999996
100058432,5.0,1,0.0,3.5
100058500,3.0,1,0.0,2.0999999999999996
100058522,4.333333333333333,3,0.002380952380952381,3.0369047619047613
100058534,4.428571428571429,7,0.007142857142857144,3.1107142857142858
100058735,4.0,2,0.0011904761904761906,2.8017857142857143
100058775,5.0,1,0.0,3.5
100058779,3.0,1,0.0,2.0999999999999996
100058782,4.0,2,0.0011904761904761906,2.8017857142857143
100058794,5.0,1,0.0,3.5
100058800,4.636363636363637,11,0.011904761904761908,3.2633116883116884
100058815,4.565217391304348,23,0.026190476190476195,3.234937888198757
100058826,4.142857142857143,14,0.01547619047619048,2.9232142857142858
100058844,4.333333333333333,6,0.005952380952380953,3.0422619047619044
100058851,4.2,10,0.010714285714285714,2.9560714285714287
100058874,5.0,3,0.002380952380952381,3.5035714285714286
100058915,4.3,40,0.04642857142857143,3.079642857142857
100058944,3.0,1,0.0,2.0999999999999996
100059170,5.0,3,0.002380952380952381,3.5035714285714286
100059274,4.0,2,0.0011904761904761906,2.8017857142857143
100060440,5.0,1,0.0,3.5
100060784,3.0,3,0.002380952380952381,2.103571428571428
100060789,3.3333333333333335,6,0.005952380952380953,2.342261904761905
100060812,4.0,2,0.0011904761904761906,2.8017857142857143
100060821,5.0,1,0.0,3.5
100060825,4.2,10,0.010714285714285714,2.9560714285714287
100060839,4.0,20,0.022619047619047622,2.8339285714285714
100060852,5.0,1,0.0,3.5
100060857,4.090909090909091,11,0.011904761904761908,2.881493506493506
100061033,3.0,1,0.0,2.0999999999999996
100061079,5.0,1,0.0,3.5
100061195,3.0,1,0.0,2.0999999999999996
100061343,5.0,2,0.0011904761904761906,3.5017857142857145
100061464,4.0,4,0.0035714285714285718,2.805357142857143
100061688,3.0,1,0.0,2.0999999999999996
100061717,5.0,2,0.0011904761904761906,3.5017857142857145
100061915,3.0,1,0.0,2.0999999999999996
100061946,5.0,1,0.0,3.5
100061948,4.0,2,0.0011904761904761906,2.8017857142857143
100061949,4.0,2,0.0011904761904761906,2.8017857142857143
100062006,3.5,4,0.0035714285714285718,2.455357142857143
100062057,4.0,6,0.005952380952380953,2.8089285714285714
100062224,4.0,2,0.0011904761904761906,2.8017857142857143
100062484,4.230769230769231,13,0.014285714285714287,2.9829670329670326
100062507,5.0,1,0.0,3.5
100062617,4.5,4,0.0035714285714285718,3.155357142857143
100062681,3.0,1,0.0,2.0999999999999996
100062704,3.6,10,0.010714285714285714,2.5360714285714288
100062836,3.0,2,0.0011904761904761906,2.101785714285714
100062871,3.5,4,0.0035714285714285718,2.455357142857143
100062882,3.0,1,0.0,2.0999999999999996
100063108,3.0,1,0.0,2.0999999999999996
100063141,5.0,1,0.0,3.5
100063187,5.0,2,0.0011904761904761906,3.5017857142857145
100063382,3.0,1,0.0,2.0999999999999996
100063385,5.0,2,0.0011904761904761906,3.5017857142857145
100063652,5.0,1,0.0,3.5
100063734,5.0,1,0.0,3.5
100063750,3.0,1,0.0,2.0999999999999996
100063792,3.0,1,0.0,2.0999999999999996
100063799,4.0,2,0.0011904761904761906,2.8017857142857143
100063998,4.5,4,0.0035714285714285718,3.155357142857143
100064155,5.0,2,0.0011904761904761906,3.5017857142857145
100064160,3.5714285714285716,7,0.007142857142857144,2.5107142857142857
100064186,4.6,5,0.004761904761904762,3.227142857142857
100064192,4.666666666666667,6,0.005952380952380953,3.2755952380952382
100064200,3.0,1,0.0,2.0999999999999996
100064209,3.0,2,0.0011904761904761906,2.101785714285714
100064219,3.6666666666666665,3,0.002380952380952381,2.570238095238095
100064234,3.0,1,0.0,2.0999999999999996
100064678,3.0,1,0.0,2.0999999999999996
100064735,5.0,1,0.0,3.5
100065068,5.0,1,0.0,3.5
100065074,4.0,2,0.0011904761904761906,2.8017857142857143
100065075,5.0,1,0.0,3.5
100065078,4.7272727272727275,22,0.025000000000000005,3.346590909090909
100065082,3.4,5,0.004761904761904762,2.387142857142857
100065094,3.0,1,0.0,2.0999999999999996
100065117,3.0,1,0.0,2.0999999999999996
100065118,3.0,1,0.0,2.0999999999999996
100065135,3.4,5,0.004761904761904762,2.387142857142857
100065141,5.0,1,0.0,3.5
100065151,5.0,1,0.0,3.5
100065198,4.333333333333333,6,0.005952380952380953,3.0422619047619044
100065204,5.0,1,0.0,3.5
100065331,3.0,1,0.0,2.0999999999999996
100065379,4.066666666666666,15,0.01666666666666667,2.871666666666666
100065576,3.0,1,0.0,2.0999999999999996
100065712,3.6666666666666665,6,0.005952380952380953,2.575595238095238
100065755,3.0,2,0.0011904761904761906,2.101785714285714
100065838,4.6,5,0.004761904761904762,3.227142857142857
100065861,5.0,3,0.002380952380952381,3.5035714285714286
100065930,3.0,2,0.0011904761904761906,2.101785714285714
100065958,4.5,4,0.0035714285714285718,3.155357142857143
100065962,5.0,2,0.0011904761904761906,3.5017857142857145
100065967,3.5,4,0.0035714285714285718,2.455357142857143
100066000,4.5,4,0.0035714285714285718,3.155357142857143
100066114,4.666666666666667,6,0.005952380952380953,3.2755952380952382
100066118,4.0,2,0.0011904761904761906,2.8017857142857143
100066169,3.0,1,0.0,2.0999999999999996
100066338,3.0,1,0.0,2.0999999999999996
100066348,3.0,1,0.0,2.0999999999999996
100066475,5.0,1,0.0,3.5
100066580,5.0,2,0.0011904761904761906,3.5017857142857145
100066735,4.0,2,0.0011904761904761906,2.8017857142857143
100066907,5.0,1,0.0,3.5
100067330,3.6666666666666665,3,0.002380952380952381,2.570238095238095
100067509,5.0,1,0.0,3.5
100067536,5.0,1,0.0,3.5
100067550,3.0,1,0.0,2.0999999999999996
100067556,3.8,5,0.004761904761904762,2.667142857142857
100067678,5.0,1,0.0,3.5
100067699,3.0,1,0.0,2.0999999999999996
100067732,3.0,1,0.0,2.0999999999999996
100067756,3.2222222222222223,9,0.009523809523809525,2.2698412698412698
100067770,3.0,1,0.0,2.0999999999999996
100067814,4.5,8,0.008333333333333335,3.1625
100067955,3.0,4,0.0035714285714285718,2.1053571428571427
100067970,3.0,1,0.0,2.0999999999999996
100067990,3.0,1,0.0,2.0999999999999996
100068037,5.0,1,0.0,3.5
100068054,3.0,1,0.0,2.0999999999999996
100068063,3.0,1,0.0,2.0999999999999996
100068087,5.0,1,0.0,3.5
100068209,5.0,1,0.0,3.5
100068227,3.0,3,0.002380952380952381,2.103571428571428
100068239,5.0,1,0.0,3.5
100068242,5.0,1,0.0,3.5
100068244,3.0,1,0.0,2.0999999999999996
100068247,4.6,5,0.004761904761904762,3.227142857142857
100068250,3.0,1,0.0,2.0999999999999996
100068251,3.0,1,0.0,2.0999999999999996
100068280,5.0,2,0.0011904761904761906,3.5017857142857145
100068386,5.0,1,0.0,3.5
100068417,3.0,2,0.0011904761904761906,2.101785714285714
100068441,4.2631578947368425,95,0.11190476190476192,3.1520676691729324
100068465,4.0,2,0.0011904761904761906,2.8017857142857143
100068488,4.471228615863142,643,0.7642857142857143,4.27628860253277
100068491,4.244239631336406,217,0.2571428571428572,3.3566820276497693
100068492,4.095890410958904,73,0.08571428571428573,2.995694716242661
100068493,4.374331550802139,374,0.4440476190476191,3.7281035141329255
100068496,4.248,125,0.14761904761904765,3.1950285714285713
100068564,4.0,2,0.0011904761904761906,2.8017857142857143
100068589,4.25,8,0.008333333333333335,2.9875
100068602,4.454545454545454,33,0.0380952380952381,3.1753246753246747
100068622,3.0,1,0.0,2.0999999999999996
100068627,5.0,2,0.0011904761904761906,3.5017857142857145
100068670,3.8,5,0.004761904761904762,2.667142857142857
100068679,4.0,2,0.0011904761904761906,2.8017857142857143
100068689,4.333333333333333,3,0.002380952380952381,3.0369047619047613
100068700,4.0,2,0.0011904761904761906,2.8017857142857143
100068794,4.0,2,0.0011904761904761906,2.8017857142857143
100069785,4.0,2,0.0011904761904761906,2.8017857142857143
100069842,5.0,1,0.0,3.5
100069984,3.0,1,0.0,2.0999999999999996
100070049,4.6,5,0.004761904761904762,3.227142857142857
100070150,5.0,1,0.0,3.5
100070152,3.0,4,0.0035714285714285718,2.1053571428571427
100070178,4.0,2,0.0011904761904761906,2.8017857142857143
100070184,4.0,2,0.0011904761904761906,2.8017857142857143
100070199,4.0,4,0.0035714285714285718,2.805357142857143
100070288,5.0,1,0.0,3.5
100070318,4.0,2,0.0011904761904761906,2.8017857142857143
100070324,3.0,2,0.0011904761904761906,2.101785714285714
100070330,3.6666666666666665,3,0.002380952380952381,2.570238095238095
100070431,4.0,2,0.0011904761904761906,2.8017857142857143
100070443,3.6666666666666665,3,0.002380952380952381,2.570238095238095
100070445,5.0,1,0.0,3.5
100070516,5.0,1,0.0,3.5
100070533,3.3333333333333335,6,0.005952380952380953,2.342261904761905
100070543,5.0,1,0.0,3.5
100070588,4.0,2,0.0011904761904761906,2.8017857142857143
100070612,4.0,2,0.0011904761904761906,2.8017857142857143
100070616,5.0,1,0.0,3.5
100070656,3.0,2,0.0011904761904761906,2.101785714285714
100070753,4.0,2,0.0011904761904761906,2.8017857142857143
100070780,3.0,1,0.0,2.0999999999999996
100070872,5.0,1,0.0,3.5
100070876,5.0,1,0.0,3.5
100070992,3.0,1,0.0,2.0999999999999996
100071077,3.0,1,0.0,2.0999999999999996
100071196,4.0,2,0.0011904761904761906,2.8017857142857143
100071197,3.0,1,0.0,2.0999999999999996
100071280,5.0,2,0.0011904761904761906,3.5017857142857145
100071321,4.0,4,0.0035714285714285718,2.805357142857143
100071343,4.0,2,0.0011904761904761906,2.8017857142857143
100071401,5.0,1,0.0,3.5
100071436,4.0,2,0.0011904761904761906,2.8017857142857143
100071437,3.0,1,0.0,2.0999999999999996
100071758,3.0,1,0.0,2.0999999999999996
100071893,5.0,1,0.0,3.5
100072060,5.0,1,0.0,3.5
100072167,3.0,3,0.002380952380952381,2.103571428571428
100072172,3.0,1,0.0,2.0999999999999996
100072226,5.0,1,0.0,3.5
100072523,3.0,1,0.0,2.0999999999999996
100072542,5.0,1,0.0,3.5
100072658,3.0,1,0.0,2.0999999999999996
100072916,5.0,1,0.0,3.5
100072993,3.0,1,0.0,2.0999999999999996
100073083,5.0,1,0.0,3.5
100073181,5.0,1,0.0,3.5
100073193,4.2,5,0.004761904761904762,2.947142857142857
100073381,3.0,1,0.0,2.0999999999999996
100073453,3.0,1,0.0,2.0999999999999996
100073490,5.0,1,0.0,3.5
100073542,5.0,2,0.0011904761904761906,3.5017857142857145
100073566,4.666666666666667,6,0.005952380952380953,3.2755952380952382
100073629,4.0,2,0.0011904761904761906,2.8017857142857143
100073795,4.0,10,0.010714285714285714,2.8160714285714286
100074002,5.0,1,0.0,3.5
100074092,4.5,8,0.008333333333333335,3.1625
100074177,3.0,1,0.0,2.0999999999999996
100074281,3.0,1,0.0,2.0999999999999996
100074349,3.0,1,0.0,2.0999999999999996
100074385,5.0,1,0.0,3.5
100074406,4.2,5,0.004761904761904762,2.947142857142857
100074412,3.888888888888889,9,0.009523809523809525,2.736507936507936
100074563,3.0,1,0.0,2.0999999999999996
100074684,5.0,1,0.0,3.5
100074699,4.333333333333333,3,0.002380952380952381,3.0369047619047613
100074746,3.0,1,0.0,2.0999999999999996
100074896,4.384615384615385,13,0.014285714285714287,3.090659340659341
100075396,5.0,3,0.002380952380952381,3.5035714285714286
100075409,3.0,2,0.0011904761904761906,2.101785714285714
100075522,5.0,1,0.0,3.5
100075683,5.0,1,0.0,3.5
100075700,3.0,2,0.0011904761904761906,2.101785714285714
100075843,5.0,1,0.0,3.5
100075893,3.6666666666666665,6,0.005952380952380953,2.575595238095238
100075929,5.0,3,0.002380952380952381,3.5035714285714286
100076079,3.8,5,0.004761904761904762,2.667142857142857
100076085,4.0,4,0.0035714285714285718,2.805357142857143
100076094,4.0,2,0.0011904761904761906,2.8017857142857143
100076279,4.0,2,0.0011904761904761906,2.8017857142857143
100076282,5.0,2,0.0011904761904761906,3.5017857142857145
100076325,4.2727272727272725,11,0.011904761904761908,3.0087662337662335
100076390,3.0,1,0.0,2.0999999999999996
100076611,3.0,4,0.0035714285714285718,2.1053571428571427
100077084,4.0,2,0.0011904761904761906,2.8017857142857143
100077271,3.0,1,0.0,2.0999999999999996
100077276,3.0,2,0.0011904761904761906,2.101785714285714
100077416,5.0,3,0.002380952380952381,3.5035714285714286
100077531,5.0,1,0.0,3.5
100077607,3.6666666666666665,3,0.002380952380952381,2.570238095238095
100077642,3.0,1,0.0,2.0999999999999996
100077997,4.333333333333333,3,0.002380952380952381,3.0369047619047613
100078039,4.142857142857143,7,0.007142857142857144,2.9107142857142856
100078081,3.6666666666666665,3,0.002380952380952381,2.570238095238095
100078092,4.5,4,0.0035714285714285718,3.155357142857143
100078108,4.0,6,0.005952380952380953,2.8089285714285714
100078144,3.0,4,0.0035714285714285718,2.1053571428571427
100078190,3.0,1,0.0,2.0999999999999996
100078206,3.0,1,0.0,2.0999999999999996
100078297,5.0,2,0.0011904761904761906,3.5017857142857145
100078333,4.25,8,0.008333333333333335,2.9875
100078406,5.0,1,0.0,3.5
100078427,4.0,2,0.0011904761904761906,2.8017857142857143
100078475,3.0,1,0.0,2.0999999999999996
100078493,5.0,1,0.0,3.5
100078501,4.0,6,0.005952380952380953,2.8089285714285714
100078528,5.0,1,0.0,3.5
100078561,4.0,6,0.005952380952380953,2.8089285714285714
100078577,3.0,1,0.0,2.0999999999999996
100078832,5.0,1,0.0,3.5
100078894,3.0,2,0.0011904761904761906,2.101785714285714
100079198,4.0,2,0.0011904761904761906,2.8017857142857143
100079203,3.0,1,0.0,2.0999999999999996
100079257,3.0,1,0.0,2.0999999999999996
100079304,4.333333333333333,3,0.002380952380952381,3.0369047619047613
100079314,5.0,1,0.0,3.5
100079328,3.0,1,0.0,2.0999999999999996
100079473,5.0,2,0.0011904761904761906,3.5017857142857145
100079539,3.0,1,0.0,2.0999999999999996
100079717,3.8,5,0.004761904761904762,2.667142857142857
100079831,3.8,5,0.004761904761904762,2.667142857142857
100079835,5.0,1,0.0,3.5
100079842,4.0,2,0.0011904761904761906,2.8017857142857143
100079844,3.909090909090909,11,0.011904761904761908,2.754220779220779
100079863,4.0,2,0.0011904761904761906,2.8017857142857143
100079882,5.0,1,0.0,3.5
100080045,3.0,2,0.0011904761904761906,2.101785714285714
100080095,5.0,1,0.0,3.5
100080153,3.0,1,0.0,2.0999999999999996
100080228,4.25,8,0.008333333333333335,2.9875
100080240,5.0,2,0.0011904761904761906,3.5017857142857145
100080264,4.5,4,0.0035714285714285718,3.155357142857143
100080273,3.0,1,0.0,2.0999999999999996
100080350,4.6,5,0.004761904761904762,3.227142857142857
100080544,5.0,2,0.0011904761904761906,3.5017857142857145
100080547,5.0,1,0.0,3.5
100080841,4.228915662650603,83,0.09761904761904763,3.106669535283993
100080849,4.0,6,0.005952380952380953,2.8089285714285714
100080851,4.0,2,0.0011904761904761906,2.8017857142857143
100080927,5.0,1,0.0,3.5
100080998,3.0,1,0.0,2.0999999999999996
100081128,3.0,1,0.0,2.0999999999999996
100081243,5.0,1,0.0,3.5
100081364,5.0,4,0.0035714285714285718,3.505357142857143
100081365,5.0,1,0.0,3.5
100081399,5.0,4,0.0035714285714285718,3.505357142857143
100081401,4.0,2,0.0011904761904761906,2.8017857142857143
100081404,5.0,1,0.0,3.5
100081415,3.0,1,0.0,2.0999999999999996
100081475,5.0,4,0.0035714285714285718,3.505357142857143
100081486,3.0,1,0.0,2.0999999999999996
100081596,3.0,1,0.0,2.0999999999999996
100081598,4.0,2,0.0011904761904761906,2.8017857142857143
100081643,4.333333333333333,3,0.002380952380952381,3.0369047619047613
100081713,4.0,2,0.0011904761904761906,2.8017857142857143
100081731,3.0,2,0.0011904761904761906,2.101785714285714
100081744,4.333333333333333,6,0.005952380952380953,3.0422619047619044
100081778,4.333333333333333,42,0.04880952380952381,3.1065476190476184
100081782,3.0,1,0.0,2.0999999999999996
100081784,4.0,4,0.0035714285714285718,2.805357142857143
100081801,3.0,1,0.0,2.0999999999999996
100081804,4.2,5,0.004761904761904762,2.947142857142857
100081815,4.333333333333333,6,0.005952380952380953,3.0422619047619044
100081836,4.2,5,0.004761904761904762,2.947142857142857
100081868,5.0,3,0.002380952380952381,3.5035714285714286
100081902,5.0,1,0.0,3.5
100081928,5.0,2,0.0011904761904761906,3.5017857142857145
100081939,5.0,1,0.0,3.5
100081955,5.0,1,0.0,3.5
100082001,5.0,1,0.0,3.5
100082062,4.5,8,0.008333333333333335,3.1625
100082142,5.0,1,0.0,3.5
100082157,4.0,2,0.0011904761904761906,2.8017857142857143
100082400,3.0,1,0.0,2.0999999999999996
100082415,5.0,2,0.0011904761904761906,3.5017857142857145
100082700,5.0,1,0.0,3.5
100082725,4.0,2,0.0011904761904761906,2.8017857142857143
100082823,4.333333333333333,3,0.002380952380952381,3.0369047619047613
100082935,3.6666666666666665,3,0.002380952380952381,2.570238095238095
100082967,4.142857142857143,7,0.007142857142857144,2.9107142857142856
100082994,4.0,2,0.0011904761904761906,2.8017857142857143
100083075,3.0,1,0.0,2.0999999999999996
100083118,3.0,1,0.0,2.0999999999999996
100083207,3.0,1,0.0,2.0999999999999996
100083239,5.0,1,0.0,3.5
100083252,4.5,16,0.01785714285714286,3.1767857142857143
100083258,4.0,2,0.0011904761904761906,2.8017857142857143
100083261,3.0,1,0.0,2.0999999999999996
100083294,5.0,4,0.0035714285714285718,3.505357142857143
100083296,5.0,2,0.0011904761904761906,3.5017857142857145
100083351,3.0,1,0.0,2.0999999999999996
100083365,5.0,2,0.0011904761904761906,3.5017857142857145
100083442,3.0,1,0.0,2.0999999999999996
100083469,3.0,2,0.0011904761904761906,2.101785714285714
100083471,3.0,1,0.0,2.0999999999999996
100083672,4.0,4,0.0035714285714285718,2.805357142857143
100083674,5.0,1,0.0,3.5
100083700,5.0,1,0.0,3.5
100083720,5.0,1,0.0,3.5
100083889,3.0,2,0.0011904761904761906,2.101785714285714
100083894,4.0,2,0.0011904761904761906,2.8017857142857143
100084009,5.0,1,0.0,3.5
100084115,4.0,2,0.0011904761904761906,2.8017857142857143
100084128,3.0,1,0.0,2.0999999999999996
100084136,5.0,1,0.0,3.5
100084139,5.0,1,0.0,3.5
100084150,4.0,2,0.0011904761904761906,2.8017857142857143
100084224,3.923076923076923,13,0.014285714285714287,2.767582417582417
100084353,5.0,1,0.0,3.5
100084379,5.0,1,0.0,3.5
100084383,5.0,2,0.0011904761904761906,3.5017857142857145
100084387,4.0,2,0.0011904761904761906,2.8017857142857143
100084485,5.0,1,0.0,3.5
100084526,3.6666666666666665,3,0.002380952380952381,2.570238095238095
100084533,4.0,2,0.0011904761904761906,2.8017857142857143
100084539,5.0,1,0.0,3.5
100084564,3.0,1,0.0,2.0999999999999996
100084578,4.0,2,0.0011904761904761906,2.8017857142857143
100084642,3.0,1,0.0,2.0999999999999996
100084648,4.0,4,0.0035714285714285718,2.805357142857143
100084732,5.0,1,0.0,3.5
100084741,5.0,1,0.0,3.5
100084773,5.0,1,0.0,3.5
100084807,5.0,1,0.0,3.5
100084853,3.6666666666666665,9,0.009523809523809525,2.5809523809523807
100084859,4.2,25,0.028571428571428574,2.9828571428571427
100084871,3.2857142857142856,7,0.007142857142857144,2.3107142857142855
100084905,5.0,1,0.0,3.5
100085086,3.6666666666666665,3,0.002380952380952381,2.570238095238095
100085434,5.0,1,0.0,3.5
100085525,3.0,1,0.0,2.0999999999999996
100086009,5.0,1,0.0,3.5
100086203,4.395480225988701,354,0.4202380952380953,3.707193301049233
100086235,4.295238095238095,105,0.12380952380952381,3.192380952380952
100086238,4.275862068965517,116,0.13690476190476192,3.1984605911330046
100086291,3.6666666666666665,3,0.002380952380952381,2.570238095238095
100086342,3.0,2,0.0011904761904761906,2.101785714285714
100086368,3.0,1,0.0,2.0999999999999996
100086404,5.0,2,0.0011904761904761906,3.5017857142857145
100086580,5.0,3,0.002380952380952381,3.5035714285714286
100086841,5.0,1,0.0,3.5
100086911,5.0,2,0.0011904761904761906,3.5017857142857145
100086932,3.0,1,0.0,2.0999999999999996
100086945,5.0,3,0.002380952380952381,3.5035714285714286
100087001,3.0,1,0.0,2.0999999999999996
100087013,3.0,2,0.0011904761904761906,2.101785714285714
100087227,3.0,1,0.0,2.0999999999999996
100087346,4.333333333333333,3,0.002380952380952381,3.0369047619047613
100087989,4.0,2,0.0011904761904761906,2.8017857142857143
100088562,3.6666666666666665,3,0.002380952380952381,2.570238095238095
100088581,3.0,1,0.0,2.0999999999999996
100088595,4.333333333333333,3,0.002380952380952381,3.0369047619047613
100088720,3.0,2,0.0011904761904761906,2.101785714285714
100088784,3.0,1,0.0,2.0999999999999996
100088791,5.0,3,0.002380952380952381,3.5035714285714286
100088809,3.0,1,0.0,2.0999999999999996
100088847,3.6666666666666665,3,0.002380952380952381,2.570238095238095
100088885,3.0,2,0.0011904761904761906,2.101785714285714
100089189,3.5,4,0.0035714285714285718,2.455357142857143
100089277,5.0,1,0.0,3.5
100089313,3.0,1,0.0,2.0999999999999996
100089314,5.0,1,0.0,3.5
100089465,5.0,1,0.0,3.5
100089485,5.0,1,0.0,3.5
100089518,3.0,1,0.0,2.0999999999999996
100089533,3.0,2,0.0011904761904761906,2.101785714285714
100089572,5.0,1,0.0,3.5
100089577,5.0,1,0.0,3.5
100089639,3.0,2,0.0011904761904761906,2.101785714285714
100089693,3.5,4,0.0035714285714285718,2.455357142857143
100089695,3.0,2,0.0011904761904761906,2.101785714285714
100089744,3.0,1,0.0,2.0999999999999996
100089914,3.0,1,0.0,2.0999999999999996
100090024,4.36,25,0.028571428571428574,3.0948571428571428
100090116,5.0,1,0.0,3.5
100090175,5.0,1,0.0,3.5
100090352,3.96,25,0.028571428571428574,2.8148571428571425
100090547,4.0,4,0.0035714285714285718,2.805357142857143
100090563,3.0,1,0.0,2.0999999999999996
100090568,3.0,1,0.0,2.0999999999999996
100090595,5.0,3,0.002380952380952381,3.5035714285714286
100090881,5.0,1,0.0,3.5
100090939,5.0,1,0.0,3.5
100091046,3.0,1,0.0,2.0999999999999996
100091326,5.0,3,0.002380952380952381,3.5035714285714286
100091351,5.0,1,0.0,3.5
100091364,3.6666666666666665,3,0.002380952380952381,2.570238095238095
100091391,3.0,6,0.005952380952380953,2.1089285714285713
100091395,4.333333333333333,3,0.002380952380952381,3.0369047619047613
100091614,5.0,1,0.0,3.5
100091657,3.0,1,0.0,2.0999999999999996
100091664,3.0,2,0.0011904761904761906,2.101785714285714
100091672,3.0,3,0.002380952380952381,2.103571428571428
100091676,4.0,2,0.0011904761904761906,2.8017857142857143
100091677,5.0,4,0.0035714285714285718,3.505357142857143
100091688,4.0,2,0.0011904761904761906,2.8017857142857143
100091689,3.0,1,0.0,2.0999999999999996
100091697,5.0,1,0.0,3.5
100091702,5.0,1,0.0,3.5
100091703,5.0,2,0.0011904761904761906,3.5017857142857145
100091808,4.0,2,0.0011904761904761906,2.8017857142857143
100091883,4.0,4,0.0035714285714285718,2.805357142857143
100092008,3.0,1,0.0,2.0999999999999996
100092015,3.0,1,0.0,2.0999999999999996
100092018,5.0,1,0.0,3.5
100092039,3.0,1,0.0,2.0999999999999996
100092049,4.5,4,0.0035714285714285718,3.155357142857143
100092174,4.5,4,0.0035714285714285718,3.155357142857143
100092198,3.0,3,0.002380952380952381,2.103571428571428
100092230,3.0,3,0.002380952380952381,2.103571428571428
100092307,5.0,2,0.0011904761904761906,3.5017857142857145
100092310,5.0,1,0.0,3.5
100092312,5.0,1,0.0,3.5
100092357,5.0,1,0.0,3.5
100092387,3.0,1,0.0,2.0999999999999996
100092454,3.0,1,0.0,2.0999999999999996
100092465,4.111111111111111,9,0.009523809523809525,2.8920634920634916
100092479,3.0,1,0.0,2.0999999999999996
100092484,3.888888888888889,9,0.009523809523809525,2.736507936507936
100092524,5.0,1,0.0,3.5
100092543,5.0,2,0.0011904761904761906,3.5017857142857145
100093434,5.0,3,0.002380952380952381,3.5035714285714286
100093453,5.0,1,0.0,3.5
100093585,4.0,2,0.0011904761904761906,2.8017857142857143
100093635,5.0,1,0.0,3.5
100093644,4.0,6,0.005952380952380953,2.8089285714285714
100093666,3.0,1,0.0,2.0999999999999996
100093807,3.0,2,0.0011904761904761906,2.101785714285714
100093811,5.0,1,0.0,3.5
100093826,4.0,2,0.0011904761904761906,2.8017857142857143
100093909,3.0,3,0.002380952380952381,2.103571428571428
100093926,5.0,1,0.0,3.5
100094131,3.0,3,0.002380952380952381,2.103571428571428
100094191,3.0,1,0.0,2.0999999999999996
100094242,3.857142857142857,7,0.007142857142857144,2.7107142857142854
100094716,5.0,2,0.0011904761904761906,3.5017857142857145
100094939,5.0,1,0.0,3.5
100095118,5.0,1,0.0,3.5
100095137,4.333333333333333,6,0.005952380952380953,3.0422619047619044
100095151,5.0,1,0.0,3.5
100095413,3.4,5,0.004761904761904762,2.387142857142857
100095421,3.0,2,0.0011904761904761906,2.101785714285714
100095487,3.0,1,0.0,2.0999999999999996
100095490,5.0,3,0.002380952380952381,3.5035714285714286
100095513,5.0,1,0.0,3.5
100095827,3.0,1,0.0,2.0999999999999996
100095879,5.0,1,0.0,3.5
100095883,4.0,2,0.0011904761904761906,2.8017857142857143
100096115,5.0,1,0.0,3.5
100096253,3.0,1,0.0,2.0999999999999996
100096264,4.2,5,0.004761904761904762,2.947142857142857
100096391,5.0,1,0.0,3.5
100096404,3.6666666666666665,3,0.002380952380952381,2.570238095238095
100096529,5.0,4,0.0035714285714285718,3.505357142857143
100096531,5.0,1,0.0,3.5
100096607,5.0,2,0.0011904761904761906,3.5017857142857145
100096622,5.0,1,0.0,3.5
100096657,3.0,3,0.002380952380952381,2.103571428571428
100096787,5.0,1,0.0,3.5
100096918,5.0,1,0.0,3.5
100096994,3.6666666666666665,3,0.002380952380952381,2.570238095238095
100097104,5.0,1,0.0,3.5
100097201,3.0,1,0.0,2.0999999999999996
100097277,3.0,1,0.0,2.0999999999999996
100097319,5.0,1,0.0,3.5
100097406,5.0,1,0.0,3.5
100097458,5.0,1,0.0,3.5
100097497,4.0,2,0.0011904761904761906,2.8017857142857143
100097498,5.0,1,0.0,3.5
100097510,3.0,2,0.0011904761904761906,2.101785714285714
100097525,5.0,1,0.0,3.5
100097563,5.0,1,0.0,3.5
100097570,3.0,1,0.0,2.0999999999999996
100097574,3.0,2,0.0011904761904761906,2.101785714285714
100097579,3.0,1,0.0,2.0999999999999996
100097589,4.0,2,0.0011904761904761906,2.8017857142857143
100097596,4.142857142857143,7,0.007142857142857144,2.9107142857142856
100097597,4.0,2,0.0011904761904761906,2.8017857142857143
100097610,5.0,1,0.0,3.5
100097630,3.0,1,0.0,2.0999999999999996
100097653,3.6666666666666665,3,0.002380952380952381,2.570238095238095
100097657,3.0,1,0.0,2.0999999999999996
100097658,3.0,1,0.0,2.0999999999999996
100097704,4.333333333333333,3,0.002380952380952381,3.0369047619047613
100098013,5.0,1,0.0,3.5
100098288,4.0,2,0.0011904761904761906,2.8017857142857143
100098465,3.6666666666666665,3,0.002380952380952381,2.570238095238095
100098469,5.0,1,0.0,3.5
100098485,3.0,1,0.0,2.0999999999999996
100098606,5.0,1,0.0,3.5
100098678,4.0,4,0.0035714285714285718,2.805357142857143
100098695,3.0,2,0.0011904761904761906,2.101785714285714
100098797,3.0,1,0.0,2.0999999999999996
100099062,5.0,1,0.0,3.5
100099092,5.0,2,0.0011904761904761906,3.5017857142857145
100099122,5.0,1,0.0,3.5
100099294,5.0,1,0.0,3.5
100099305,3.0,1,0.0,2.0999999999999996
100099352,5.0,1,0.0,3.5
100099539,3.0,1,0.0,2.0999999999999996
100099764,5.0,2,0.0011904761904761906,3.5017857142857145
100099771,4.0,2,0.0011904761904761906,2.8017857142857143
100100026,4.0,2,0.0011904761904761906,2.8017857142857143
100100068,3.0,1,0.0,2.0999999999999996
100100126,5.0,1,0.0,3.5
100100240,4.0,2,0.0011904761904761906,2.8017857142857143
100100262,5.0,1,0.0,3.5
100100281,5.0,1,0.0,3.5
100100337,5.0,1,0.0,3.5
100100464,4.0,2,0.0011904761904761906,2.8017857142857143
100100526,3.0,1,0.0,2.0999999999999996
100100609,5.0,1,0.0,3.5
100100660,5.0,1,0.0,3.5
100100750,5.0,1,0.0,3.5
100100751,3.8,5,0.004761904761904762,2.667142857142857
100100756,3.0,1,0.0,2.0999999999999996
100100887,5.0,1,0.0,3.5
100101112,4.0,2,0.0011904761904761906,2.8017857142857143
100101120,3.6666666666666665,3,0.002380952380952381,2.570238095238095
100101133,5.0,2,0.0011904761904761906,3.5017857142857145
100101185,4.5,4,0.0035714285714285718,3.155357142857143
100101230,3.838709677419355,31,0.03571428571428571,2.7406682027649767
100101233,3.5,4,0.0035714285714285718,2.455357142857143
100101297,5.0,2,0.0011904761904761906,3.5017857142857145
100101300,4.0,2,0.0011904761904761906,2.8017857142857143
100101305,4.0,2,0.0011904761904761906,2.8017857142857143
100101333,3.6666666666666665,3,0.002380952380952381,2.570238095238095
100101349,5.0,1,0.0,3.5
100101352,5.0,2,0.0011904761904761906,3.5017857142857145
100101354,5.0,1,0.0,3.5
100101391,5.0,1,0.0,3.5
100101460,3.0,1,0.0,2.0999999999999996
100101538,3.6666666666666665,3,0.002380952380952381,2.570238095238095
100101551,3.0,1,0.0,2.0999999999999996
100101644,5.0,2,0.0011904761904761906,3.5017857142857145
100101669,3.0,1,0.0,2.0999999999999996
100101683,5.0,1,0.0,3.5
100101815,5.0,1,0.0,3.5
100101890,3.0,2,0.0011904761904761906,2.101785714285714
100101908,5.0,1,0.0,3.5
100101931,4.0,2,0.0011904761904761906,2.8017857142857143
100101945,3.0,1,0.0,2.0999999999999996
100102030,5.0,1,0.0,3.5
100102204,4.333333333333333,3,0.002380952380952381,3.0369047619047613
100102227,5.0,1,0.0,3.5
100102289,4.0,4,0.0035714285714285718,2.805357142857143
100102447,4.0,2,0.0011904761904761906,2.8017857142857143
100102454,3.6666666666666665,6,0.005952380952380953,2.575595238095238
100102684,3.0,1,0.0,2.0999999999999996
100102893,5.0,1,0.0,3.5
100103479,5.0,1,0.0,3.5
100103484,4.0,2,0.0011904761904761906,2.8017857142857143
100103489,4.0,2,0.0011904761904761906,2.8017857142857143
100103494,3.0,1,0.0,2.0999999999999996
100103501,3.0,1,0.0,2.0999999999999996
100103522,5.0,2,0.0011904761904761906,3.5017857142857145
100103540,4.333333333333333,3,0.002380952380952381,3.0369047619047613
100103579,5.0,1,0.0,3.5
100103644,3.0,2,0.0011904761904761906,2.101785714285714
100103681,3.0,1,0.0,2.0999999999999996
100103687,5.0,1,0.0,3.5
100103693,5.0,1,0.0,3.5
100103920,5.0,1,0.0,3.5
100103946,3.6666666666666665,3,0.002380952380952381,2.570238095238095
100103955,3.0,1,0.0,2.0999999999999996
100103989,4.0,2,0.0011904761904761906,2.8017857142857143
100104121,3.6666666666666665,3,0.002380952380952381,2.570238095238095
100104459,5.0,1,0.0,3.5
100104481,4.435897435897436,39,0.04523809523809524,3.1729853479853483
100104483,3.0,1,0.0,2.0999999999999996
100104609,5.0,3,0.002380952380952381,3.5035714285714286
100104726,4.0,2,0.0011904761904761906,2.8017857142857143
100104751,5.0,1,0.0,3.5
100104755,4.212121212121212,99,0.11666666666666668,3.123484848484848
100104884,3.0,1,0.0,2.0999999999999996
100104922,5.0,1,0.0,3.5
100104953,4.0,2,0.0011904761904761906,2.8017857142857143
100104975,5.0,1,0.0,3.5
100105373,4.5,4,0.0035714285714285718,3.155357142857143
100105374,4.25,8,0.008333333333333335,2.9875
100106029,4.0,12,0.013095238095238097,2.819642857142857
100106045,3.933333333333333,15,0.01666666666666667,2.778333333333333
100106136,3.0,1,0.0,2.0999999999999996
100106155,5.0,1,0.0,3.5
100106171,3.0,1,0.0,2.0999999999999996
100106190,3.0,2,0.0011904761904761906,2.101785714285714
100106197,3.0,1,0.0,2.0999999999999996
100106207,4.5,24,0.027380952380952384,3.1910714285714286
100106291,5.0,1,0.0,3.5
100106378,4.333333333333333,3,0.002380952380952381,3.0369047619047613
100106506,3.0,1,0.0,2.0999999999999996
100106532,3.0,1,0.0,2.0999999999999996
100106584,3.0,2,0.0011904761904761906,2.101785714285714
100106944,3.0,1,0.0,2.0999999999999996
100107095,5.0,1,0.0,3.5
100107306,4.333333333333333,3,0.002380952380952381,3.0369047619047613
100107319,5.0,2,0.0011904761904761906,3.5017857142857145
100107373,4.5,4,0.0035714285714285718,3.155357142857143
100107614,4.0,2,0.0011904761904761906,2.8017857142857143
100107729,5.0,1,0.0,3.5
100107798,4.230769230769231,39,0.04523809523809524,3.0293956043956043
100107870,4.0,2,0.0011904761904761906,2.8017857142857143
100107877,4.2,20,0.022619047619047622,2.9739285714285715
100107882,4.538461538461538,13,0.014285714285714287,3.198351648351648
100107906,4.428571428571429,7,0.007142857142857144,3.1107142857142858
100107910,3.6666666666666665,3,0.002380952380952381,2.570238095238095
100107930,5.0,1,0.0,3.5
100107971,4.0,2,0.0011904761904761906,2.8017857142857143
100108249,3.0,1,0.0,2.0999999999999996
100108961,4.0,2,0.0011904761904761906,2.8017857142857143
100108973,3.0,1,0.0,2.0999999999999996
100109003,5.0,1,0.0,3.5
100109105,4.333333333333333,3,0.002380952380952381,3.0369047619047613
100109116,3.0,1,0.0,2.0999999999999996
100109125,3.0,1,0.0,2.0999999999999996
100109237,3.0,1,0.0,2.0999999999999996
100109307,5.0,1,0.0,3.5
100109313,5.0,1,0.0,3.5
100109538,5.0,3,0.002380952380952381,3.5035714285714286
100109543,4.2727272727272725,11,0.011904761904761908,3.0087662337662335
100109549,4.4,10,0.010714285714285714,3.096071428571429
100109560,5.0,1,0.0,3.5
100109567,4.0,4,0.0035714285714285718,2.805357142857143
100109756,3.3529411764705883,17,0.01904761904761905,2.3756302521008403
100109764,5.0,1,0.0,3.5
100109769,4.285714285714286,28,0.03214285714285715,3.0482142857142853
100109950,4.166666666666667,36,0.041666666666666664,2.9791666666666665
100109996,5.0,1,0.0,3.5
100110009,3.0,1,0.0,2.0999999999999996
100110071,4.333333333333333,3,0.002380952380952381,3.0369047619047613
100110177,4.2,5,0.004761904761904762,2.947142857142857
100110184,5.0,1,0.0,3.5
100110198,5.0,2,0.0011904761904761906,3.5017857142857145
100110214,5.0,3,0.002380952380952381,3.5035714285714286
100110218,4.0,2,0.0011904761904761906,2.8017857142857143
100110236,3.6666666666666665,3,0.002380952380952381,2.570238095238095
100110242,4.0,2,0.0011904761904761906,2.8017857142857143
100110265,4.0,2,0.0011904761904761906,2.8017857142857143
100110298,4.0,2,0.0011904761904761906,2.8017857142857143
100110416,3.6666666666666665,3,0.002380952380952381,2.570238095238095
100110426,4.0,2,0.0011904761904761906,2.8017857142857143
100110439,3.5,4,0.0035714285714285718,2.455357142857143
100110455,3.0,1,0.0,2.0999999999999996
100110671,4.0,2,0.0011904761904761906,2.8017857142857143
100110747,5.0,1,0.0,3.5
100110751,3.0,2,0.0011904761904761906,2.101785714285714
100110848,3.0,1,0.0,2.0999999999999996
100110872,5.0,1,0.0,3.5
100110956,4.0,2,0.0011904761904761906,2.8017857142857143
100111076,3.0,2,0.0011904761904761906,2.101785714285714
100112236,4.333333333333333,3,0.002380952380952381,3.0369047619047613
100112241,3.0,1,0.0,2.0999999999999996
100112264,3.0,1,0.0,2.0999999999999996
100112266,5.0,2,0.0011904761904761906,3.5017857142857145
100112268,4.0,2,0.0011904761904761906,2.8017857142857143
100112271,3.0,1,0.0,2.0999999999999996
100112316,5.0,1,0.0,3.5
100112342,5.0,1,0.0,3.5
100112369,5.0,1,0.0,3.5
100112462,4.0,2,0.0011904761904761906,2.8017857142857143
100112527,4.0,2,0.0011904761904761906,2.8017857142857143
100112542,5.0,1,0.0,3.5
100112624,5.0,1,0.0,3.5
100112799,4.0,2,0.0011904761904761906,2.8017857142857143
100112829,5.0,1,0.0,3.5
100112996,5.0,1,0.0,3.5
100113087,4.0,2,0.0011904761904761906,2.8017857142857143
100113520,5.0,1,0.0,3.5
100113568,5.0,1,0.0,3.5
100113729,5.0,1,0.0,3.5
100113733,4.0,2,0.0011904761904761906,2.8017857142857143
100113769,4.0,2,0.0011904761904761906,2.8017857142857143
100113810,5.0,1,0.0,3.5
100113820,3.0,2,0.0011904761904761906,2.101785714285714
100113832,5.0,1,0.0,3.5
100113833,3.0,1,0.0,2.0999999999999996
100113885,3.0,1,0.0,2.0999999999999996
100113894,5.0,2,0.0011904761904761906,3.5017857142857145
100114017,4.0,2,0.0011904761904761906,2.8017857142857143
100114082,3.0,1,0.0,2.0999999999999996
100114130,5.0,1,0.0,3.5
100114148,5.0,1,0.0,3.5
100114149,5.0,1,0.0,3.5
100114413,5.0,10,0.010714285714285714,3.5160714285714287
100114418,4.0,2,0.0011904761904761906,2.8017857142857143
100114429,4.333333333333333,9,0.009523809523809525,3.047619047619047
100114445,4.5,4,0.0035714285714285718,3.155357142857143
100114476,5.0,2,0.0011904761904761906,3.5017857142857145
100114546,4.5,8,0.008333333333333335,3.1625
100114805,3.0,2,0.0011904761904761906,2.101785714285714
100115029,4.333333333333333,3,0.002380952380952381,3.0369047619047613
100115067,3.6666666666666665,3,0.002380952380952381,2.570238095238095
100115150,5.0,1,0.0,3.5
100115233,4.333333333333333,3,0.002380952380952381,3.0369047619047613
100115248,3.0,1,0.0,2.0999999999999996
100115278,3.0,1,0.0,2.0999999999999996
100115291,3.0,2,0.0011904761904761906,2.101785714285714
100115315,5.0,2,0.0011904761904761906,3.5017857142857145
100115319,3.6666666666666665,3,0.002380952380952381,2.570238095238095
100115332,4.333333333333333,3,0.002380952380952381,3.0369047619047613
100115381,5.0,1,0.0,3.5
100115405,4.393939393939394,33,0.0380952380952381,3.132900432900432
100115406,5.0,1,0.0,3.5
100115426,3.0,2,0.0011904761904761906,2.101785714285714
100115536,3.8,5,0.004761904761904762,2.667142857142857
100115901,5.0,1,0.0,3.5
100115907,3.0,1,0.0,2.0999999999999996
100115921,4.333333333333333,3,0.002380952380952381,3.0369047619047613
100115952,3.0,2,0.0011904761904761906,2.101785714285714
100115953,5.0,1,0.0,3.5
100116054,3.0,2,0.0011904761904761906,2.101785714285714
100116061,4.0,2,0.0011904761904761906,2.8017857142857143
100116083,4.333333333333333,3,0.002380952380952381,3.0369047619047613
100116086,5.0,3,0.002380952380952381,3.5035714285714286
100116128,4.0,2,0.0011904761904761906,2.8017857142857143
100116153,3.0,1,0.0,2.0999999999999996
100116219,5.0,1,0.0,3.5
100116248,3.0,1,0.0,2.0999999999999996
100116364,3.0,1,0.0,2.0999999999999996
100116489,3.5,4,0.0035714285714285718,2.455357142857143
100116513,3.0,1,0.0,2.0999999999999996
100116520,3.0,2,0.0011904761904761906,2.101785714285714
100116531,3.0,1,0.0,2.0999999999999996
100116549,3.0,1,0.0,2.0999999999999996
100116550,5.0,1,0.0,3.5
100116567,5.0,2,0.0011904761904761906,3.5017857142857145
100116576,3.4444444444444446,9,0.009523809523809525,2.425396825396825
100116581,4.333333333333333,9,0.009523809523809525,3.047619047619047
100116598,3.6666666666666665,3,0.002380952380952381,2.570238095238095
100116614,3.0,1,0.0,2.0999999999999996
100116658,5.0,1,0.0,3.5
100116695,3.0,1,0.0,2.0999999999999996
100116707,3.0,1,0.0,2.0999999999999996
100116761,4.0,2,0.0011904761904761906,2.8017857142857143
100116895,5.0,1,0.0,3.5
100116974,3.0,1,0.0,2.0999999999999996
100117001,3.0,1,0.0,2.0999999999999996
100117006,3.0,3,0.002380952380952381,2.103571428571428
100117045,4.0,2,0.0011904761904761906,2.8017857142857143
100117052,5.0,1,0.0,3.5
100117113,5.0,1,0.0,3.5
100117174,4.333333333333333,3,0.002380952380952381,3.0369047619047613
100117217,3.6666666666666665,3,0.002380952380952381,2.570238095238095
100117267,4.0,4,0.0035714285714285718,2.805357142857143
100117402,5.0,1,0.0,3.5
100117880,4.428571428571429,7,0.007142857142857144,3.1107142857142858
100117907,4.294117647058823,17,0.01904761904761905,3.0344537815126045
100117966,3.0,1,0.0,2.0999999999999996
100118021,4.5,4,0.0035714285714285718,3.155357142857143
100118024,5.0,3,0.002380952380952381,3.5035714285714286
100118119,5.0,1,0.0,3.5
100118143,3.0,1,0.0,2.0999999999999996
100118220,3.0,1,0.0,2.0999999999999996
100118222,3.6666666666666665,3,0.002380952380952381,2.570238095238095
100118273,5.0,1,0.0,3.5
100118295,5.0,1,0.0,3.5
100118423,3.0,1,0.0,2.0999999999999996
100118455,5.0,1,0.0,3.5
100118465,3.0,3,0.002380952380952381,2.103571428571428
100118473,5.0,1,0.0,3.5
100118845,4.5,4,0.0035714285714285718,3.155357142857143
100118864,3.8,5,0.004761904761904762,2.667142857142857
100119107,5.0,2,0.0011904761904761906,3.5017857142857145
100119170,3.0,2,0.0011904761904761906,2.101785714285714
100119199,5.0,2,0.0011904761904761906,3.5017857142857145
100119201,3.0,1,0.0,2.0999999999999996
100119208,4.0,2,0.0011904761904761906,2.8017857142857143
100119223,4.5,8,0.008333333333333335,3.1625
100119255,5.0,1,0.0,3.5
100119272,4.333333333333333,9,0.009523809523809525,3.047619047619047
100119289,4.333333333333333,6,0.005952380952380953,3.0422619047619044
100119293,4.333333333333333,3,0.002380952380952381,3.0369047619047613
100119304,4.333333333333333,6,0.005952380952380953,3.0422619047619044
100119312,5.0,2,0.0011904761904761906,3.5017857142857145
100119343,4.466666666666667,15,0.01666666666666667,3.1516666666666664
100119349,4.285714285714286,14,0.01547619047619048,3.0232142857142854
100119370,4.461538461538462,26,0.029761904761904764,3.1677197802197803
100119386,4.619047619047619,63,0.07380952380952382,3.3440476190476187
100119397,3.0,2,0.0011904761904761906,2.101785714285714
100119399,4.0,4,0.0035714285714285718,2.805357142857143
100119407,4.0,2,0.0011904761904761906,2.8017857142857143
100119458,5.0,1,0.0,3.5
100119560,3.0,2,0.0011904761904761906,2.101785714285714
100119567,3.0,1,0.0,2.0999999999999996
100119596,3.0,2,0.0011904761904761906,2.101785714285714
100119633,4.333333333333333,3,0.002380952380952381,3.0369047619047613
100120210,3.0,1,0.0,2.0999999999999996
100120340,3.909090909090909,11,0.011904761904761908,2.754220779220779
100120354,5.0,7,0.007142857142857144,3.5107142857142857
100120410,4.5,4,0.0035714285714285718,3.155357142857143
100120419,4.714285714285714,14,0.01547619047619048,3.3232142857142857
100120426,4.733333333333333,15,0.01666666666666667,3.338333333333333
100120437,4.186046511627907,86,0.1011904761904762,3.082018272425249
100120527,4.333333333333333,3,0.002380952380952381,3.0369047619047613
100120658,5.0,3,0.002380952380952381,3.5035714285714286
100120775,3.0,1,0.0,2.0999999999999996
100121007,5.0,1,0.0,3.5
100121495,3.0,1,0.0,2.0999999999999996
100121638,5.0,1,0.0,3.5
100122101,4.6,5,0.004761904761904762,3.227142857142857
100122152,4.0,2,0.0011904761904761906,2.8017857142857143
100122168,4.333333333333333,3,0.002380952380952381,3.0369047619047613
100122171,3.0,1,0.0,2.0999999999999996
100122669,4.333333333333333,3,0.002380952380952381,3.0369047619047613
100123072,4.0,2,0.0011904761904761906,2.8017857142857143
100123073,3.6666666666666665,3,0.002380952380952381,2.570238095238095
100123096,3.0,1,0.0,2.0999999999999996
100123455,3.0,3,0.002380952380952381,2.103571428571428
100123546,3.0,2,0.0011904761904761906,2.101785714285714
100123548,4.0,2,0.0011904761904761906,2.8017857142857143
100123549,3.0,1,0.0,2.0999999999999996
100123569,5.0,1,0.0,3.5
100123713,4.0,6,0.005952380952380953,2.8089285714285714
100123730,4.0,4,0.0035714285714285718,2.805357142857143
100124058,3.6666666666666665,3,0.002380952380952381,2.570238095238095
100124187,4.0,4,0.0035714285714285718,2.805357142857143
100124318,4.0,2,0.0011904761904761906,2.8017857142857143
100124326,4.0,2,0.0011904761904761906,2.8017857142857143
100124334,5.0,1,0.0,3.5
100124345,4.0,4,0.0035714285714285718,2.805357142857143
100124355,3.0,1,0.0,2.0999999999999996
100124517,4.0,2,0.0011904761904761906,2.8017857142857143
100124593,3.5714285714285716,7,0.007142857142857144,2.5107142857142857
100124708,5.0,1,0.0,3.5
100124717,5.0,3,0.002380952380952381,3.5035714285714286
100124828,3.0,1,0.0,2.0999999999999996
100124855,3.0,2,0.0011904761904761906,2.101785714285714
100124865,4.5,4,0.0035714285714285718,3.155357142857143
100124923,4.428571428571429,7,0.007142857142857144,3.1107142857142858
100125136,3.0,1,0.0,2.0999999999999996
100125190,4.0,2,0.0011904761904761906,2.8017857142857143
100125462,4.0,2,0.0011904761904761906,2.8017857142857143
100125464,4.0,2,0.0011904761904761906,2.8017857142857143
100125466,4.0,2,0.0011904761904761906,2.8017857142857143
100125467,3.6666666666666665,3,0.002380952380952381,2.570238095238095
100125468,5.0,2,0.0011904761904761906,3.5017857142857145
100125480,3.5,4,0.0035714285714285718,2.455357142857143
100125515,3.0,1,0.0,2.0999999999999996
100125595,3.6666666666666665,3,0.002380952380952381,2.570238095238095
100125664,5.0,1,0.0,3.5
100125839,5.0,2,0.0011904761904761906,3.5017857142857145
100125927,5.0,1,0.0,3.5
100125988,4.0588235294117645,17,0.01904761904761905,2.8697478991596634
100125990,3.0,1,0.0,2.0999999999999996
100126101,3.0,2,0.0011904761904761906,2.101785714285714
100126859,3.0,1,0.0,2.0999999999999996
100126890,5.0,1,0.0,3.5
100126928,5.0,1,0.0,3.5
100126951,3.0,1,0.0,2.0999999999999996
100127090,5.0,1,0.0,3.5
100127092,5.0,1,0.0,3.5
100127370,3.0,1,0.0,2.0999999999999996
100127376,5.0,1,0.0,3.5
100127377,5.0,1,0.0,3.5
100127378,4.6,5,0.004761904761904762,3.227142857142857
100127383,5.0,1,0.0,3.5
100127384,5.0,1,0.0,3.5
100127439,5.0,2,0.0011904761904761906,3.5017857142857145
100127528,3.0,1,0.0,2.0999999999999996
100127538,4.25,8,0.008333333333333335,2.9875
100127579,4.0,2,0.0011904761904761906,2.8017857142857143
100127580,4.2,5,0.004761904761904762,2.947142857142857
100127601,5.0,2,0.0011904761904761906,3.5017857142857145
100127603,3.0,1,0.0,2.0999999999999996
100127607,4.0,2,0.0011904761904761906,2.8017857142857143
100127758,4.5,4,0.0035714285714285718,3.155357142857143
100127869,5.0,1,0.0,3.5
100127911,5.0,3,0.002380952380952381,3.5035714285714286
100127942,4.0,2,0.0011904761904761906,2.8017857142857143
100127946,4.333333333333333,3,0.002380952380952381,3.0369047619047613
100128480,3.0,1,0.0,2.0999999999999996
100128540,3.3333333333333335,6,0.005952380952380953,2.342261904761905
100128586,5.0,1,0.0,3.5
100128598,5.0,1,0.0,3.5
100128725,4.0,2,0.0011904761904761906,2.8017857142857143
100128815,5.0,1,0.0,3.5
100129218,4.0,2,0.0011904761904761906,2.8017857142857143
100129227,5.0,2,0.0011904761904761906,3.5017857142857145
100129348,5.0,1,0.0,3.5
100129611,3.8,5,0.004761904761904762,2.667142857142857
100129630,5.0,2,0.0011904761904761906,3.5017857142857145
100129652,5.0,1,0.0,3.5
100129677,5.0,2,0.0011904761904761906,3.5017857142857145
100129798,3.909090909090909,22,0.025000000000000005,2.7738636363636364
100129813,4.0,2,0.0011904761904761906,2.8017857142857143
100129901,4.0,2,0.0011904761904761906,2.8017857142857143
100129923,3.0,1,0.0,2.0999999999999996
100130014,3.0,1,0.0,2.0999999999999996
100130028,4.0,2,0.0011904761904761906,2.8017857142857143
100130035,5.0,1,0.0,3.5
100130041,4.0,2,0.0011904761904761906,2.8017857142857143
100130095,3.6,20,0.022619047619047622,2.5539285714285715
100130199,4.0,2,0.0011904761904761906,2.8017857142857143
100130353,4.142857142857143,7,0.007142857142857144,2.9107142857142856
100130366,3.0,1,0.0,2.0999999999999996
100130772,5.0,1,0.0,3.5
100130787,5.0,1,0.0,3.5
100130892,5.0,2,0.0011904761904761906,3.5017857142857145
100130896,5.0,1,0.0,3.5
100130925,4.0,2,0.0011904761904761906,2.8017857142857143
100131179,3.5714285714285716,7,0.007142857142857144,2.5107142857142857
100131239,3.0,1,0.0,2.0999999999999996
100131285,3.0,2,0.0011904761904761906,2.101785714285714
100131372,3.0,1,0.0,2.0999999999999996
100131391,5.0,2,0.0011904761904761906,3.5017857142857145
100131396,5.0,1,0.0,3.5
100131415,3.0,1,0.0,2.0999999999999996
100131416,5.0,2,0.0011904761904761906,3.5017857142857145
100131550,3.0,2,0.0011904761904761906,2.101785714285714
100131853,5.0,1,0.0,3.5
100131881,4.0,2,0.0011904761904761906,2.8017857142857143
100132075,3.5,16,0.01785714285714286,2.476785714285714
100132093,5.0,1,0.0,3.5
100132144,5.0,3,0.002380952380952381,3.5035714285714286
100132150,3.0,1,0.0,2.0999999999999996
100132156,4.0,2,0.0011904761904761906,2.8017857142857143
100132162,3.0,1,0.0,2.0999999999999996
100132174,4.230769230769231,13,0.014285714285714287,2.9829670329670326
100132191,4.0,4,0.0035714285714285718,2.805357142857143
100132246,3.6666666666666665,3,0.002380952380952381,2.570238095238095
100132331,4.0,2,0.0011904761904761906,2.8017857142857143
100132332,5.0,1,0.0,3.5
100132334,4.0,2,0.0011904761904761906,2.8017857142857143
100132447,4.428571428571429,7,0.007142857142857144,3.1107142857142858
100132451,4.0,2,0.0011904761904761906,2.8017857142857143
100132688,5.0,1,0.0,3.5
100132689,4.333333333333333,3,0.002380952380952381,3.0369047619047613
100132692,4.0,4,0.0035714285714285718,2.805357142857143
100132708,3.8,5,0.004761904761904762,2.667142857142857
100132978,3.0,1,0.0,2.0999999999999996
100132982,5.0,2,0.0011904761904761906,3.5017857142857145
100132983,3.0,1,0.0,2.0999999999999996
100133514,4.444444444444445,18,0.02023809523809524,3.141468253968254
100133655,3.0,1,0.0,2.0999999999999996
100133660,3.8,10,0.010714285714285714,2.6760714285714284
100133662,3.0,1,0.0,2.0999999999999996
100133664,4.666666666666667,6,0.005952380952380953,3.2755952380952382
100133665,4.0,14,0.01547619047619048,2.8232142857142857
100133666,4.2,5,0.004761904761904762,2.947142857142857
100133667,3.0,1,0.0,2.0999999999999996
100133669,4.0,2,0.0011904761904761906,2.8017857142857143
100133675,3.0,1,0.0,2.0999999999999996
100133696,3.6666666666666665,3,0.002380952380952381,2.570238095238095
100133913,4.333333333333333,3,0.002380952380952381,3.0369047619047613
100134021,3.857142857142857,7,0.007142857142857144,2.7107142857142854
100134093,5.0,1,0.0,3.5
100134165,4.333333333333333,3,0.002380952380952381,3.0369047619047613
100134169,4.0,2,0.0011904761904761906,2.8017857142857143
100134246,3.6666666666666665,3,0.002380952380952381,2.570238095238095
100134378,4.6,5,0.004761904761904762,3.227142857142857
100134407,3.0,1,0.0,2.0999999999999996
100134500,3.0,2,0.0011904761904761906,2.101785714285714
100134512,5.0,1,0.0,3.5
100134895,3.0,1,0.0,2.0999999999999996
100135033,3.6666666666666665,3,0.002380952380952381,2.570238095238095
100135158,4.0,4,0.0035714285714285718,2.805357142857143
100135166,4.0,2,0.0011904761904761906,2.8017857142857143
100135456,3.0,1,0.0,2.0999999999999996
100135511,4.294117647058823,34,0.039285714285714285,3.0648109243697474
100135709,4.0,2,0.0011904761904761906,2.8017857142857143
100135738,3.4,5,0.004761904761904762,2.387142857142857
100135796,4.0,8,0.008333333333333335,2.8125
100135824,5.0,3,0.002380952380952381,3.5035714285714286
100135832,5.0,3,0.002380952380952381,3.5035714285714286
100135934,4.2,5,0.004761904761904762,2.947142857142857
100136003,5.0,1,0.0,3.5
100136005,5.0,1,0.0,3.5
100136009,3.0,1,0.0,2.0999999999999996
100136027,5.0,3,0.002380952380952381,3.5035714285714286
100136030,4.0,2,0.0011904761904761906,2.8017857142857143
100136304,5.0,1,0.0,3.5
100136543,3.0,3,0.002380952380952381,2.103571428571428
100136570,3.0,2,0.0011904761904761906,2.101785714285714
100136623,4.0,2,0.0011904761904761906,2.8017857142857143
100136696,5.0,1,0.0,3.5
100136883,5.0,1,0.0,3.5
100137100,3.0,2,0.0011904761904761906,2.101785714285714
100137421,4.0,2,0.0011904761904761906,2.8017857142857143
100137562,5.0,1,0.0,3.5
100137860,3.6666666666666665,3,0.002380952380952381,2.570238095238095
100137997,4.5,4,0.0035714285714285718,3.155357142857143
100138096,3.0,1,0.0,2.0999999999999996
100138098,3.0,2,0.0011904761904761906,2.101785714285714
100138099,4.0,2,0.0011904761904761906,2.8017857142857143
100138149,5.0,1,0.0,3.5
100138162,4.0,2,0.0011904761904761906,2.8017857142857143
100138169,3.6666666666666665,6,0.005952380952380953,2.575595238095238
100138214,4.0,2,0.0011904761904761906,2.8017857142857143
100138384,5.0,1,0.0,3.5
100138448,5.0,2,0.0011904761904761906,3.5017857142857145
100138833,4.0,4,0.0035714285714285718,2.805357142857143
100139087,5.0,2,0.0011904761904761906,3.5017857142857145
100139131,3.0,2,0.0011904761904761906,2.101785714285714
100139294,3.0,1,0.0,2.0999999999999996
100139685,3.888888888888889,9,0.009523809523809525,2.736507936507936
100139839,4.333333333333333,3,0.002380952380952381,3.0369047619047613
100139955,3.0,1,0.0,2.0999999999999996
100139966,3.0,1,0.0,2.0999999999999996
100140140,3.8,5,0.004761904761904762,2.667142857142857
100140866,5.0,1,0.0,3.5
100140976,3.0,2,0.0011904761904761906,2.101785714285714
100141240,3.0,2,0.0011904761904761906,2.101785714285714
100141304,5.0,1,0.0,3.5
100141789,5.0,1,0.0,3.5
100141792,3.0,1,0.0,2.0999999999999996
100141800,3.0,2,0.0011904761904761906,2.101785714285714
100141833,5.0,3,0.002380952380952381,3.5035714285714286
100142075,4.0,2,0.0011904761904761906,2.8017857142857143
100142323,5.0,1,0.0,3.5
100142404,4.0,2,0.0011904761904761906,2.8017857142857143
100142467,3.0,1,0.0,2.0999999999999996
100142626,3.0,1,0.0,2.0999999999999996
100142646,3.0,1,0.0,2.0999999999999996
100142665,3.0,1,0.0,2.0999999999999996
100142791,4.0,2,0.0011904761904761906,2.8017857142857143
100142936,3.6666666666666665,9,0.009523809523809525,2.5809523809523807
100142939,5.0,1,0.0,3.5
100142959,3.0,2,0.0011904761904761906,2.101785714285714
100143455,5.0,1,0.0,3.5
100143467,3.0,1,0.0,2.0999999999999996
100143495,4.333333333333333,6,0.005952380952380953,3.0422619047619044
100143590,5.0,3,0.002380952380952381,3.5035714285714286
100143628,4.176470588235294,34,0.039285714285714285,2.982457983193277
100143638,4.2592592592592595,81,0.09523809523809525,3.124338624338624
100143893,4.0,4,0.0035714285714285718,2.805357142857143
100143934,3.6666666666666665,3,0.002380952380952381,2.570238095238095
100144003,4.333333333333333,3,0.002380952380952381,3.0369047619047613
100144036,4.0,2,0.0011904761904761906,2.8017857142857143
100144086,5.0,1,0.0,3.5
100144268,4.666666666666667,6,0.005952380952380953,3.2755952380952382
100144389,4.0,2,0.0011904761904761906,2.8017857142857143
100144393,5.0,3,0.002380952380952381,3.5035714285714286
100144422,4.0,2,0.0011904761904761906,2.8017857142857143
100144427,4.5,4,0.0035714285714285718,3.155357142857143
100144621,4.0,2,0.0011904761904761906,2.8017857142857143
100144656,5.0,3,0.002380952380952381,3.5035714285714286
100144985,5.0,1,0.0,3.5
100145290,3.0,1,0.0,2.0999999999999996
100145296,3.0,1,0.0,2.0999999999999996
100145366,3.0,3,0.002380952380952381,2.103571428571428
100145389,3.0,1,0.0,2.0999999999999996
100145451,5.0,1,0.0,3.5
100145572,4.0,2,0.0011904761904761906,2.8017857142857143
100145613,4.5,4,0.0035714285714285718,3.155357142857143
100145615,3.0,2,0.0011904761904761906,2.101785714285714
100145876,5.0,1,0.0,3.5
100145921,5.0,1,0.0,3.5
100145937,3.0,2,0.0011904761904761906,2.101785714285714
100146030,4.25,24,0.027380952380952384,3.0160714285714283
100146067,4.5,4,0.0035714285714285718,3.155357142857143
100146127,5.0,3,0.002380952380952381,3.5035714285714286
100146193,5.0,2,0.0011904761904761906,3.5017857142857145
100146203,5.0,1,0.0,3.5
100146214,5.0,1,0.0,3.5
100146257,3.0,2,0.0011904761904761906,2.101785714285714
100146271,5.0,1,0.0,3.5
100146273,3.0,2,0.0011904761904761906,2.101785714285714
100146277,4.0,2,0.0011904761904761906,2.8017857142857143
100146286,4.5,4,0.0035714285714285718,3.155357142857143
100146293,3.0,1,0.0,2.0999999999999996
100146296,5.0,1,0.0,3.5
100146321,3.0,1,0.0,2.0999999999999996
100146378,5.0,1,0.0,3.5
100146390,3.0,2,0.0011904761904761906,2.101785714285714
100146394,3.0,1,0.0,2.0999999999999996
100146402,5.0,2,0.0011904761904761906,3.5017857142857145
100146417,5.0,2,0.0011904761904761906,3.5017857142857145
100146420,3.0,2,0.0011904761904761906,2.101785714285714
100146436,3.0,1,0.0,2.0999999999999996
100146437,5.0,1,0.0,3.5
100146447,4.333333333333333,3,0.002380952380952381,3.0369047619047613
100146523,5.0,1,0.0,3.5
100146586,3.6666666666666665,3,0.002380952380952381,2.570238095238095
100146619,3.6666666666666665,3,0.002380952380952381,2.570238095238095
100146646,3.0,2,0.0011904761904761906,2.101785714285714
100146659,5.0,1,0.0,3.5
100146717,3.0,2,0.0011904761904761906,2.101785714285714
100146795,5.0,1,0.0,3.5
100146871,5.0,1,0.0,3.5
100146947,4.647058823529412,17,0.01904761904761905,3.2815126050420167
100146999,5.0,1,0.0,3.5
100147019,5.0,1,0.0,3.5
100147133,3.0,3,0.002380952380952381,2.103571428571428
100147270,5.0,1,0.0,3.5
100147348,5.0,1,0.0,3.5
100147397,5.0,2,0.0011904761904761906,3.5017857142857145
100147412,3.8,5,0.004761904761904762,2.667142857142857
100147636,3.0,1,0.0,2.0999999999999996
100147699,5.0,2,0.0011904761904761906,3.5017857142857145
100147930,5.0,1,0.0,3.5
100148258,5.0,1,0.0,3.5
100148350,5.0,1,0.0,3.5
100148489,3.0,1,0.0,2.0999999999999996
100148496,3.0,1,0.0,2.0999999999999996
100148503,3.0,1,0.0,2.0999999999999996
100148536,4.0,2,0.0011904761904761906,2.8017857142857143
100148538,5.0,1,0.0,3.5
100148659,5.0,1,0.0,3.5
100148665,3.0,2,0.0011904761904761906,2.101785714285714
100148686,3.0,1,0.0,2.0999999999999996
100148718,3.0,5,0.004761904761904762,2.1071428571428568
100148723,3.25,8,0.008333333333333335,2.2875
100148773,4.0,2,0.0011904761904761906,2.8017857142857143
100148815,5.0,2,0.0011904761904761906,3.5017857142857145
100148821,3.0,2,0.0011904761904761906,2.101785714285714
100148850,4.111111111111111,9,0.009523809523809525,2.8920634920634916
100148853,4.714285714285714,7,0.007142857142857144,3.3107142857142855
100148858,4.25,8,0.008333333333333335,2.9875
100148861,4.631578947368421,38,0.04404761904761905,3.308176691729323
100148863,5.0,1,0.0,3.5
100148873,5.0,5,0.004761904761904762,3.507142857142857
100148877,3.0,1,0.0,2.0999999999999996
100148883,4.4,10,0.010714285714285714,3.096071428571429
100148885,4.333333333333333,3,0.002380952380952381,3.0369047619047613
100148915,5.0,1,0.0,3.5
100148931,5.0,2,0.0011904761904761906,3.5017857142857145
100148945,3.4,5,0.004761904761904762,2.387142857142857
100149268,5.0,3,0.002380952380952381,3.5035714285714286
100149399,3.0,1,0.0,2.0999999999999996
100149484,5.0,2,0.0011904761904761906,3.5017857142857145
100149485,3.0,1,0.0,2.0999999999999996
100149552,4.333333333333333,9,0.009523809523809525,3.047619047619047
100149558,3.0,2,0.0011904761904761906,2.101785714285714
100149561,5.0,1,0.0,3.5
100149566,4.636363636363637,11,0.011904761904761908,3.2633116883116884
100149719,5.0,1,0.0,3.5
100149740,4.333333333333333,3,0.002380952380952381,3.0369047619047613
100149803,5.0,1,0.0,3.5
100149948,5.0,1,0.0,3.5
100149950,4.0,2,0.0011904761904761906,2.8017857142857143
100150178,3.0,1,0.0,2.0999999999999996
100150294,4.333333333333333,3,0.002380952380952381,3.0369047619047613
100150296,3.6666666666666665,3,0.002380952380952381,2.570238095238095
100150515,4.0,2,0.0011904761904761906,2.8017857142857143
100150529,3.0,1,0.0,2.0999999999999996
100150554,4.0,2,0.0011904761904761906,2.8017857142857143
100150741,5.0,1,0.0,3.5
100151642,5.0,1,0.0,3.5
100151792,3.0,1,0.0,2.0999999999999996
100151801,5.0,1,0.0,3.5
100151843,3.0,1,0.0,2.0999999999999996
100152012,3.5,12,0.013095238095238097,2.469642857142857
100152247,4.5,4,0.0035714285714285718,3.155357142857143
100152370,4.333333333333333,3,0.002380952380952381,3.0369047619047613
100152688,5.0,2,0.0011904761904761906,3.5017857142857145
100152805,3.0,2,0.0011904761904761906,2.101785714285714
100152816,3.0,2,0.0011904761904761906,2.101785714285714
100152873,3.0,3,0.002380952380952381,2.103571428571428
100152892,5.0,1,0.0,3.5
100152900,5.0,2,0.0011904761904761906,3.5017857142857145
100152910,5.0,1,0.0,3.5
100152932,3.6666666666666665,9,0.009523809523809525,2.5809523809523807
100152942,3.5,4,0.0035714285714285718,2.455357142857143
100153092,4.0,2,0.0011904761904761906,2.8017857142857143
100153120,3.0,1,0.0,2.0999999999999996
100153209,4.333333333333333,3,0.002380952380952381,3.0369047619047613
100153395,4.0,2,0.0011904761904761906,2.8017857142857143
100153420,5.0,1,0.0,3.5
100153480,4.0,2,0.0011904761904761906,2.8017857142857143
100153645,3.0,1,0.0,2.0999999999999996
100153882,5.0,1,0.0,3.5
100153929,3.0,3,0.002380952380952381,2.103571428571428
100154001,5.0,2,0.0011904761904761906,3.5017857142857145
100154083,4.066666666666666,15,0.01666666666666667,2.871666666666666
100154210,4.0,4,0.0035714285714285718,2.805357142857143
100154262,3.0,1,0.0,2.0999999999999996
100154268,4.428571428571429,7,0.007142857142857144,3.1107142857142858
100154350,5.0,1,0.0,3.5
100154759,5.0,1,0.0,3.5
100154788,3.6666666666666665,3,0.002380952380952381,2.570238095238095
100154789,3.0,1,0.0,2.0999999999999996
100154882,4.6,5,0.004761904761904762,3.227142857142857
100154909,5.0,1,0.0,3.5
100154918,3.0,1,0.0,2.0999999999999996
100154968,4.6,5,0.004761904761904762,3.227142857142857
100154970,5.0,2,0.0011904761904761906,3.5017857142857145
100154979,3.5,4,0.0035714285714285718,2.455357142857143
100154984,5.0,1,0.0,3.5
100155354,3.0,3,0.002380952380952381,2.103571428571428
100155533,4.0,2,0.0011904761904761906,2.8017857142857143
100155968,5.0,1,0.0,3.5
100155970,4.0,2,0.0011904761904761906,2.8017857142857143
100155976,5.0,1,0.0,3.5
100156226,5.0,1,0.0,3.5
100156302,3.8,5,0.004761904761904762,2.667142857142857
100156326,3.0,2,0.0011904761904761906,2.101785714285714
100156455,4.0,2,0.0011904761904761906,2.8017857142857143
100156584,3.0,1,0.0,2.0999999999999996
100156610,3.0,1,0.0,2.0999999999999996
100156635,5.0,1,0.0,3.5
100156917,3.0,2,0.0011904761904761906,2.101785714285714
100156983,4.0,2,0.0011904761904761906,2.8017857142857143
100157019,3.6666666666666665,3,0.002380952380952381,2.570238095238095
100157084,5.0,1,0.0,3.5
100157161,5.0,1,0.0,3.5
100157279,4.0,2,0.0011904761904761906,2.8017857142857143
100157293,3.0,1,0.0,2.0999999999999996
100157332,4.0,2,0.0011904761904761906,2.8017857142857143
100157337,5.0,2,0.0011904761904761906,3.5017857142857145
100157347,4.0,2,0.0011904761904761906,2.8017857142857143
100157354,4.0,2,0.0011904761904761906,2.8017857142857143
100157373,5.0,2,0.0011904761904761906,3.5017857142857145
100157393,3.0,1,0.0,2.0999999999999996
100157453,3.5,4,0.0035714285714285718,2.455357142857143
100157521,3.0,3,0.002380952380952381,2.103571428571428
100157642,5.0,1,0.0,3.5
100157697,3.0,2,0.0011904761904761906,2.101785714285714
100157718,3.0,1,0.0,2.0999999999999996
100157732,5.0,1,0.0,3.5
100157772,5.0,1,0.0,3.5
100157787,4.2,5,0.004761904761904762,2.947142857142857
100157792,5.0,1,0.0,3.5
100157808,3.6666666666666665,3,0.002380952380952381,2.570238095238095
100157824,3.6666666666666665,3,0.002380952380952381,2.570238095238095
100157917,3.5,4,0.0035714285714285718,2.455357142857143
100157939,5.0,1,0.0,3.5
100157973,3.0,1,0.0,2.0999999999999996
100158079,3.0,2,0.0011904761904761906,2.101785714285714
100158143,3.75,8,0.008333333333333335,2.6375
100158149,5.0,1,0.0,3.5
100158161,5.0,1,0.0,3.5
100158251,5.0,1,0.0,3.5
100158632,5.0,1,0.0,3.5
100158762,3.0,1,0.0,2.0999999999999996
100158821,3.6666666666666665,3,0.002380952380952381,2.570238095238095
100158823,4.0,4,0.0035714285714285718,2.805357142857143
100158830,4.333333333333333,3,0.002380952380952381,3.0369047619047613
100159055,3.0,1,0.0,2.0999999999999996
100159066,3.0,1,0.0,2.0999999999999996
100159202,3.0,2,0.0011904761904761906,2.101785714285714
100159300,3.6666666666666665,3,0.002380952380952381,2.570238095238095
100159371,3.0,1,0.0,2.0999999999999996
100159588,4.0,2,0.0011904761904761906,2.8017857142857143
100159618,4.0,2,0.0011904761904761906,2.8017857142857143
100159691,5.0,1,0.0,3.5
100159822,5.0,1,0.0,3.5
100159911,5.0,1,0.0,3.5
100160003,3.6666666666666665,3,0.002380952380952381,2.570238095238095
100160041,5.0,1,0.0,3.5
100160074,5.0,1,0.0,3.5
100160076,3.0,1,0.0,2.0999999999999996
100160088,3.0,1,0.0,2.0999999999999996
100160104,3.0,1,0.0,2.0999999999999996
100160105,5.0,1,0.0,3.5
100160106,5.0,1,0.0,3.5
100160126,3.0,1,0.0,2.0999999999999996
100160144,5.0,1,0.0,3.5
100160149,3.0,3,0.002380952380952381,2.103571428571428
100160174,4.333333333333333,3,0.002380952380952381,3.0369047619047613
100160344,4.0,10,0.010714285714285714,2.8160714285714286
100160382,5.0,1,0.0,3.5
100160392,5.0,1,0.0,3.5
100160533,5.0,1,0.0,3.5
100160706,5.0,1,0.0,3.5
100160724,3.0,1,0.0,2.0999999999999996
100160755,4.0,2,0.0011904761904761906,2.8017857142857143
100160809,3.0,1,0.0,2.0999999999999996
100160820,5.0,2,0.0011904761904761906,3.5017857142857145
100160873,5.0,1,0.0,3.5
100160917,5.0,1,0.0,3.5
100160945,3.0,1,0.0,2.0999999999999996
100160952,5.0,1,0.0,3.5
100160979,3.0,1,0.0,2.0999999999999996
100160985,3.0,1,0.0,2.0999999999999996
100160998,5.0,2,0.0011904761904761906,3.5017857142857145
100161065,5.0,1,0.0,3.5
100161079,3.0,1,0.0,2.0999999999999996
100161081,3.0,1,0.0,2.0999999999999996
100161355,3.0,1,0.0,2.0999999999999996
100161383,3.0,2,0.0011904761904761906,2.101785714285714
100161492,3.0,2,0.0011904761904761906,2.101785714285714
100161875,5.0,1,0.0,3.5
100162501,5.0,1,0.0,3.5
100162573,5.0,3,0.002380952380952381,3.5035714285714286
100162584,5.0,3,0.002380952380952381,3.5035714285714286
100162602,5.0,2,0.0011904761904761906,3.5017857142857145
100162616,3.0,1,0.0,2.0999999999999996
100162622,3.0,2,0.0011904761904761906,2.101785714285714
100162628,4.0,2,0.0011904761904761906,2.8017857142857143
100162649,4.333333333333333,3,0.002380952380952381,3.0369047619047613
100162655,5.0,1,0.0,3.5
100162679,3.0,1,0.0,2.0999999999999996
100162713,3.0,1,0.0,2.0999999999999996
100162726,3.0,4,0.0035714285714285718,2.1053571428571427
100162765,3.0,1,0.0,2.0999999999999996
100162808,5.0,2,0.0011904761904761906,3.5017857142857145
100163599,5.0,2,0.0011904761904761906,3.5017857142857145
100164087,3.0,2,0.0011904761904761906,2.101785714285714
100164148,5.0,2,0.0011904761904761906,3.5017857142857145
100164816,5.0,1,0.0,3.5
100164953,5.0,4,0.0035714285714285718,3.505357142857143
100164954,5.0,2,0.0011904761904761906,3.5017857142857145
100165034,5.0,1,0.0,3.5
100165248,5.0,2,0.0011904761904761906,3.5017857142857145
100165284,5.0,1,0.0,3.5
100165356,5.0,1,0.0,3.5
100165368,5.0,1,0.0,3.5
100165595,3.0,2,0.0011904761904761906,2.101785714285714
100165720,5.0,1,0.0,3.5
100165780,3.0,1,0.0,2.0999999999999996
100165867,4.0,4,0.0035714285714285718,2.805357142857143
100165878,5.0,1,0.0,3.5
100165943,3.0,1,0.0,2.0999999999999996
100165950,5.0,1,0.0,3.5
100166049,3.0,1,0.0,2.0999999999999996
100166091,3.0,2,0.0011904761904761906,2.101785714285714
100166105,5.0,1,0.0,3.5
100166194,5.0,2,0.0011904761904761906,3.5017857142857145
100166362,5.0,1,0.0,3.5
100166473,3.0,1,0.0,2.0999999999999996
100166475,5.0,1,0.0,3.5
100166485,5.0,4,0.0035714285714285718,3.505357142857143
100166493,5.0,1,0.0,3.5
100166494,4.0,2,0.0011904761904761906,2.8017857142857143
100166499,4.333333333333333,3,0.002380952380952381,3.0369047619047613
100166584,5.0,2,0.0011904761904761906,3.5017857142857145
100166622,3.0,1,0.0,2.0999999999999996
100166633,3.0,1,0.0,2.0999999999999996
100166652,5.0,1,0.0,3.5
100166663,5.0,3,0.002380952380952381,3.5035714285714286
100166908,5.0,1,0.0,3.5
100167137,3.0,1,0.0,2.0999999999999996
100167207,5.0,1,0.0,3.5
100167352,5.0,1,0.0,3.5
100167684,5.0,1,0.0,3.5
100167747,3.5,4,0.0035714285714285718,2.455357142857143
100167749,4.333333333333333,3,0.002380952380952381,3.0369047619047613
100167775,3.0,1,0.0,2.0999999999999996
100167823,5.0,1,0.0,3.5
100167870,5.0,1,0.0,3.5
100167871,4.0,2,0.0011904761904761906,2.8017857142857143
100167914,5.0,1,0.0,3.5
100167954,3.0,1,0.0,2.0999999999999996
100168123,4.0,4,0.0035714285714285718,2.805357142857143
100168129,4.0,2,0.0011904761904761906,2.8017857142857143
100168179,4.0,2,0.0011904761904761906,2.8017857142857143
100168255,3.0,1,0.0,2.0999999999999996
100168262,3.0,1,0.0,2.0999999999999996
100168381,3.5,4,0.0035714285714285718,2.455357142857143
100168408,3.0,1,0.0,2.0999999999999996
100168427,3.0,1,0.0,2.0999999999999996
100168607,4.0,2,0.0011904761904761906,2.8017857142857143
100168764,4.6,5,0.004761904761904762,3.227142857142857
100168840,5.0,2,0.0011904761904761906,3.5017857142857145
100168956,3.0,2,0.0011904761904761906,2.101785714285714
100168968,5.0,2,0.0011904761904761906,3.5017857142857145
100168974,4.0,2,0.0011904761904761906,2.8017857142857143
100169028,5.0,1,0.0,3.5
100169354,4.333333333333333,3,0.002380952380952381,3.0369047619047613
100169355,3.6666666666666665,3,0.002380952380952381,2.570238095238095
100169374,4.0,2,0.0011904761904761906,2.8017857142857143
100169496,3.0,2,0.0011904761904761906,2.101785714285714
100169514,4.0,2,0.0011904761904761906,2.8017857142857143
100169519,5.0,2,0.0011904761904761906,3.5017857142857145
100169525,5.0,1,0.0,3.5
100169548,4.333333333333333,3,0.002380952380952381,3.0369047619047613
100169556,4.0,2,0.0011904761904761906,2.8017857142857143
100169576,3.0,1,0.0,2.0999999999999996
100169581,5.0,2,0.0011904761904761906,3.5017857142857145
100169619,3.0,3,0.002380952380952381,2.103571428571428
100169852,5.0,1,0.0,3.5
100170252,4.0,4,0.0035714285714285718,2.805357142857143
100170303,3.0,1,0.0,2.0999999999999996
100170375,3.6666666666666665,3,0.002380952380952381,2.570238095238095
100170415,3.0,2,0.0011904761904761906,2.101785714285714
100170509,3.0,1,0.0,2.0999999999999996
100170577,4.255813953488372,43,0.05,3.05406976744186
100170612,3.0,1,0.0,2.0999999999999996
100170719,4.0,4,0.0035714285714285718,2.805357142857143
100170743,4.5,4,0.0035714285714285718,3.155357142857143
100170822,3.2857142857142856,7,0.007142857142857144,2.3107142857142855
100170834,4.247058823529412,170,0.20119047619047623,3.2747268907563023
100170897,3.0,2,0.0011904761904761906,2.101785714285714
100171128,3.0,1,0.0,2.0999999999999996
100171146,3.8,5,0.004761904761904762,2.667142857142857
100171422,3.0,2,0.0011904761904761906,2.101785714285714
100171685,5.0,1,0.0,3.5
100171724,4.5,4,0.0035714285714285718,3.155357142857143
100171807,3.888888888888889,9,0.009523809523809525,2.736507936507936
100171842,3.0,1,0.0,2.0999999999999996
100171912,5.0,3,0.002380952380952381,3.5035714285714286
100171914,4.0,2,0.0011904761904761906,2.8017857142857143
100172005,5.0,1,0.0,3.5
100172024,4.0,16,0.01785714285714286,2.8267857142857142
100172029,3.0,2,0.0011904761904761906,2.101785714285714
100172034,4.5,4,0.0035714285714285718,3.155357142857143
100172047,5.0,2,0.0011904761904761906,3.5017857142857145
100172053,3.0,1,0.0,2.0999999999999996
100172098,3.0,1,0.0,2.0999999999999996
100172161,5.0,1,0.0,3.5
100172321,5.0,7,0.007142857142857144,3.5107142857142857
100172520,3.0,3,0.002380952380952381,2.103571428571428
100172610,4.0,2,0.0011904761904761906,2.8017857142857143
100172665,3.0,1,0.0,2.0999999999999996
100172823,4.333333333333333,3,0.002380952380952381,3.0369047619047613
100172824,5.0,1,0.0,3.5
100172825,5.0,1,0.0,3.5
100172843,4.0,2,0.0011904761904761906,2.8017857142857143
100172844,4.0,4,0.0035714285714285718,2.805357142857143
100172994,5.0,1,0.0,3.5
100173008,3.0,1,0.0,2.0999999999999996
100173305,3.0,1,0.0,2.0999999999999996
100173552,3.0,1,0.0,2.0999999999999996
100174231,3.0,1,0.0,2.0999999999999996
100174388,4.0,2,0.0011904761904761906,2.8017857142857143
100174412,3.0,1,0.0,2.0999999999999996
100174584,3.0,1,0.0,2.0999999999999996
100174753,3.5,8,0.008333333333333335,2.4625
100174768,5.0,1,0.0,3.5
100174842,5.0,1,0.0,3.5
100174852,3.0,2,0.0011904761904761906,2.101785714285714
100174854,3.6666666666666665,3,0.002380952380952381,2.570238095238095
100174932,4.333333333333333,3,0.002380952380952381,3.0369047619047613
100175077,3.0,1,0.0,2.0999999999999996
100175249,3.6666666666666665,3,0.002380952380952381,2.570238095238095
100175358,3.0,1,0.0,2.0999999999999996
100175406,4.0,2,0.0011904761904761906,2.8017857142857143
100175738,3.0,1,0.0,2.0999999999999996
100175750,3.0,3,0.002380952380952381,2.103571428571428
100175773,3.0,1,0.0,2.0999999999999996
100175778,3.0,2,0.0011904761904761906,2.101785714285714
100175783,3.0,1,0.0,2.0999999999999996
100175801,3.5,4,0.0035714285714285718,2.455357142857143
100175807,3.0,2,0.0011904761904761906,2.101785714285714
100175812,3.0,1,0.0,2.0999999999999996
100175817,3.0,2,0.0011904761904761906,2.101785714285714
100175820,3.0,2,0.0011904761904761906,2.101785714285714
100175891,3.0,2,0.0011904761904761906,2.101785714285714
100175892,4.714285714285714,7,0.007142857142857144,3.3107142857142855
100175906,3.0,1,0.0,2.0999999999999996
100175911,3.0,2,0.0011904761904761906,2.101785714285714
100175968,3.0,1,0.0,2.0999999999999996
100175998,5.0,1,0.0,3.5
100176216,3.0,1,0.0,2.0999999999999996
100176221,3.0,1,0.0,2.0999999999999996
100176241,3.0,1,0.0,2.0999999999999996
100176260,5.0,3,0.002380952380952381,3.5035714285714286
100176288,5.0,1,0.0,3.5
100176293,3.8,5,0.004761904761904762,2.667142857142857
100176333,4.0,12,0.013095238095238097,2.819642857142857
100176539,5.0,1,0.0,3.5
100176622,5.0,1,0.0,3.5
100176641,5.0,1,0.0,3.5
100176686,3.0,1,0.0,2.0999999999999996
100176791,5.0,1,0.0,3.5
100176938,4.2,5,0.004761904761904762,2.947142857142857
100176939,4.333333333333333,3,0.002380952380952381,3.0369047619047613
100176958,3.0,1,0.0,2.0999999999999996
100176964,4.333333333333333,3,0.002380952380952381,3.0369047619047613
100177089,5.0,1,0.0,3.5
100177165,3.0,1,0.0,2.0999999999999996
100177276,5.0,1,0.0,3.5
100177280,4.0,2,0.0011904761904761906,2.8017857142857143
100177287,4.0,4,0.0035714285714285718,2.805357142857143
100177292,3.5,4,0.0035714285714285718,2.455357142857143
100177304,3.0,2,0.0011904761904761906,2.101785714285714
100177389,3.0,1,0.0,2.0999999999999996
100177526,5.0,2,0.0011904761904761906,3.5017857142857145
100177866,3.6666666666666665,3,0.002380952380952381,2.570238095238095
100178014,5.0,2,0.0011904761904761906,3.5017857142857145
100178118,5.0,1,0.0,3.5
100178322,3.6666666666666665,3,0.002380952380952381,2.570238095238095
100178393,5.0,1,0.0,3.5
100178435,5.0,1,0.0,3.5
100178447,5.0,2,0.0011904761904761906,3.5017857142857145
100178468,5.0,2,0.0011904761904761906,3.5017857142857145
100178714,4.230769230769231,13,0.014285714285714287,2.9829670329670326
100178750,4.0,2,0.0011904761904761906,2.8017857142857143
100178791,4.5,20,0.022619047619047622,3.1839285714285714
100178850,3.6666666666666665,3,0.002380952380952381,2.570238095238095
100178892,3.5,4,0.0035714285714285718,2.455357142857143
100178909,4.0,2,0.0011904761904761906,2.8017857142857143
100178994,3.0,1,0.0,2.0999999999999996
100179006,5.0,1,0.0,3.5
100179322,4.2,5,0.004761904761904762,2.947142857142857
100179761,4.0,2,0.0011904761904761906,2.8017857142857143
100179810,3.0,1,0.0,2.0999999999999996
100179821,3.0,1,0.0,2.0999999999999996
100179955,4.0,2,0.0011904761904761906,2.8017857142857143
100180443,5.0,1,0.0,3.5
100180564,5.0,1,0.0,3.5
100180573,3.857142857142857,7,0.007142857142857144,2.7107142857142854
100180574,3.5,4,0.0035714285714285718,2.455357142857143
100180575,3.5,4,0.0035714285714285718,2.455357142857143
100180578,5.0,2,0.0011904761904761906,3.5017857142857145
100180581,4.0,2,0.0011904761904761906,2.8017857142857143
100180582,3.6666666666666665,6,0.005952380952380953,2.575595238095238
100180583,3.5,8,0.008333333333333335,2.4625
100180601,3.0,1,0.0,2.0999999999999996
100180776,3.0,1,0.0,2.0999999999999996
100180999,3.0,1,0.0,2.0999999999999996
100181332,4.0,2,0.0011904761904761906,2.8017857142857143
100181347,4.6,5,0.004761904761904762,3.227142857142857
100181368,4.333333333333333,3,0.002380952380952381,3.0369047619047613
100181370,3.0,1,0.0,2.0999999999999996
100181390,4.714285714285714,7,0.007142857142857144,3.3107142857142855
100181577,5.0,2,0.0011904761904761906,3.5017857142857145
100181792,5.0,1,0.0,3.5
100181818,4.0,6,0.005952380952380953,2.8089285714285714
100181828,3.6666666666666665,3,0.002380952380952381,2.570238095238095
100181965,4.0,2,0.0011904761904761906,2.8017857142857143
100181993,3.0,2,0.0011904761904761906,2.101785714285714
100182013,3.6666666666666665,3,0.002380952380952381,2.570238095238095
100182060,3.0,2,0.0011904761904761906,2.101785714285714
100182096,5.0,2,0.0011904761904761906,3.5017857142857145
100182114,3.0,1,0.0,2.0999999999999996
100182214,5.0,2,0.0011904761904761906,3.5017857142857145
100182248,4.333333333333333,3,0.002380952380952381,3.0369047619047613
100182289,4.0,4,0.0035714285714285718,2.805357142857143
100182292,3.0,2,0.0011904761904761906,2.101785714285714
100182404,3.0,1,0.0,2.0999999999999996
100182452,4.0,2,0.0011904761904761906,2.8017857142857143
100183181,3.8,5,0.004761904761904762,2.667142857142857
100183424,3.0,1,0.0,2.0999999999999996
100183523,4.0,2,0.0011904761904761906,2.8017857142857143
100183572,4.0,2,0.0011904761904761906,2.8017857142857143
100183810,5.0,1,0.0,3.5
100184194,3.0,1,0.0,2.0999999999999996
100184222,3.0,1,0.0,2.0999999999999996
100184232,5.0,1,0.0,3.5
100184239,5.0,1,0.0,3.5
100184256,5.0,1,0.0,3.5
100184261,3.0,1,0.0,2.0999999999999996
100184265,3.0,1,0.0,2.0999999999999996
100184474,4.0,2,0.0011904761904761906,2.8017857142857143
100184476,4.0,10,0.010714285714285714,2.8160714285714286
100184481,3.6666666666666665,3,0.002380952380952381,2.570238095238095
100184485,3.8,5,0.004761904761904762,2.667142857142857
100184507,4.0,2,0.0011904761904761906,2.8017857142857143
100184557,5.0,1,0.0,3.5
100184596,3.0,1,0.0,2.0999999999999996
100184598,5.0,1,0.0,3.5
100184670,5.0,1,0.0,3.5
100184674,5.0,3,0.002380952380952381,3.5035714285714286
100184762,5.0,1,0.0,3.5
100184766,4.0,2,0.0011904761904761906,2.8017857142857143
100184868,5.0,1,0.0,3.5
100184888,3.0,2,0.0011904761904761906,2.101785714285714
100184898,5.0,2,0.0011904761904761906,3.5017857142857145
100184907,3.0,1,0.0,2.0999999999999996
100184958,3.0,1,0.0,2.0999999999999996
100184976,5.0,2,0.0011904761904761906,3.5017857142857145
100185033,3.0,1,0.0,2.0999999999999996
100185075,3.0,2,0.0011904761904761906,2.101785714285714
100185100,4.0,2,0.0011904761904761906,2.8017857142857143
100185110,3.0,1,0.0,2.0999999999999996
100185179,5.0,1,0.0,3.5
100185337,4.5,8,0.008333333333333335,3.1625
100185378,5.0,1,0.0,3.5
100185401,3.0,1,0.0,2.0999999999999996
100185409,4.2,5,0.004761904761904762,2.947142857142857
100185411,3.0,1,0.0,2.0999999999999996
100185416,3.0,1,0.0,2.0999999999999996
100185499,4.0,2,0.0011904761904761906,2.8017857142857143
100185533,3.0,1,0.0,2.0999999999999996
100185648,5.0,1,0.0,3.5
100185777,3.75,8,0.008333333333333335,2.6375
100185781,5.0,1,0.0,3.5
100185798,5.0,1,0.0,3.5
100185806,4.0,8,0.008333333333333335,2.8125
100185807,4.724137931034483,29,0.03333333333333333,3.356896551724138
100185808,5.0,1,0.0,3.5
100185812,4.357142857142857,28,0.03214285714285715,3.098214285714285
100185816,4.4,30,0.034523809523809526,3.1317857142857144
100185821,4.6,5,0.004761904761904762,3.227142857142857
100185828,4.0,32,0.036904761904761905,2.8553571428571427
100185830,4.2727272727272725,11,0.011904761904761908,3.0087662337662335
100185832,3.9523809523809526,21,0.02380952380952381,2.802380952380952
100185838,4.714285714285714,7,0.007142857142857144,3.3107142857142855
100185841,5.0,14,0.01547619047619048,3.523214285714286
100186183,3.0,1,0.0,2.0999999999999996
100186400,3.0,1,0.0,2.0999999999999996
100186466,4.0,2,0.0011904761904761906,2.8017857142857143
100186642,5.0,3,0.002380952380952381,3.5035714285714286
100186646,5.0,1,0.0,3.5
100186813,3.0,1,0.0,2.0999999999999996
100186817,4.333333333333333,3,0.002380952380952381,3.0369047619047613
100187109,3.0,2,0.0011904761904761906,2.101785714285714
100187110,3.0,1,0.0,2.0999999999999996
100187111,4.0,2,0.0011904761904761906,2.8017857142857143
100187127,5.0,1,0.0,3.5
100187207,4.5,4,0.0035714285714285718,3.155357142857143
100187243,3.6666666666666665,3,0.002380952380952381,2.570238095238095
100187244,4.0,2,0.0011904761904761906,2.8017857142857143
100187249,3.0,1,0.0,2.0999999999999996
100187251,3.0,2,0.0011904761904761906,2.101785714285714
100187330,3.0,1,0.0,2.0999999999999996
100187358,3.0,1,0.0,2.0999999999999996
100187457,3.0,1,0.0,2.0999999999999996
100187706,3.0,1,0.0,2.0999999999999996
100187929,5.0,1,0.0,3.5
100187959,5.0,1,0.0,3.5
100187973,3.0,1,0.0,2.0999999999999996
100187974,3.0,1,0.0,2.0999999999999996
100188019,5.0,2,0.0011904761904761906,3.5017857142857145
100188039,3.0,1,0.0,2.0999999999999996
100188045,4.333333333333333,3,0.002380952380952381,3.0369047619047613
100188058,5.0,1,0.0,3.5
100188073,3.6666666666666665,3,0.002380952380952381,2.570238095238095
100188094,3.0,1,0.0,2.0999999999999996
100188101,5.0,3,0.002380952380952381,3.5035714285714286
100188152,3.0,1,0.0,2.0999999999999996
100188210,3.0,1,0.0,2.0999999999999996
100188224,5.0,1,0.0,3.5
100188503,4.0,2,0.0011904761904761906,2.8017857142857143
100188564,4.0,2,0.0011904761904761906,2.8017857142857143
100188566,3.0,1,0.0,2.0999999999999996
100188609,3.0,1,0.0,2.0999999999999996
100188699,4.333333333333333,3,0.002380952380952381,3.0369047619047613
100188713,3.0,2,0.0011904761904761906,2.101785714285714
100188748,4.333333333333333,6,0.005952380952380953,3.0422619047619044
100188825,5.0,1,0.0,3.5
100189351,4.0,2,0.0011904761904761906,2.8017857142857143
100189380,3.0,2,0.0011904761904761906,2.101785714285714
100189480,3.0,1,0.0,2.0999999999999996
100189485,4.0,8,0.008333333333333335,2.8125
100190352,5.0,1,0.0,3.5
100190377,4.333333333333333,3,0.002380952380952381,3.0369047619047613
100190575,4.413793103448276,58,0.06785714285714287,3.191440886699507
100190652,3.6666666666666665,3,0.002380952380952381,2.570238095238095
100191160,3.0,1,0.0,2.0999999999999996
100191176,5.0,1,0.0,3.5
100191188,4.333333333333333,3,0.002380952380952381,3.0369047619047613
100191554,4.0,4,0.0035714285714285718,2.805357142857143
100191571,5.0,2,0.0011904761904761906,3.5017857142857145
100191699,3.0,1,0.0,2.0999999999999996
100191709,3.6666666666666665,3,0.002380952380952381,2.570238095238095
100191716,3.0,3,0.002380952380952381,2.103571428571428
100191957,3.0,2,0.0011904761904761906,2.101785714285714
100191958,3.0,1,0.0,2.0999999999999996
100191959,5.0,6,0.005952380952380953,3.5089285714285716
100191960,4.5,4,0.0035714285714285718,3.155357142857143
100191961,4.0,2,0.0011904761904761906,2.8017857142857143
100191962,3.6666666666666665,3,0.002380952380952381,2.570238095238095
100191963,4.0,2,0.0011904761904761906,2.8017857142857143
100192425,4.0,2,0.0011904761904761906,2.8017857142857143
100192531,5.0,1,0.0,3.5
100192533,5.0,1,0.0,3.5
100192536,3.0,1,0.0,2.0999999999999996
100192579,4.333333333333333,3,0.002380952380952381,3.0369047619047613
100192587,3.0,2,0.0011904761904761906,2.101785714285714
100192589,3.0,1,0.0,2.0999999999999996
100192851,3.0,1,0.0,2.0999999999999996
100192988,3.0,1,0.0,2.0999999999999996
100193087,3.0,1,0.0,2.0999999999999996
100193167,3.0,1,0.0,2.0999999999999996
100193200,3.0,1,0.0,2.0999999999999996
100193395,5.0,1,0.0,3.5
100193556,3.0,1,0.0,2.0999999999999996
100193571,5.0,3,0.002380952380952381,3.5035714285714286
100193572,5.0,1,0.0,3.5
100193573,5.0,1,0.0,3.5
100193574,3.0,1,0.0,2.0999999999999996
100194130,3.0,3,0.002380952380952381,2.103571428571428
100194506,4.333333333333333,3,0.002380952380952381,3.0369047619047613
100194608,5.0,2,0.0011904761904761906,3.5017857142857145
100195657,5.0,1,0.0,3.5
100195721,5.0,1,0.0,3.5
100196137,5.0,2,0.0011904761904761906,3.5017857142857145
100196374,3.0,1,0.0,2.0999999999999996
100196686,5.0,1,0.0,3.5
100196930,4.0,2,0.0011904761904761906,2.8017857142857143
100197005,5.0,1,0.0,3.5
100197281,3.0,1,0.0,2.0999999999999996
100197318,3.0,1,0.0,2.0999999999999996
100197321,5.0,1,0.0,3.5
100197718,5.0,3,0.002380952380952381,3.5035714285714286
100198556,4.6,5,0.004761904761904762,3.227142857142857
100199541,5.0,1,0.0,3.5
